sep= 
Time [s]	R1_m5 [ng/cm^2]	C1_m [ng/cm^2]
0.0000	Failed	Failed
1.2050	Failed	Failed
2.4047	Failed	Failed
3.6079	Failed	Failed
4.8132	Failed	Failed
6.0182	Failed	Failed
7.2219	Failed	Failed
8.4262	Failed	Failed
9.6216	Failed	Failed
10.8272	Failed	Failed
12.0317	Failed	Failed
13.2371	Failed	Failed
14.4429	Failed	Failed
15.6493	Failed	Failed
16.8547	Failed	Failed
18.0579	Failed	Failed
19.2629	Failed	Failed
20.4676	Failed	Failed
21.6725	Failed	Failed
22.8773	Failed	Failed
24.0828	Failed	Failed
25.2869	Failed	Failed
26.4894	Failed	Failed
27.6936	Failed	Failed
28.8992	Failed	Failed
30.1034	Failed	Failed
31.3081	Failed	Failed
32.5132	Failed	Failed
33.7196	Failed	Failed
34.9246	Failed	Failed
36.1300	Failed	Failed
37.3257	Failed	Failed
38.5287	Failed	Failed
39.7271	Failed	Failed
40.9326	Failed	Failed
42.1380	Failed	Failed
43.3425	Failed	Failed
44.5463	Failed	Failed
45.7530	Failed	Failed
46.9295	Failed	Failed
48.1060	Failed	Failed
49.2763	Failed	Failed
50.4484	Failed	Failed
51.6220	Failed	Failed
52.8032	Failed	Failed
54.0075	Failed	Failed
55.2128	Failed	Failed
56.4180	Failed	Failed
57.6225	Failed	Failed
58.8280	Failed	Failed
60.0295	Failed	Failed
61.2344	Failed	Failed
62.4339	Failed	Failed
63.6355	Failed	Failed
64.8380	Failed	Failed
66.0377	Failed	Failed
67.2433	Failed	Failed
68.4485	Failed	Failed
69.6447	Failed	Failed
70.8466	Failed	Failed
72.0484	Failed	Failed
73.2464	Failed	Failed
74.4384	Failed	Failed
75.6314	Failed	Failed
76.8274	Failed	Failed
78.0328	Failed	Failed
79.2364	Failed	Failed
80.4404	Failed	Failed
81.6459	Failed	Failed
82.8460	Failed	Failed
84.0455	Failed	Failed
85.2507	Failed	Failed
86.4543	Failed	Failed
87.6583	Failed	Failed
88.8615	Failed	Failed
90.0640	Failed	Failed
91.2681	Failed	Failed
92.4742	Failed	Failed
93.6768	Failed	Failed
94.8801	Failed	Failed
96.0824	Failed	Failed
97.2863	Failed	Failed
98.4899	Failed	Failed
99.6943	Failed	Failed
100.8988	Failed	Failed
102.0973	Failed	Failed
103.2981	Failed	Failed
104.5005	Failed	Failed
105.7034	Failed	Failed
106.9074	Failed	Failed
108.1126	Failed	Failed
109.3172	Failed	Failed
110.5223	Failed	Failed
111.7271	Failed	Failed
112.9293	Failed	Failed
114.1300	Failed	Failed
115.3341	Failed	Failed
116.5381	Failed	Failed
117.7419	Failed	Failed
118.9460	Failed	Failed
120.1501	Failed	Failed
121.3537	Failed	Failed
122.5567	Failed	Failed
123.7593	Failed	Failed
124.9633	Failed	Failed
126.1657	Failed	Failed
127.3673	Failed	Failed
128.5697	Failed	Failed
129.7621	Failed	Failed
130.9649	Failed	Failed
132.1700	Failed	Failed
133.3723	Failed	Failed
134.5760	Failed	Failed
135.7790	Failed	Failed
136.9827	Failed	Failed
138.1865	Failed	Failed
139.3917	Failed	Failed
140.5957	Failed	Failed
141.7964	Failed	Failed
142.9994	Failed	Failed
144.2019	Failed	Failed
145.4031	Failed	Failed
146.6046	Failed	Failed
147.8085	Failed	Failed
149.0141	Failed	Failed
150.2113	Failed	Failed
151.4133	Failed	Failed
152.6150	Failed	Failed
153.8190	Failed	Failed
155.0232	Failed	Failed
156.2281	Failed	Failed
157.4273	Failed	Failed
158.6304	Failed	Failed
159.8307	Failed	Failed
161.0352	Failed	Failed
162.2396	Failed	Failed
163.4447	Failed	Failed
164.6486	Failed	Failed
165.8498	Failed	Failed
167.0516	Failed	Failed
168.2576	Failed	Failed
169.4616	Failed	Failed
170.6658	Failed	Failed
171.8686	Failed	Failed
173.0684	Failed	Failed
174.2718	Failed	Failed
175.4705	Failed	Failed
176.6736	Failed	Failed
177.8754	Failed	Failed
179.0772	Failed	Failed
180.2791	Failed	Failed
181.4775	Failed	Failed
182.6798	Failed	Failed
183.8838	Failed	Failed
185.0870	Failed	Failed
186.2902	Failed	Failed
187.4940	Failed	Failed
188.6954	Failed	Failed
189.8935	Failed	Failed
191.0932	Failed	Failed
192.2930	Failed	Failed
193.4961	Failed	Failed
194.6982	0.00	0.00
195.9001	0.00	0.00
197.1009	0.00	0.00
202.8529	0.00	0.00
204.1628	0.00	0.00
204.5155	0.00	0.00
204.8773	0.00	0.00
205.2304	0.00	0.00
205.5902	0.00	0.00
205.9332	0.00	0.00
206.2720	0.00	0.00
206.6233	0.00	0.00
206.9910	0.00	0.00
207.3464	0.00	0.00
207.6904	0.00	0.00
208.0347	0.00	0.00
208.3725	0.00	0.00
208.7246	0.00	0.00
209.0692	0.00	0.00
209.4078	0.00	0.00
209.7620	0.00	0.00
210.1140	0.00	0.00
210.4538	0.00	0.00
210.7957	0.00	0.00
211.1428	0.00	0.00
211.4858	0.00	0.00
211.8310	0.00	0.00
212.1781	0.00	0.00
212.5403	0.00	0.00
212.8821	0.00	0.00
213.2327	0.00	0.00
213.5765	0.00	0.00
213.9160	0.00	0.00
214.2612	0.00	0.00
214.6035	0.00	0.00
214.9435	0.00	0.00
215.2840	0.00	0.00
215.6149	0.00	0.00
215.9899	0.00	0.00
216.3375	0.00	0.00
216.6918	0.00	0.00
217.0543	0.00	0.00
217.4053	0.00	0.00
217.7436	0.00	0.00
218.1052	0.00	0.00
218.4503	0.00	0.00
218.8023	0.00	0.00
219.2380	0.00	0.00
219.6141	0.00	0.00
219.9514	0.00	0.00
220.2932	0.00	0.00
220.6372	0.00	0.00
220.9803	0.00	0.00
221.3175	0.00	0.00
221.6651	0.00	0.00
222.0030	0.00	0.00
222.3686	0.00	0.00
222.7215	0.00	0.00
223.0718	0.00	0.00
223.4128	0.00	0.00
223.7616	0.00	0.00
224.0927	0.00	0.00
224.4330	0.00	0.00
224.7915	0.00	0.00
225.1431	0.00	0.00
225.4870	0.00	0.00
225.8344	0.00	0.00
226.1842	0.00	0.00
226.5535	0.00	0.00
226.8991	0.00	0.00
227.2569	0.00	0.00
227.6110	0.00	0.00
227.9513	0.00	0.00
228.2955	0.00	0.00
228.6429	0.00	0.00
228.9865	0.00	0.00
229.3317	0.00	0.00
229.6818	0.00	0.00
230.0633	0.00	0.00
230.4341	0.00	0.00
230.7777	0.00	0.00
231.1228	0.00	0.00
231.4673	0.00	0.00
231.8099	0.00	0.00
232.1566	0.00	0.00
232.5028	0.00	0.00
232.8787	0.00	0.00
233.2343	0.00	0.00
233.5767	0.00	0.00
233.9226	0.00	0.00
234.2582	0.00	0.00
234.5996	0.00	0.00
234.9409	0.00	0.00
235.2895	0.00	0.00
235.6410	0.00	0.00
235.9909	0.00	0.00
236.3329	0.00	0.00
236.6909	0.00	0.00
237.0590	0.00	0.00
237.3715	0.00	0.00
237.7180	0.00	0.00
238.0590	0.00	0.00
238.4015	0.00	0.00
238.7499	0.00	0.00
239.1012	0.00	0.00
239.4449	0.00	0.00
239.8015	0.00	0.00
240.1833	0.00	0.00
240.5214	0.00	0.00
240.8658	0.00	0.00
241.2132	0.00	0.00
241.5608	0.00	0.00
241.9515	0.00	0.00
242.3044	0.00	0.00
242.6626	0.00	0.00
242.9983	0.00	0.00
243.3360	0.00	0.00
243.7006	0.00	0.00
244.0568	0.00	0.00
244.3926	0.00	0.00
244.7407	0.00	0.00
245.1031	0.00	0.00
245.4389	0.00	0.00
245.7931	0.00	0.00
246.1436	0.00	0.00
246.5007	0.00	0.00
246.8473	0.00	0.00
247.2045	0.00	0.00
247.5689	0.00	0.00
247.9161	0.00	0.00
248.2631	0.00	0.00
248.6069	0.00	0.00
248.9464	0.00	0.00
249.2860	0.00	0.00
249.6256	0.00	0.00
249.9684	0.00	0.00
250.2862	0.00	0.00
250.6257	0.00	0.00
250.9753	0.00	0.00
251.3154	0.00	0.00
251.6392	0.00	0.00
251.9901	0.00	0.00
252.3333	0.00	0.00
252.6893	0.00	0.00
253.0553	0.00	0.00
253.3959	0.00	0.00
253.7557	0.00	0.00
254.1291	0.00	0.00
254.5263	0.00	0.00
254.8968	0.00	0.00
255.2542	0.00	0.00
255.6356	0.00	0.00
255.9870	0.00	0.00
256.3385	0.00	0.00
256.6951	0.00	0.00
257.0740	0.00	0.00
257.4273	0.00	0.00
257.7733	0.00	0.00
258.1228	0.00	0.00
258.5224	0.00	0.00
258.8809	0.00	0.00
259.2297	0.00	0.00
259.5782	0.00	0.00
259.9361	0.00	0.00
260.2810	0.00	0.00
260.6171	0.00	0.00
260.9573	0.00	0.00
261.3096	0.00	0.00
261.6856	0.00	0.00
262.0682	0.00	0.00
262.4577	0.00	0.00
262.8007	0.00	0.00
263.1595	0.00	0.00
263.4978	0.00	0.00
263.8335	0.00	0.00
264.1896	0.00	0.00
264.5769	0.00	0.00
264.9467	0.00	0.00
265.2927	0.00	0.00
265.6467	0.00	0.00
266.0198	0.00	0.00
266.3895	0.00	0.00
266.7460	0.00	0.00
267.1396	0.00	0.00
267.5023	0.00	0.00
267.8295	0.00	0.00
268.1977	0.00	0.00
268.5709	0.00	0.00
268.9538	0.00	0.00
269.3110	0.00	0.00
269.6895	0.00	0.00
270.0571	0.00	0.00
270.3802	0.00	0.00
270.7367	0.00	0.00
271.1248	0.00	0.00
271.4895	0.00	0.00
271.8367	0.00	0.00
272.2119	0.00	0.00
272.5619	0.00	0.00
272.9600	0.00	0.00
273.3157	0.00	0.00
273.7001	0.00	0.00
274.0580	0.00	0.00
274.3924	0.00	0.00
274.7403	0.00	0.00
275.1064	0.00	0.00
275.4475	0.00	0.00
275.7907	0.00	0.00
276.1366	0.00	0.00
276.5014	0.00	0.00
276.8436	0.00	0.00
277.1891	0.00	0.00
277.5547	0.00	0.00
277.8928	0.00	0.00
278.2407	0.00	0.00
278.5847	0.00	0.00
278.9709	0.00	0.00
279.3239	0.00	0.00
279.7033	0.00	0.00
280.0869	0.00	0.00
280.4412	0.00	0.00
280.7942	0.00	0.00
281.1306	0.00	0.00
281.4969	0.00	0.00
281.8304	0.00	0.00
282.2081	0.00	0.00
282.5987	0.00	0.00
282.9696	0.00	0.00
283.3047	0.00	0.00
283.7071	0.00	0.00
284.0709	0.00	0.00
284.4672	0.00	0.00
284.8204	0.00	0.00
285.2074	0.00	0.00
285.5739	0.00	0.00
285.9515	0.00	0.00
286.3015	0.00	0.00
286.6901	0.00	0.00
287.0865	0.00	0.00
287.4422	0.00	0.00
287.7890	0.00	0.00
288.1272	0.00	0.00
288.5006	0.00	0.00
288.8401	0.00	0.00
289.1863	0.00	0.00
289.5880	0.00	0.00
289.9633	0.00	0.00
290.3179	0.00	0.00
290.6969	0.00	0.00
291.0911	0.00	0.00
291.4577	0.00	0.00
291.8070	0.00	0.00
292.1867	0.00	0.00
292.5820	0.00	0.00
292.9611	0.00	0.00
293.3036	0.00	0.00
293.6956	0.00	0.00
294.0932	0.00	0.00
294.4675	0.00	0.00
294.8114	0.00	0.00
295.1774	0.00	0.00
295.5171	0.00	0.00
295.9298	0.00	0.00
296.2748	0.00	0.00
296.6277	0.00	0.00
297.0061	0.00	0.00
297.3868	0.00	0.00
297.7450	0.00	0.00
298.1503	0.00	0.00
298.5377	0.00	0.00
298.9324	0.00	0.00
299.2858	0.00	0.00
299.6431	0.00	0.00
300.0364	0.00	0.00
300.4206	0.00	0.00
300.7787	0.00	0.00
301.1418	0.00	0.00
301.5037	0.00	0.00
301.8942	0.00	0.00
302.2468	0.00	0.00
302.6118	0.00	0.00
303.0076	0.00	0.00
303.3965	0.00	0.00
303.7476	0.00	0.00
304.1594	0.00	0.00
304.5168	0.00	0.00
304.8996	0.00	0.00
305.2472	0.00	0.00
305.6019	0.00	0.00
305.9374	0.00	0.00
306.2891	0.00	0.00
306.6380	0.00	0.00
307.0226	0.00	0.00
307.4128	0.00	0.00
307.7590	0.00	0.00
308.1012	0.00	0.00
308.4385	0.00	0.00
308.7805	0.00	0.00
309.1263	0.00	0.00
309.4965	0.00	0.00
309.8913	0.00	0.00
310.2428	0.00	0.00
310.6025	0.00	0.00
310.9738	0.00	0.00
311.3148	0.00	0.00
311.6818	0.00	0.00
312.0712	0.00	0.00
312.4632	0.00	0.00
312.8106	0.00	0.00
313.1728	0.00	0.00
313.5137	0.00	0.00
313.8818	0.00	0.00
314.2256	0.00	0.00
314.5645	0.00	0.00
314.9598	0.00	0.00
315.3109	0.00	0.00
315.6876	0.00	0.00
316.0486	0.00	0.00
316.3846	0.00	0.00
316.7274	0.00	0.00
317.0690	0.00	0.00
317.4392	0.00	0.00
317.7822	0.00	0.00
318.1242	0.00	0.00
318.4640	0.00	0.00
318.8083	0.00	0.00
319.1635	0.00	0.00
319.5022	0.00	0.00
319.8442	0.00	0.00
320.1921	0.00	0.00
320.5560	0.00	0.00
320.9594	0.00	0.00
321.3141	0.00	0.00
321.6943	0.00	0.00
322.0790	0.00	0.00
322.4590	0.00	0.00
322.8023	0.00	0.00
323.1713	0.00	0.00
323.5167	0.00	0.00
323.8928	0.00	0.00
324.2545	0.00	0.00
324.7125	0.00	0.00
325.0707	0.00	0.00
325.4602	0.00	0.00
325.8007	0.00	0.00
326.1642	0.00	0.00
326.5040	0.00	0.00
326.8414	0.00	0.00
327.1919	0.00	0.00
327.5559	0.00	0.00
327.8923	0.00	0.00
328.2366	0.00	0.00
328.5772	0.00	0.00
328.9450	0.00	0.00
329.2910	0.00	0.00
329.6348	0.00	0.00
329.9995	0.00	0.00
330.3422	0.00	0.00
330.6861	0.00	0.00
331.0527	0.00	0.00
331.3868	0.00	0.00
331.7345	0.00	0.00
332.0715	0.00	0.00
332.4438	0.00	0.00
332.7876	0.00	0.00
333.1333	0.00	0.00
333.4919	0.00	0.00
333.8378	0.00	0.00
334.2091	0.00	0.00
334.5835	0.00	0.00
334.9591	0.00	0.00
335.3171	0.00	0.00
335.7064	0.00	0.00
336.0733	0.00	0.00
336.4332	0.00	0.00
336.7806	0.00	0.00
337.1226	0.00	0.00
337.4527	0.00	0.00
337.7961	0.00	0.00
338.1710	0.00	0.00
338.5066	0.00	0.00
338.8444	0.00	0.00
339.1883	0.00	0.00
339.5552	0.00	0.00
339.8932	0.00	0.00
340.2397	0.00	0.00
340.6072	0.00	0.00
340.9454	0.00	0.00
341.2905	0.00	0.00
341.6358	0.00	0.00
342.0088	0.00	0.00
342.3859	0.00	0.00
342.7444	0.00	0.00
343.1473	0.00	0.00
343.5325	0.00	0.00
343.9028	0.00	0.00
344.2458	0.00	0.00
344.6224	0.00	0.00
345.0225	0.00	0.00
345.4105	0.00	0.00
345.7672	0.00	0.00
346.1465	0.00	0.00
346.5319	0.00	0.00
346.8966	0.00	0.00
347.2432	0.00	0.00
347.6333	0.00	0.00
348.0011	0.00	0.00
348.3400	0.00	0.00
348.6879	0.00	0.00
349.0814	0.00	0.00
349.4427	0.00	0.00
349.7894	0.00	0.00
350.1330	0.00	0.00
350.4944	0.00	0.00
350.8236	0.00	0.00
351.2587	0.00	0.00
351.6382	0.00	0.00
352.0295	0.00	0.00
352.4128	0.00	0.00
352.7643	0.00	0.00
353.1298	0.00	0.00
353.5001	0.00	0.00
353.8362	0.00	0.00
354.1827	0.00	0.00
354.5626	0.00	0.00
354.9655	0.00	0.00
355.3172	0.00	0.00
355.6944	0.00	0.00
356.0636	0.00	0.00
356.3990	0.00	0.00
356.7453	0.00	0.00
357.1395	0.00	0.00
357.5053	0.00	0.00
357.8429	0.00	0.00
358.1924	0.00	0.00
358.5720	0.00	0.00
358.9673	0.00	0.00
359.3229	0.00	0.00
359.7129	0.00	0.00
360.0908	0.00	0.00
360.4640	0.00	0.00
360.8088	0.00	0.00
361.1821	0.00	0.00
361.5587	0.00	0.00
361.9629	0.00	0.00
362.3152	0.00	0.00
362.6999	0.00	0.00
363.0773	0.00	0.00
363.4803	0.00	0.00
363.8321	0.00	0.00
364.2093	0.00	0.00
364.5587	0.00	0.00
364.8991	0.00	0.00
365.2498	0.00	0.00
365.6225	0.00	0.00
366.0330	0.00	0.00
366.3956	0.00	0.00
366.7440	0.00	0.00
367.1071	0.00	0.00
367.4787	0.00	0.00
367.8282	0.00	0.00
368.2065	0.00	0.00
368.5831	0.00	0.00
368.9542	0.00	0.00
369.2973	0.00	0.00
369.6851	0.00	0.00
370.0657	0.00	0.00
370.4447	0.00	0.00
370.7570	0.00	0.00
371.1136	0.00	0.00
371.4515	0.00	0.00
371.7948	0.00	0.00
372.1423	0.00	0.00
372.5173	0.00	0.00
372.9136	0.00	0.00
373.2722	0.00	0.00
373.6563	0.00	0.00
374.0072	0.00	0.00
374.3446	0.00	0.00
374.6905	0.00	0.00
375.0560	0.00	0.00
375.4088	0.00	0.00
375.7479	0.00	0.00
376.1222	0.00	0.00
376.4771	0.00	0.00
376.8260	0.00	0.00
377.1958	0.00	0.00
377.5707	0.00	0.00
377.9494	0.00	0.00
378.2843	0.00	0.00
378.6308	0.00	0.00
379.0063	0.00	0.00
379.3458	0.00	0.00
379.7192	0.00	0.00
380.0817	0.00	0.00
380.4961	0.00	0.00
380.8465	0.00	0.00
381.2036	0.00	0.00
381.5657	0.00	0.00
381.9035	0.00	0.00
382.2585	0.00	0.00
382.6515	0.00	0.00
383.0310	0.00	0.00
383.4080	0.00	0.00
383.7535	0.00	0.00
384.1542	0.00	0.00
384.5413	0.00	0.00
384.9186	0.00	0.00
385.2743	0.00	0.00
385.6633	0.00	0.00
386.0387	0.00	0.00
386.4064	0.00	0.00
386.7553	0.00	0.00
387.1608	0.00	0.00
387.5295	0.00	0.00
387.9141	0.00	0.00
388.2713	0.00	0.00
388.6607	0.00	0.00
389.0062	0.00	0.00
389.4139	0.00	0.00
389.7696	0.00	0.00
390.1600	0.00	0.00
390.5075	0.00	0.00
390.8470	0.00	0.00
391.1943	0.00	0.00
391.5580	0.00	0.00
391.9715	0.00	0.00
392.3183	0.00	0.00
392.6992	0.00	0.00
393.1018	0.00	0.00
393.4788	0.00	0.00
393.8277	0.00	0.00
394.1911	0.00	0.00
394.5759	0.00	0.00
394.9610	0.00	0.00
395.3006	0.00	0.00
395.6901	0.00	0.00
396.0611	0.00	0.00
396.4065	0.00	0.00
396.7548	0.00	0.00
397.1237	0.00	0.00
397.4742	0.00	0.00
397.8215	0.00	0.00
398.2021	0.00	0.00
398.5937	0.00	0.00
398.9787	0.00	0.00
399.3300	0.00	0.00
399.7100	0.00	0.00
400.0596	0.00	0.00
400.4221	0.00	0.00
400.7771	0.00	0.00
401.1755	0.00	0.00
401.6038	0.00	0.00
401.9872	0.00	0.00
402.3349	0.00	0.00
402.7121	0.00	0.00
403.0836	0.00	0.00
403.4614	0.00	0.00
403.8049	0.00	0.00
404.1746	0.00	0.00
404.5074	0.00	0.00
404.8472	0.00	0.00
405.2220	0.00	0.00
405.6045	0.00	0.00
405.9652	0.00	0.00
406.3181	0.00	0.00
406.7210	0.00	0.00
407.0703	0.00	0.00
407.4683	0.00	0.00
407.8198	0.00	0.00
408.2165	0.00	0.00
408.5919	0.00	0.00
408.9940	0.00	0.00
409.3339	0.00	0.00
409.7028	0.00	0.00
410.0832	0.00	0.00
410.4601	0.00	0.00
410.8020	0.00	0.00
411.1869	0.00	0.00
411.5827	0.00	0.00
411.9586	0.00	0.00
412.3095	0.00	0.00
412.7814	0.00	0.00
413.2064	0.00	0.00
413.5767	0.00	0.00
413.9560	0.00	0.00
414.2988	0.00	0.00
414.6885	0.00	0.00
415.0778	0.00	0.00
415.4597	0.00	0.00
415.8056	0.00	0.00
416.1991	0.00	0.00
416.6110	0.00	0.00
416.9931	0.00	0.00
417.3246	0.00	0.00
417.7032	0.00	0.00
418.0664	0.00	0.00
418.4857	0.00	0.00
418.8248	0.00	0.00
419.1874	0.00	0.00
419.5852	0.00	0.00
419.9719	0.00	0.00
420.3144	0.00	0.00
420.6935	0.00	0.00
421.0760	0.00	0.00
421.4705	0.00	0.00
421.8147	0.00	0.00
422.1813	0.00	0.00
422.5476	0.00	0.00
422.9485	0.00	0.00
423.3049	0.00	0.00
423.7240	0.00	0.00
424.0847	0.00	0.00
424.4676	0.00	0.00
424.8084	0.00	0.00
425.2007	0.00	0.00
425.6463	0.00	0.00
426.0490	0.00	0.00
426.4312	0.00	0.00
426.7819	0.00	0.00
427.1734	0.00	0.00
427.5468	0.00	0.00
427.9312	0.00	0.00
428.2864	0.00	0.00
428.6679	0.00	0.00
429.0133	0.00	0.00
429.4362	0.00	0.00
429.7811	0.00	0.00
430.1455	0.00	0.00
430.5201	0.00	0.00
430.9701	0.00	0.00
431.3076	0.00	0.00
431.7266	0.00	0.00
432.0875	0.00	0.00
432.4724	0.00	0.00
432.8184	0.00	0.00
433.2260	0.00	0.00
433.6186	0.00	0.00
434.0304	0.00	0.00
434.4198	0.00	0.00
434.7654	0.00	0.00
435.1450	0.00	0.00
435.5226	0.00	0.00
435.9237	0.00	0.00
436.2704	0.00	0.00
436.6483	0.00	0.00
437.0610	0.00	0.00
437.4927	0.00	0.00
437.8314	0.00	0.00
438.2034	0.00	0.00
438.5848	0.00	0.00
438.9681	0.00	0.00
439.3220	0.00	0.00
439.7358	0.00	0.00
440.1677	0.00	0.00
440.5538	0.00	0.00
440.9955	0.00	0.00
441.3338	0.00	0.00
441.7058	0.00	0.00
442.1220	0.00	0.00
442.4678	0.00	0.00
442.8062	0.00	0.00
443.2017	0.00	0.00
443.5690	0.00	0.00
443.9618	0.00	0.00
444.3109	0.00	0.00
444.7460	0.00	0.00
445.1696	0.00	0.00
445.5382	0.00	0.00
445.9338	0.00	0.00
446.2839	0.00	0.00
446.6462	0.00	0.00
447.0297	0.00	0.00
447.4190	0.00	0.00
447.7677	0.00	0.00
448.1588	0.00	0.00
448.5510	0.00	0.00
448.9166	0.00	0.00
449.2718	0.00	0.00
449.6685	0.00	0.00
450.0510	0.00	0.00
450.4327	0.00	0.00
450.7777	0.00	0.00
451.1734	0.00	0.00
451.5705	0.00	0.00
451.9841	0.00	0.00
452.3236	0.00	0.00
452.7171	0.00	0.00
453.1176	0.00	0.00
453.4974	0.00	0.00
453.9388	0.00	0.00
454.2821	0.00	0.00
454.6460	0.00	0.00
455.0300	0.00	0.00
455.4597	0.00	0.00
455.8031	0.00	0.00
456.2069	0.00	0.00
456.6002	0.00	0.00
456.9785	0.00	0.00
457.3193	0.00	0.00
457.7085	0.00	0.00
458.0813	0.00	0.00
458.5034	0.00	0.00
458.9425	0.00	0.00
459.2953	0.00	0.00
459.6764	0.00	0.00
460.1085	0.00	0.00
460.4662	0.00	0.00
460.8088	0.00	0.00
461.2233	0.00	0.00
461.6202	0.00	0.00
462.0261	0.00	0.00
462.4455	0.00	0.00
462.7998	0.00	0.00
463.2368	0.00	0.00
463.6651	0.00	0.00
464.0532	0.00	0.00
464.4492	0.00	0.00
464.8024	0.00	0.00
465.2262	0.00	0.00
465.6272	0.00	0.00
466.0565	0.00	0.00
466.4193	0.00	0.00
466.7599	0.00	0.00
467.1498	0.00	0.00
467.5343	0.00	0.00
467.9417	0.00	0.00
468.2952	0.00	0.00
468.6760	0.00	0.00
469.0546	0.00	0.00
469.4342	0.00	0.00
469.7740	0.00	0.00
470.1575	0.00	0.00
470.5423	0.00	0.00
470.9449	0.00	0.00
471.2935	0.00	0.00
471.6823	0.00	0.00
472.1154	0.00	0.00
472.5547	0.00	0.00
472.9465	0.00	0.00
473.2908	0.00	0.00
473.7054	0.00	0.00
474.1182	0.00	0.00
474.5135	0.00	0.00
474.9324	0.00	0.00
475.2831	0.00	0.00
475.6701	0.00	0.00
476.0539	0.00	0.00
476.4559	0.00	0.00
476.8032	0.00	0.00
477.2215	0.00	0.00
477.6018	0.00	0.00
478.0097	0.00	0.00
478.4446	0.00	0.00
478.7847	0.00	0.00
479.1889	0.00	0.00
479.6211	0.00	0.00
480.0635	0.00	0.00
480.4293	0.00	0.00
480.7712	0.00	0.00
481.1539	0.00	0.00
481.5426	0.00	0.00
481.9242	0.00	0.00
482.2679	0.00	0.00
482.6674	0.00	0.00
483.0630	0.00	0.00
483.4464	0.00	0.00
483.7916	0.00	0.00
484.1613	0.00	0.00
484.5403	0.00	0.00
484.9289	0.00	0.00
485.2734	0.00	0.00
485.6712	0.00	0.00
486.0461	0.00	0.00
486.4404	0.00	0.00
486.7866	0.00	0.00
487.1622	0.00	0.00
487.5361	0.00	0.00
488.0042	0.00	0.00
488.4508	0.00	0.00
488.8008	0.00	0.00
489.2351	0.00	0.00
489.6148	0.00	0.00
490.0692	0.00	0.00
490.5011	0.00	0.00
490.8364	0.00	0.00
491.2038	0.00	0.00
491.6087	0.00	0.00
491.9907	0.00	0.00
492.3296	0.00	0.00
492.7227	0.00	0.00
493.1260	0.00	0.00
493.5762	0.00	0.00
494.0252	0.00	0.00
494.4659	0.00	0.00
494.8090	0.00	0.00
495.2349	0.00	0.00
495.6783	0.00	0.00
496.0385	0.00	0.00
496.4502	0.00	0.00
496.7997	0.00	0.00
497.2453	0.00	0.00
497.6847	0.00	0.00
498.1646	0.00	0.00
498.5392	0.00	0.00
498.9380	0.00	0.00
499.2814	0.00	0.00
499.6740	0.00	0.00
500.1279	0.00	0.00
500.5496	0.00	0.00
500.9617	0.00	0.00
501.3089	0.00	0.00
501.7450	0.00	0.00
502.1921	0.00	0.00
502.6307	0.00	0.00
503.0747	0.00	0.00
503.5208	0.00	0.00
503.9656	0.00	0.00
504.3194	0.00	0.00
504.7508	0.00	0.00
505.1643	0.00	0.00
505.5485	0.00	0.00
505.9359	0.00	0.00
506.2801	0.00	0.00
506.6693	0.00	0.00
507.0571	0.00	0.00
507.4600	0.00	0.00
507.8108	0.00	0.00
508.2442	0.00	0.00
508.6810	0.00	0.00
509.1344	0.00	0.00
509.5897	0.00	0.00
509.9974	0.00	0.00
510.4551	0.00	0.00
510.7906	0.00	0.00
511.1729	0.00	0.00
511.5711	0.00	0.00
511.9934	0.00	0.00
512.3349	0.00	0.00
512.7430	0.00	0.00
513.1957	0.00	0.00
513.6485	0.00	0.00
514.0763	0.00	0.00
514.5097	0.00	0.00
514.9646	0.00	0.00
515.3167	0.00	0.00
515.7576	0.00	0.00
516.1861	0.00	0.00
516.6520	0.00	0.00
517.0779	0.00	0.00
517.5201	0.00	0.00
517.9611	0.00	0.00
518.3141	0.00	0.00
518.7597	0.00	0.00
519.2023	0.00	0.00
519.6393	0.00	0.00
520.0691	0.00	0.00
520.4579	0.00	0.00
520.8069	0.00	0.00
521.2458	0.00	0.00
521.6727	0.00	0.00
522.0566	0.00	0.00
522.4538	0.00	0.00
522.7993	0.00	0.00
523.2244	0.00	0.00
523.6205	0.00	0.00
524.0121	0.00	0.00
524.4603	0.00	0.00
524.8118	0.00	0.00
525.2549	0.00	0.00
525.6990	0.00	0.00
526.1382	0.00	0.00
526.5818	0.00	0.00
527.0046	0.00	0.00
527.4610	0.00	0.00
527.8137	0.00	0.00
528.2514	0.00	0.00
528.7198	0.00	0.00
529.1365	0.00	0.00
529.5747	0.00	0.00
530.0189	0.00	0.00
530.4673	0.00	0.00
530.8174	0.00	0.00
531.2473	0.00	0.00
531.6907	0.00	0.00
532.1262	0.00	0.00
532.5532	0.00	0.00
532.9511	0.00	0.00
533.2958	0.00	0.00
533.7235	0.00	0.00
534.1283	0.00	0.00
534.5793	0.00	0.00
535.0033	0.00	0.00
535.4707	0.00	0.00
535.8259	0.00	0.00
536.2785	0.00	0.00
536.7044	0.00	0.00
537.1493	0.00	0.00
537.5655	0.00	0.00
537.9931	0.00	0.00
538.3331	0.00	0.00
538.7336	0.00	0.00
539.1252	0.00	0.00
539.5596	0.00	0.00
539.9545	0.00	0.00
540.2958	0.00	0.00
540.6904	0.00	0.00
541.1169	0.00	0.00
541.5407	0.00	0.00
541.9609	0.00	0.00
542.3058	0.00	0.00
542.7447	0.00	0.00
543.1989	0.00	0.00
543.6306	0.00	0.00
544.0836	0.00	0.00
544.5129	0.00	0.00
544.9848	0.00	0.00
545.3358	0.00	0.00
545.7606	0.00	0.00
546.2170	0.00	0.00
546.6568	0.00	0.00
547.0890	0.00	0.00
547.5364	0.00	0.00
547.9537	0.00	0.00
548.2951	0.00	0.00
548.7390	0.00	0.00
549.1263	0.00	0.00
549.5608	0.00	0.00
550.0235	0.00	0.00
550.4762	0.00	0.00
550.8219	0.00	0.00
551.2575	0.00	0.00
551.7914	0.00	0.00
552.2157	0.00	0.00
552.6666	0.00	0.00
553.0818	0.00	0.00
553.5399	0.00	0.00
553.9528	0.00	0.00
554.2978	0.00	0.00
554.6804	0.00	0.00
555.1845	0.00	0.00
555.7097	0.00	0.00
556.1443	0.00	0.00
556.5837	0.00	0.00
557.0518	0.00	0.00
557.4874	0.00	0.00
557.8304	0.00	0.00
558.2668	0.00	0.00
558.7224	0.00	0.00
559.1516	0.00	0.00
559.5926	0.00	0.00
560.0275	0.00	0.00
560.4935	0.00	0.00
560.8303	0.00	0.00
561.2411	0.00	0.00
561.7006	0.00	0.00
562.1609	0.00	0.00
562.5660	0.00	0.00
563.0044	0.00	0.00
563.4749	0.00	0.00
563.8224	0.00	0.00
564.3263	0.00	0.00
564.7902	0.00	0.00
565.2600	0.00	0.00
565.6862	0.00	0.00
566.2063	0.00	0.00
566.6383	0.00	0.00
567.0654	0.00	0.00
567.4633	0.00	0.00
567.8112	0.00	0.00
568.2403	0.00	0.00
568.6996	0.00	0.00
569.1454	0.00	0.00
569.5668	0.00	0.00
570.0341	0.00	0.00
570.4706	0.00	0.00
570.8133	0.00	0.00
571.2467	0.00	0.00
571.6864	0.00	0.00
572.1365	0.00	0.00
572.5770	0.00	0.00
573.0140	0.00	0.00
573.4561	0.00	0.00
573.8018	0.00	0.00
574.2457	0.00	0.00
574.6876	0.00	0.00
575.1412	0.00	0.00
575.5934	0.00	0.00
576.0508	0.00	0.00
576.4795	0.00	0.00
576.8304	0.00	0.00
577.2784	0.00	0.00
577.7234	0.00	0.00
578.1658	0.00	0.00
578.5938	0.00	0.00
579.0353	0.00	0.00
579.4671	0.00	0.00
579.8159	0.00	0.00
580.2620	0.00	0.00
580.7079	0.00	0.00
581.1600	0.00	0.00
581.5848	0.00	0.00
582.0402	0.00	0.00
582.5581	0.00	0.00
582.9763	0.00	0.00
583.3250	0.00	0.00
583.7784	0.00	0.00
584.2358	0.00	0.00
584.6562	0.00	0.00
585.0985	0.00	0.00
585.5716	0.00	0.00
586.0499	0.00	0.00
586.4892	0.00	0.00
586.8436	0.00	0.00
587.2901	0.00	0.00
587.7028	0.00	0.00
588.1625	0.00	0.00
588.6093	0.00	0.00
589.0235	0.00	0.00
589.4671	0.00	0.00
589.8197	0.00	0.00
590.2910	0.00	0.00
590.7233	0.00	0.00
591.1573	0.00	0.00
591.6173	0.00	0.00
592.0254	0.00	0.00
592.4712	0.00	0.00
592.8139	0.00	0.00
593.2616	0.00	0.00
593.7101	0.00	0.00
594.1417	0.00	0.00
594.5891	0.00	0.00
595.0199	0.00	0.00
595.4949	0.00	0.00
595.9794	0.00	0.00
596.3273	0.00	0.00
596.7717	0.00	0.00
597.1911	0.00	0.00
597.6482	0.00	0.00
598.0758	0.00	0.00
598.5528	0.00	0.00
598.9745	0.00	0.00
599.3209	0.00	0.00
599.7625	0.00	0.00
600.2271	0.00	0.00
600.6329	0.00	0.00
601.1076	0.00	0.00
601.5365	0.00	0.00
601.9558	0.00	0.00
602.3085	0.00	0.00
602.7624	0.00	0.00
603.2096	0.00	0.00
603.6074	0.00	0.00
604.0217	0.00	0.00
604.4462	0.00	0.00
604.7915	0.00	0.00
605.2184	0.00	0.00
605.6290	0.00	0.00
606.0585	0.00	0.00
606.4534	0.00	0.00
606.7950	0.00	0.00
607.1713	0.00	0.00
607.5555	0.00	0.00
607.9452	0.00	0.00
608.2970	0.00	0.00
608.7491	0.00	0.00
609.1743	0.00	0.00
609.5677	0.00	0.00
610.0199	0.00	0.00
610.4675	0.00	0.00
610.8110	0.00	0.00
611.2278	0.00	0.00
611.6293	0.00	0.00
612.0262	0.00	0.00
612.4763	0.00	0.00
612.8129	0.00	0.00
613.2252	0.00	0.00
613.6360	0.00	0.00
614.0809	0.00	0.00
614.5086	0.00	0.00
614.8303	0.00	0.00
615.2425	0.00	0.00
615.6772	0.00	0.00
616.1067	0.00	0.00
616.5762	0.00	0.00
617.0143	0.00	0.00
617.4406	0.00	0.00
617.7951	0.00	0.00
618.2098	0.00	0.00
618.6345	0.00	0.00
619.0717	0.00	0.00
619.5043	0.00	0.00
619.8434	0.00	0.00
620.2362	0.00	0.00
620.6707	0.00	0.00
621.0628	0.00	0.00
621.4579	0.00	0.00
621.7968	0.00	0.00
622.2381	0.00	0.00
622.6681	0.00	0.00
623.0640	0.00	0.00
623.5145	0.00	0.00
623.9583	0.00	0.00
624.3092	0.00	0.00
624.7608	0.00	0.00
625.1945	0.00	0.00
625.6219	0.00	0.00
626.0846	0.00	0.00
626.5132	0.00	0.00
626.9588	0.00	0.00
627.3025	0.00	0.00
627.7391	0.00	0.00
628.1821	0.00	0.00
628.6291	0.00	0.00
629.1140	0.00	0.00
629.5200	0.00	0.00
629.9449	0.00	0.00
630.2983	0.00	0.00
630.7445	0.00	0.00
631.1789	0.00	0.00
631.5940	0.00	0.00
632.0111	0.00	0.00
632.4891	0.00	0.00
632.8299	0.00	0.00
633.2533	65.63	68.54
633.7304	74.36	76.40
634.1195	80.96	82.50
634.5094	86.57	86.71
634.8439	88.70	114.62
635.2287	392.66	466.21
635.7050	714.32	701.67
636.1390	672.49	643.58
636.5609	537.20	521.33
637.0204	460.77	448.89
637.4697	419.79	411.23
637.8152	396.70	389.69
638.2458	381.45	373.90
638.7006	372.28	364.31
639.1457	364.39	358.03
639.5732	373.75	366.52
639.9995	364.52	356.36
640.3381	356.93	349.08
640.7909	353.23	343.79
641.2439	345.61	341.67
641.7051	345.21	340.06
642.1297	345.52	340.36
642.5927	346.95	341.37
643.0296	347.68	341.64
643.4675	345.71	340.93
643.8225	348.21	341.84
644.3368	345.88	341.77
644.7786	347.84	341.49
645.2058	346.93	341.53
645.6384	345.52	340.36
646.0920	346.29	339.84
646.4987	344.93	339.79
646.9690	343.68	337.83
647.3129	344.75	337.57
647.7527	340.05	334.89
648.1917	339.90	335.04
648.6194	339.19	333.03
649.0228	336.60	332.71
649.4818	335.53	330.10
649.8244	335.01	328.92
650.2391	331.34	327.25
650.6315	332.48	326.94
651.0680	329.11	325.35
651.5266	329.59	323.37
651.9787	327.80	322.64
652.3189	324.53	320.17
652.7345	322.88	319.24
653.1983	322.25	318.27
653.6242	319.35	316.10
654.0561	317.99	313.95
654.4614	317.73	313.35
654.8035	316.73	311.29
655.2588	314.47	310.32
655.6933	313.11	308.43
656.1197	310.64	307.49
656.5159	308.01	305.52
656.9547	307.87	304.20
657.2947	309.11	304.12
657.7809	307.72	302.47
658.2846	305.20	301.34
658.8144	302.04	300.80
659.3003	300.59	299.03
659.7813	301.59	298.09
660.2373	299.52	295.58
660.7383	298.00	295.39
661.2559	297.35	292.93
661.6764	294.73	291.97
662.1150	293.94	290.18
662.5941	293.61	290.29
663.0333	290.77	288.16
663.5017	289.97	287.84
663.9657	289.77	286.65
664.2988	289.58	285.94
664.7639	287.63	284.99
665.2034	285.21	283.75
665.6435	287.44	282.74
666.0697	283.22	280.70
666.5120	283.15	281.09
666.9666	280.47	280.50
667.3159	281.31	278.16
667.7659	281.89	278.77
668.2081	279.06	277.58
668.6527	277.87	276.84
669.0615	277.85	275.88
669.5269	276.30	275.93
669.9726	276.82	275.33
670.3199	275.72	273.86
670.7728	271.80	273.19
671.2049	273.31	271.23
671.6586	272.27	270.99
672.1211	271.92	271.03
672.5255	272.15	270.90
672.9606	269.54	269.61
673.3033	269.67	269.14
673.7432	268.55	268.11
674.2030	269.13	267.78
674.6553	268.75	266.91
675.1004	267.63	266.79
675.5430	266.60	265.97
675.9630	267.15	265.16
676.3013	266.43	264.00
676.7371	263.91	262.93
677.1270	265.51	265.11
677.5228	262.38	262.45
677.9790	264.36	264.43
678.3315	263.66	262.66
678.7592	262.51	262.25
679.1739	261.25	261.37
679.6033	262.32	261.25
680.0859	261.87	261.27
680.5383	262.01	260.82
680.9620	261.24	261.02
681.3136	261.47	260.17
681.7750	259.82	259.55
682.2119	259.13	258.63
682.6622	258.15	258.15
683.0972	258.56	257.38
683.5445	258.84	257.83
683.9744	257.78	256.46
684.3289	258.27	258.45
684.7785	257.00	255.77
685.2121	255.73	254.96
685.6381	255.26	255.85
686.1043	255.96	255.06
686.5400	255.21	255.13
686.9834	254.67	253.65
687.3233	254.87	253.66
687.7479	253.31	253.84
688.1975	253.19	253.42
688.6564	254.43	252.17
689.0706	252.86	251.67
689.5403	252.20	252.48
689.9787	252.62	252.50
690.3207	250.57	251.15
690.7404	251.21	251.37
691.1899	249.39	250.38
691.6350	252.78	250.97
692.0852	249.80	249.83
692.5408	249.97	249.22
692.9809	250.03	250.17
693.3268	249.59	250.41
693.7781	248.17	248.45
694.2154	248.90	248.81
694.6591	245.78	248.20
695.0961	247.37	247.07
695.5399	248.44	248.12
695.9675	247.18	246.98
696.3182	246.86	247.79
696.7747	247.88	247.48
697.2258	245.22	245.99
697.6551	247.77	246.42
698.1109	247.27	246.62
698.5361	246.18	245.35
698.9879	246.85	245.79
699.3363	248.26	245.98
699.7753	245.31	244.55
700.2070	243.85	244.45
700.7035	245.78	245.05
701.1557	245.49	244.71
701.5863	244.31	244.28
702.0434	243.95	244.31
702.5242	244.39	244.56
702.9820	244.43	243.61
703.3353	245.45	244.05
703.7922	244.56	243.39
704.2790	242.43	242.87
704.7026	244.89	243.33
705.1617	242.43	242.82
705.5814	241.17	241.52
706.0453	243.16	242.33
706.4869	241.14	242.44
706.8300	243.07	241.65
707.2522	240.16	241.06
707.7011	240.69	241.21
708.1605	240.38	240.68
708.5970	241.63	241.09
709.0532	239.99	241.10
709.4935	239.91	240.22
710.0427	241.54	240.80
710.4951	242.13	240.51
710.8334	240.11	240.08
711.2418	241.38	239.99
711.6832	239.50	239.68
712.1407	240.01	239.47
712.5882	237.67	239.43
713.0269	239.68	240.26
713.4761	239.34	239.29
713.8187	239.17	238.89
714.2532	239.20	239.46
714.7171	237.72	238.91
715.1673	237.34	237.69
715.6150	238.28	238.59
716.0236	239.22	238.46
716.4649	237.83	238.62
716.8040	240.34	239.30
717.2526	237.36	238.24
717.7093	238.46	238.89
718.1514	237.97	238.79
718.5985	236.22	237.15
719.0538	236.72	238.19
719.5394	238.75	237.59
719.9919	240.71	238.45
720.3411	236.45	237.57
720.7820	236.70	237.37
721.1908	235.66	237.06
721.6408	236.71	236.29
722.0727	234.93	236.75
722.5300	236.68	237.12
722.9958	236.69	237.26
723.3348	235.84	236.77
723.7543	234.57	235.74
724.2314	234.83	235.67
724.7244	235.99	235.78
725.1463	235.25	236.18
725.5846	235.90	235.61
726.0438	235.37	235.30
726.4667	235.07	235.91
726.8172	235.13	234.58
727.2879	234.78	235.43
727.7192	234.61	235.36
728.1725	232.74	234.00
728.6684	235.91	234.91
729.0889	234.09	234.35
729.5579	235.60	235.14
729.9820	234.36	235.10
730.3231	232.84	233.97
730.7671	231.85	232.99
731.2506	234.11	234.67
731.7085	234.29	234.32
732.1582	233.92	234.85
732.6326	232.84	233.81
733.1067	232.89	233.69
733.5369	233.31	233.52
734.0020	232.90	233.38
734.3455	233.01	233.67
734.7895	233.15	232.62
735.2791	233.11	233.01
735.7096	232.44	232.40
736.1506	232.34	233.24
736.6134	231.34	231.66
737.0283	232.11	231.95
737.4732	233.06	232.61
737.8103	231.41	232.64
738.2566	232.13	232.54
738.7248	230.18	232.29
739.1556	232.07	232.14
739.5898	231.36	232.26
740.0165	231.98	231.81
740.4698	230.45	230.57
740.8130	232.15	231.63
741.2708	229.61	232.35
741.7494	230.49	231.97
742.2126	232.09	230.83
742.6603	232.48	232.31
743.0929	231.48	231.33
743.5150	232.99	231.29
743.9980	230.83	231.26
744.3351	231.38	231.05
744.7654	230.68	230.82
745.1913	231.90	231.80
745.6471	231.29	230.85
746.1195	230.68	231.39
746.5826	231.09	230.66
747.0516	231.62	231.15
747.5094	230.65	230.20
747.9632	229.68	230.56
748.3150	231.24	230.93
748.7913	230.68	230.31
749.2316	229.85	229.80
749.6642	230.05	230.14
750.0905	228.66	229.04
750.5357	228.69	229.34
750.9797	230.14	230.09
751.3162	226.92	229.44
751.7667	229.64	229.12
752.2428	228.87	229.32
752.7007	228.84	229.27
753.1801	229.13	228.87
753.6616	228.55	228.71
754.1169	226.87	227.61
754.5343	226.37	227.67
754.9759	227.98	229.22
755.3033	227.65	228.02
755.7597	227.45	228.65
756.2185	227.08	227.53
756.6388	230.05	227.43
757.0752	226.66	227.37
757.5517	225.69	227.51
757.9871	228.68	228.72
758.3344	226.61	227.09
758.7833	227.64	227.88
759.2316	225.56	226.60
759.6708	225.98	227.83
760.0920	225.67	226.59
760.5282	225.97	226.76
760.9813	226.59	227.01
761.3234	227.66	227.37
761.7599	228.56	227.25
762.2024	225.11	226.30
762.6391	225.39	225.86
763.0784	227.91	226.51
763.5547	225.32	225.87
764.1063	226.65	227.25
764.5594	226.04	226.15
765.0562	226.43	226.51
765.5505	225.83	226.42
766.0016	227.93	225.97
766.3489	225.44	225.08
766.7933	226.06	225.27
767.3404	225.00	225.23
767.7808	224.70	224.55
768.1997	224.50	224.77
768.6545	227.12	226.60
769.1077	225.70	225.18
769.5296	226.57	225.24
769.9831	224.22	225.35
770.3342	226.21	225.09
770.7895	225.95	224.94
771.2337	224.00	224.83
771.6519	224.53	225.17
772.1150	225.80	225.20
772.5584	224.08	225.04
772.9803	225.54	224.49
773.3225	223.73	224.47
773.7759	223.70	224.28
774.2288	224.14	224.15
774.6559	222.64	223.77
775.1087	223.77	224.75
775.5592	225.43	224.17
776.0597	224.36	225.07
776.5213	222.79	223.67
777.0187	224.91	225.09
777.4914	224.92	224.14
777.8300	222.74	223.54
778.2580	223.46	224.28
778.7033	222.64	223.28
779.1497	223.80	223.82
779.5990	223.72	223.07
780.0358	223.52	223.73
780.4889	222.39	223.27
780.8337	223.57	224.25
781.2882	220.75	223.82
781.7435	222.64	223.32
782.2355	223.57	223.23
782.6694	222.17	222.78
783.0946	220.76	222.91
783.5452	222.98	222.73
784.0158	223.84	224.13
784.5033	222.36	223.07
784.9952	220.88	222.99
785.3434	223.31	222.58
785.7817	221.50	222.11
786.2400	222.36	223.04
786.7325	222.24	222.60
787.2237	222.82	222.09
787.6743	219.14	222.30
788.1011	220.92	222.70
788.5427	222.08	222.78
788.9928	222.58	222.38
789.3323	222.44	222.34
789.7693	222.82	221.80
790.2114	221.37	222.05
790.6714	223.07	221.56
791.0884	221.49	222.04
791.6253	222.72	222.48
792.1192	221.38	221.34
792.5405	220.82	221.35
792.9779	221.94	220.89
793.3161	222.23	221.09
793.7803	221.58	221.63
794.2340	222.40	221.65
794.6811	220.36	220.41
795.1799	219.04	221.13
795.6767	219.81	221.11
796.1664	218.89	220.18
796.6232	221.46	221.28
797.0958	219.34	220.13
797.5579	221.79	220.97
798.0584	220.46	221.08
798.5138	221.58	221.27
799.0032	221.62	221.16
799.5066	221.39	221.10
799.9965	219.16	220.05
800.3422	221.79	220.32
800.7916	219.98	220.20
801.2413	221.69	222.18
801.7246	220.18	220.60
802.1670	221.78	220.99
802.6293	219.81	219.76
803.1075	223.00	220.73
803.6162	221.73	220.44
804.0826	219.43	219.86
804.5458	221.64	221.04
805.0033	219.89	220.72
805.3406	221.90	220.88
805.7793	220.54	220.04
806.2637	219.75	220.02
806.7184	217.80	219.15
807.1570	218.57	219.33
807.6309	218.73	219.75
808.1839	220.61	220.40
808.6861	218.54	220.13
809.1537	218.56	219.08
809.6248	218.15	218.93
810.0998	218.55	218.38
810.6275	219.73	219.91
811.1248	219.11	218.87
811.6023	220.15	220.05
812.0521	217.95	218.60
812.5069	219.43	218.59
813.0049	219.06	218.46
813.5062	219.02	219.31
814.0021	218.64	218.70
814.5085	218.29	218.75
815.0065	219.39	217.93
815.3462	215.70	217.87
815.7965	219.27	217.80
816.2958	219.48	218.24
816.7784	216.76	217.22
817.2144	216.59	216.70
817.6573	217.87	217.40
818.0990	217.72	217.38
818.5487	218.43	217.81
818.9867	214.13	216.21
819.3428	218.32	217.51
819.8127	218.49	217.66
820.3002	217.98	217.59
820.7904	218.91	217.67
821.2386	216.36	217.27
821.7352	216.54	217.41
822.1666	216.06	216.81
822.6055	216.83	216.66
823.0633	217.55	217.09
823.4945	215.12	216.77
824.1547	217.66	217.51
824.7540	217.57	217.91
825.2810	215.78	216.52
825.7179	216.57	217.24
826.1580	215.89	216.14
826.6900	216.18	216.16
827.3231	217.04	217.31
827.7744	217.25	216.31
828.3506	215.52	216.78
828.9939	217.36	217.10
829.5186	216.14	217.46
830.1659	215.75	216.46
830.7307	218.06	216.86
831.1451	213.21	215.54
831.5969	216.14	216.08
832.0588	215.86	216.04
832.6769	217.38	216.22
833.2242	217.51	217.41
833.7359	217.38	216.60
834.1796	217.41	216.04
834.6068	214.58	215.25
834.9232	214.01	214.17
835.2526	215.44	215.29
835.5875	212.72	214.00
835.9249	214.03	214.46
836.2662	213.08	213.99
836.6009	214.53	214.10
836.9407	212.07	213.27
837.2877	213.53	213.74
837.6277	212.21	213.78
837.9650	213.53	213.23
838.3184	214.44	213.85
838.6613	216.15	214.07
839.0132	216.32	213.26
839.3603	213.31	213.10
839.6931	212.11	212.62
840.0332	212.64	212.53
840.3750	212.92	213.31
840.7195	212.21	212.71
841.0593	210.02	212.48
841.3984	212.14	212.87
841.7943	214.09	214.07
842.1458	212.52	212.97
842.4997	212.96	213.34
842.8686	211.36	212.79
843.2075	211.86	212.42
843.7943	213.05	213.88
844.1342	212.68	212.96
844.8708	215.55	215.00
845.5062	213.25	213.19
845.8421	214.16	213.53
846.1773	214.32	212.39
846.5170	212.79	212.77
846.8307	212.53	212.63
847.1653	211.31	212.46
847.4954	212.18	212.10
847.8390	211.67	212.10
848.1697	209.81	210.50
848.5081	212.17	212.44
848.8501	211.70	211.82
849.2013	212.40	211.95
849.5441	212.36	211.52
849.8887	209.66	211.66
850.2001	211.04	211.28
850.5277	212.24	211.86
850.8570	209.49	210.96
851.1956	211.86	211.54
851.5486	210.63	211.22
851.8953	213.21	212.03
852.2390	210.97	211.56
852.5623	211.13	210.80
852.8942	211.19	211.16
853.2138	210.46	211.79
853.5425	210.24	210.89
853.8688	210.33	211.27
854.2287	210.50	211.10
854.5586	210.96	211.47
854.8927	212.12	211.65
855.2257	210.27	210.91
855.5764	212.19	211.00
855.9098	212.11	210.39
856.2561	209.95	211.15
856.5969	210.43	210.57
856.9382	211.74	211.04
857.2792	210.22	210.52
857.6138	210.19	209.97
857.9822	210.79	210.34
858.3311	211.80	210.57
858.6732	210.46	210.62
859.0153	208.92	210.61
859.3277	211.02	210.36
859.6797	210.43	210.31
860.0374	210.88	211.44
860.3792	211.57	211.03
860.7383	210.62	209.90
861.1564	208.77	209.69
861.5035	210.72	210.12
861.8440	210.06	210.92
862.1917	210.01	209.53
862.5235	206.93	209.18
862.8522	208.16	209.44
863.1923	208.46	209.55
863.5393	210.02	209.96
863.8704	208.92	209.56
864.2115	210.77	209.47
864.5673	207.77	208.76
864.9224	209.88	209.62
865.2655	207.22	208.97
865.5973	207.00	209.19
865.9371	209.44	209.93
866.2777	209.17	209.30
866.6119	208.62	208.69
866.9549	209.06	208.98
867.3082	207.09	208.17
867.6656	209.29	209.16
868.0047	208.78	208.65
868.3484	207.37	208.39
868.7066	209.77	209.36
869.0555	207.46	209.04
869.4182	210.18	208.52
869.7665	208.36	208.37
870.1015	207.62	207.89
870.4444	209.31	208.53
870.7953	208.38	208.82
871.1583	206.20	207.23
871.4909	207.01	207.86
871.8265	207.22	207.78
872.1833	207.17	207.99
872.5442	208.98	208.47
872.8970	209.22	208.59
873.2448	206.95	208.22
873.5882	207.47	207.70
873.9324	207.24	207.03
874.2761	207.41	207.89
874.6294	208.84	207.75
874.9755	206.26	207.70
875.3278	208.27	207.40
875.6777	205.60	207.12
876.0226	206.58	206.89
876.3652	206.02	207.33
876.7686	207.05	207.85
877.1034	207.48	208.07
877.4238	206.03	206.61
877.7734	207.55	206.88
878.1158	207.31	207.69
878.4575	207.25	207.02
878.8036	205.64	206.60
879.1620	207.21	207.35
879.5093	203.67	206.44
879.8547	208.10	207.57
880.2052	207.94	207.13
880.5579	206.62	207.30
880.9164	206.49	206.44
881.2615	206.71	206.90
881.6054	206.05	206.84
881.9470	207.98	207.45
882.2961	207.49	207.14
882.6598	204.27	206.12
883.0089	208.08	207.45
883.3609	205.31	207.01
883.7173	207.12	206.81
884.0589	207.75	207.08
884.4218	206.77	206.92
884.7615	205.94	206.39
885.1064	205.39	206.60
885.4506	206.56	207.01
885.8059	205.75	207.06
886.1653	206.38	206.93
886.5097	205.08	206.25
886.8541	204.41	205.85
887.2027	206.12	206.58
887.5525	206.47	206.29
887.9008	205.63	206.18
888.2518	204.13	205.67
888.6047	205.60	205.64
888.9492	205.96	206.50
889.2964	207.09	207.53
889.6421	203.01	205.96
889.9830	206.63	206.32
890.3269	206.76	205.55
890.6761	204.21	205.83
891.0152	204.58	206.03
891.3545	204.26	205.74
891.6999	204.65	205.69
892.0423	203.27	204.88
892.3834	203.00	205.23
892.7253	205.40	206.62
893.0735	205.09	206.02
893.4214	204.98	205.46
893.7658	206.65	205.85
894.1132	205.02	205.43
894.4533	205.19	205.01
894.8009	202.85	204.69
895.1530	204.89	205.46
895.5018	204.61	204.96
895.8626	204.78	204.99
896.2115	206.71	205.71
896.5596	206.56	205.96
896.9107	206.44	205.40
897.2624	205.92	205.96
897.6129	202.47	204.91
897.9585	204.90	205.61
898.3107	204.71	205.51
898.6547	203.80	204.51
898.9996	205.73	205.53
899.3372	204.01	205.14
899.6845	203.74	204.86
900.0273	203.82	205.36
900.3713	203.41	204.65
900.7271	204.70	204.70
901.0721	204.79	205.18
901.4104	204.69	204.96
901.7628	202.87	204.95
902.1060	204.09	204.60
902.4490	204.85	204.68
902.7913	205.43	204.75
903.1205	202.68	204.27
903.4366	203.01	203.80
903.7497	204.61	204.66
904.0659	202.83	203.96
904.3832	202.77	204.33
904.7016	202.09	203.29
905.0193	203.73	204.07
905.3385	203.29	203.69
905.6514	204.18	203.60
905.9627	205.09	203.83
906.2795	203.19	202.88
906.5963	203.87	204.58
906.9109	202.41	203.26
907.2224	204.37	204.15
907.5359	202.82	203.92
907.8498	203.55	204.03
908.1604	204.92	203.90
908.4763	202.88	202.85
908.7925	202.64	203.22
909.1056	203.90	203.48
909.4145	203.38	203.06
909.7308	204.30	204.00
910.0478	204.16	204.57
910.3615	203.01	202.60
910.6801	203.16	203.35
911.0257	202.71	203.62
911.3691	201.89	203.22
911.7256	204.48	204.43
912.0773	203.62	204.37
912.4332	202.50	203.21
912.7806	204.24	203.54
913.1184	201.98	203.24
913.4414	202.57	203.39
913.7967	202.71	203.06
914.1546	203.10	203.04
914.5040	203.63	204.08
914.8690	203.99	203.84
915.2171	202.44	203.19
915.5681	202.80	202.80
915.9114	201.82	203.44
916.2584	201.70	203.37
916.6007	201.99	202.53
916.9442	202.70	203.51
917.2879	201.51	203.16
917.6444	200.75	202.77
917.9979	201.57	202.32
918.3484	202.98	202.97
918.6965	203.16	203.72
919.0472	201.67	203.09
919.3960	202.71	203.01
919.7565	202.11	202.56
920.1109	201.73	202.87
920.4640	202.97	202.37
920.8157	202.99	202.94
921.1667	201.61	202.70
921.5197	202.09	202.57
921.8711	203.07	203.21
922.2274	200.57	202.12
922.5793	203.13	202.94
922.9254	199.36	202.49
923.2833	202.46	202.76
923.6331	202.02	202.52
923.9787	202.34	202.33
924.3198	202.21	202.48
924.6777	201.00	201.44
925.0434	200.62	202.29
925.3940	200.23	201.40
925.7489	201.41	202.85
926.1031	200.83	201.58
926.4522	201.51	202.10
926.7987	200.53	201.79
927.1309	200.91	201.84
927.4433	199.89	201.38
927.7973	201.91	201.87
928.1499	200.30	202.12
928.4718	203.34	201.86
928.8012	200.71	201.11
929.1502	201.69	201.67
929.4965	201.56	201.27
929.8250	200.21	201.80
930.1735	201.96	201.19
930.5136	200.11	201.48
930.8367	201.22	201.39
931.1823	201.37	201.43
931.5155	202.70	201.48
931.8429	199.50	200.44
932.1753	200.11	200.19
932.5281	199.22	201.06
932.8780	200.54	201.28
933.2210	200.89	201.29
933.5569	199.92	201.17
933.9159	199.45	200.46
934.2520	200.48	200.63
934.6031	200.72	200.75
934.9279	201.43	200.98
935.2690	201.23	200.65
935.6160	201.13	201.31
935.9440	199.42	200.35
936.2947	200.87	201.15
936.6433	198.16	200.25
936.9730	198.32	200.76
937.3242	198.84	200.29
937.6802	198.24	200.56
938.0230	197.78	199.56
938.3678	198.75	200.65
938.7189	198.99	200.89
939.0671	200.13	200.63
939.4165	199.92	200.38
939.7735	197.83	200.11
940.1250	199.85	201.06
940.4735	199.99	201.32
940.8161	197.79	199.44
941.1732	198.51	200.76
941.5230	200.80	200.11
941.8726	198.18	200.03
942.2188	199.00	199.63
942.5670	198.40	199.45
942.9202	198.34	198.85
943.2766	195.12	199.43
943.6263	198.16	199.35
943.9695	196.11	198.33
944.3138	199.26	199.41
944.6623	198.58	199.13
945.0076	197.88	199.20
945.3449	199.12	198.88
945.6989	197.85	199.04
946.0495	198.10	198.10
946.4004	197.91	199.27
946.7516	198.61	198.75
947.0988	197.44	198.40
947.4449	198.96	198.58
947.7986	197.02	199.07
948.1679	198.55	198.93
948.5138	195.58	197.89
948.8584	196.97	198.88
949.2111	198.19	198.66
949.5578	197.47	197.81
949.9025	197.11	198.10
950.2499	197.03	198.42
950.5930	198.94	198.30
950.9371	195.13	197.46
951.2841	197.68	197.67
951.6287	197.04	198.39
951.9738	197.67	198.48
952.3175	199.09	198.70
952.6763	199.18	198.54
953.0352	195.90	198.00
953.3806	195.61	197.83
953.7304	197.45	198.17
954.0824	197.71	198.19
954.4332	197.32	198.52
954.7912	196.15	197.65
955.1381	198.15	198.19
955.4823	198.84	198.11
955.8256	198.84	198.25
956.1763	196.15	196.78
956.5245	198.86	198.83
956.8700	196.54	197.67
957.2297	195.25	196.92
957.5814	198.51	198.02
957.9387	197.93	197.25
958.2914	196.08	197.96
958.6439	195.80	197.25
958.9881	197.89	198.26
959.3333	196.05	197.35
959.6820	197.04	197.58
960.0256	198.14	197.63
960.3688	196.64	197.35
960.7186	196.02	196.88
961.0645	195.46	196.88
961.4066	194.97	196.85
961.7494	195.87	197.14
962.0926	195.50	196.91
962.4407	196.40	197.45
962.7963	195.35	197.48
963.1504	197.09	197.03
963.4922	195.58	197.68
963.8347	195.22	197.01
964.1800	196.73	196.90
964.5239	195.39	196.46
964.8687	195.35	196.72
965.2169	197.60	197.54
965.5687	195.84	196.25
965.9266	195.67	197.62
966.2861	194.48	196.80
966.6441	195.75	196.92
966.9975	198.62	198.30
967.3515	196.33	196.28
967.6994	196.82	196.74
968.0414	196.91	196.81
968.3872	194.49	195.91
968.7363	195.60	196.39
969.0868	195.13	195.43
969.4332	196.85	196.89
969.7746	196.22	196.47
970.1193	194.52	195.83
970.4619	196.40	196.65
970.8024	196.70	196.52
971.1522	195.18	196.37
971.4954	196.03	196.40
971.8400	194.06	195.81
972.1965	195.13	196.34
972.5448	194.06	196.31
972.8844	194.61	196.17
973.2450	194.78	196.38
973.5781	195.62	195.69
973.9235	194.34	195.59
974.2813	194.50	196.09
974.6261	195.05	196.03
974.9716	194.74	195.56
975.3158	193.03	195.27
975.6646	196.76	196.07
976.0086	195.38	195.47
976.3526	198.43	196.54
976.7038	195.73	196.58
977.0461	195.30	196.25
977.3911	195.09	196.86
977.7296	193.82	195.16
978.0741	194.30	195.54
978.4252	196.81	196.07
978.7851	194.09	195.34
979.1370	195.26	196.65
979.4886	193.73	194.72
979.8440	194.51	196.22
980.2003	194.87	194.89
980.5381	195.89	195.03
980.8923	193.00	194.85
981.2528	197.09	196.36
981.6080	195.88	196.16
981.9620	195.06	196.04
982.3173	195.37	196.02
982.6726	192.75	195.35
983.0340	194.19	195.82
983.3846	193.19	194.63
983.7333	194.31	194.45
984.0857	194.93	195.62
984.4355	195.41	195.68
984.7900	192.77	194.73
985.1453	195.52	195.79
985.4910	195.33	195.23
985.8407	194.06	195.07
986.1976	195.42	194.65
986.5495	194.43	195.16
986.8943	192.40	194.20
987.2548	193.84	194.13
987.6033	194.32	195.99
987.9555	192.50	194.43
988.3026	195.88	195.19
988.6427	193.79	194.37
988.9970	193.43	194.40
989.3482	193.81	194.10
989.7042	193.29	194.52
990.0609	193.13	194.37
990.4202	193.81	194.47
990.7747	194.18	194.69
991.1282	194.69	194.38
991.4733	194.59	194.22
991.8158	190.73	193.54
992.1622	193.22	193.64
992.5064	195.04	194.11
992.8478	194.01	194.33
993.2053	192.35	193.53
993.5523	194.09	194.46
993.9031	191.13	193.97
994.2623	193.78	194.26
994.6142	191.88	193.85
994.9711	193.35	194.16
995.3305	192.75	193.74
995.6848	192.42	193.73
996.0432	190.53	192.77
996.3928	193.14	193.85
996.7542	193.27	194.54
997.1077	193.40	193.50
997.4587	192.26	193.20
997.8088	191.64	192.90
998.1657	191.96	193.23
998.5185	193.06	193.45
998.8752	192.94	193.65
999.2301	192.47	192.78
999.5710	192.98	193.52
999.9162	191.90	193.21
1000.2740	192.97	193.40
1000.6262	191.67	192.76
1000.9897	193.04	193.21
1001.3430	193.27	193.36
1001.6981	189.85	192.70
1002.0502	194.05	192.60
1002.3932	192.69	193.10
1002.7375	190.81	192.77
1003.0854	191.04	192.91
1003.4285	191.31	192.67
1003.7737	189.14	191.54
1004.1145	191.69	191.59
1004.4610	190.70	191.75
1004.8070	191.45	191.51
1005.1461	192.62	192.23
1005.4980	192.53	191.91
1005.8641	191.89	191.90
1006.2119	191.58	192.21
1006.5529	191.77	192.14
1006.8974	191.25	191.44
1007.2400	190.81	191.47
1007.5665	189.78	191.31
1007.9312	189.96	191.67
1008.2887	190.77	192.30
1008.6382	190.12	191.52
1008.9911	190.12	192.50
1009.3401	189.84	191.45
1009.6893	192.03	191.89
1010.0303	189.82	190.95
1010.3767	190.71	192.05
1010.7360	190.10	191.79
1011.1020	192.07	192.39
1011.4516	191.64	191.45
1011.7944	190.27	191.61
1012.1535	192.47	191.96
1012.5048	190.99	192.31
1012.8640	191.34	191.91
1013.2226	189.86	190.93
1013.5756	189.08	191.92
1013.9306	190.44	191.54
1014.2840	189.64	191.37
1014.6315	190.98	191.07
1014.9829	190.94	191.84
1015.3268	191.59	190.84
1015.6866	191.58	191.26
1016.0378	192.64	191.31
1016.3787	190.19	191.23
1016.7373	190.12	190.48
1017.0920	189.91	191.47
1017.4365	190.06	191.45
1017.7904	191.60	191.45
1018.1481	191.43	190.95
1018.4974	192.32	191.80
1018.8593	189.71	190.80
1019.2094	190.97	191.15
1019.5641	190.35	191.61
1019.9247	189.32	190.85
1020.2830	189.66	190.94
1020.6389	189.90	190.82
1020.9875	191.00	190.49
1021.3317	188.94	189.79
1021.6773	188.08	190.67
1022.0208	188.02	190.88
1022.3621	187.10	189.85
1022.7104	189.60	190.14
1023.0572	191.52	190.31
1023.4001	192.11	190.66
1023.7456	190.22	190.64
1024.0904	190.48	190.09
1024.4359	189.43	189.89
1024.7837	187.30	189.64
1025.1294	190.08	190.73
1025.4792	190.31	190.87
1025.8263	188.46	190.35
1026.1840	190.33	189.57
1026.5450	188.20	189.63
1026.8964	189.97	190.38
1027.2452	188.87	190.46
1027.5991	189.64	190.24
1027.9464	189.97	190.47
1028.2905	189.68	190.25
1028.6455	189.67	190.37
1028.9955	189.73	190.74
1029.3359	187.60	189.84
1029.6834	189.85	190.92
1030.0265	189.67	190.60
1030.3736	189.69	190.19
1030.7153	186.99	189.23
1031.0590	189.70	190.38
1031.4001	189.56	189.68
1031.7572	190.60	190.63
1032.1054	187.93	189.25
1032.4498	189.03	189.92
1032.8078	188.68	190.42
1033.1513	188.43	189.43
1033.4930	187.47	189.41
1033.8205	188.33	189.28
1034.1634	187.23	189.50
1034.5151	188.06	188.69
1034.8681	189.84	190.53
1035.2274	186.63	190.28
1035.6388	190.97	190.62
1035.9839	188.52	189.69
1036.3258	187.92	189.92
1036.6719	189.06	189.65
1037.0157	188.81	189.88
1037.3576	188.67	188.39
1037.7060	190.04	190.36
1038.0511	188.99	189.53
1038.3948	188.05	189.01
1038.7379	187.66	188.45
1039.0816	187.04	188.72
1039.4284	188.46	188.83
1039.7849	188.11	189.18
1040.1282	186.63	189.23
1040.4703	187.17	189.28
1040.8244	186.08	188.52
1041.1813	187.89	188.79
1041.5275	188.00	188.91
1041.8752	188.27	189.82
1042.2280	188.29	188.22
1042.5729	188.92	189.36
1042.9180	189.27	189.13
1043.2621	188.53	188.63
1043.6108	187.75	188.74
1043.9549	188.14	188.95
1044.2995	186.64	188.55
1044.6413	187.91	188.23
1044.9855	187.34	188.50
1045.3318	187.49	188.92
1045.6813	188.20	188.36
1046.0267	187.95	188.67
1046.3688	186.83	188.62
1046.7180	186.26	187.53
1047.0618	185.61	187.99
1047.4063	187.05	188.99
1047.7636	186.67	188.31
1048.1169	186.76	188.02
1048.4871	187.20	188.04
1048.8320	187.83	188.44
1049.1801	187.33	188.28
1049.5233	187.37	188.11
1049.8665	187.00	187.79
1050.2119	186.82	187.57
1050.5563	187.52	187.51
1050.8972	184.92	187.70
1051.2458	186.79	187.79
1051.5887	187.98	188.08
1051.9286	186.71	188.51
1052.2726	186.92	187.48
1052.6238	186.87	188.69
1052.9820	186.92	187.64
1053.3357	186.85	187.64
1053.6892	187.67	187.77
1054.0410	186.90	188.36
1054.3857	185.02	187.03
1054.7363	186.39	187.75
1055.0831	189.33	187.39
1055.4277	186.02	187.08
1055.7746	188.11	187.92
1056.1303	186.87	187.37
1056.4830	187.16	187.80
1056.8297	186.97	187.47
1057.1836	187.59	187.42
1057.5395	186.46	187.99
1057.8882	185.90	187.95
1058.2450	186.81	188.21
1058.5953	186.49	188.66
1058.9440	185.79	187.27
1059.2962	187.47	188.44
1059.6539	187.39	186.56
1060.0003	185.76	186.10
1060.3692	187.52	187.23
1060.7128	184.15	186.61
1061.0577	186.46	186.15
1061.4029	186.75	187.03
1061.7631	186.63	187.49
1062.1141	186.14	187.07
1062.4593	185.70	186.32
1062.8135	184.21	186.94
1063.1692	186.03	186.82
1063.5072	185.38	186.44
1063.8525	187.03	187.19
1064.2032	185.27	187.29
1064.5477	185.58	186.87
1064.8918	185.42	186.81
1065.2395	187.12	186.70
1065.5844	185.11	186.50
1065.9194	185.06	186.66
1066.2672	186.23	186.75
1066.6176	185.17	186.80
1066.9826	186.60	186.59
1067.3348	185.51	186.76
1067.6915	184.71	187.23
1068.0381	184.16	186.26
1068.3810	185.15	185.85
1068.7410	183.49	186.31
1069.1593	185.72	185.86
1069.5121	185.54	185.97
1069.8576	186.59	186.48
1070.2077	185.04	185.82
1070.5575	186.33	186.20
1070.9228	187.03	186.36
1071.2829	187.25	186.47
1071.6369	183.89	185.43
1071.9843	184.21	186.01
1072.3277	187.35	186.04
1072.6848	186.64	186.69
1073.0510	185.82	186.39
1073.3948	184.38	185.00
1073.7532	185.03	185.64
1074.1047	182.69	184.55
1074.4565	182.58	185.52
1074.8069	183.44	185.50
1075.1625	184.15	185.19
1075.5089	185.28	186.09
1075.8726	185.76	185.89
1076.2332	183.55	185.33
1076.5781	183.16	184.75
1076.9236	185.13	185.50
1077.2817	184.13	184.41
1077.6320	182.62	185.81
1077.9797	184.04	185.17
1078.3239	186.07	185.51
1078.6733	183.18	184.62
1079.0176	183.22	184.58
1079.3599	184.94	185.04
1079.7086	184.17	185.88
1080.0491	184.10	184.95
1080.3954	183.19	184.87
1080.7553	182.11	184.71
1081.1047	183.37	184.42
1081.4538	182.41	184.45
1081.8011	183.06	185.17
1082.1502	181.75	184.59
1082.4920	184.50	185.17
1082.8360	182.03	184.75
1083.1876	182.93	184.44
1083.5351	183.60	184.63
1083.8769	182.15	184.34
1084.2337	184.44	184.60
1084.5827	183.37	185.10
1084.9257	184.70	185.45
1085.2726	183.78	184.33
1085.6263	182.98	183.96
1085.9888	182.09	184.29
1086.3339	184.10	184.68
1086.6912	184.79	184.48
1087.0403	182.97	184.40
1087.3858	183.03	183.84
1087.7436	182.38	183.52
1088.0882	181.79	183.89
1088.4335	183.01	184.34
1088.7896	182.27	184.62
1089.1439	183.60	184.21
1089.4932	184.77	184.70
1089.8468	184.08	184.86
1090.2077	183.66	185.34
1090.5552	183.36	184.66
1090.9153	182.70	184.26
1091.2677	182.87	184.44
1091.6100	182.38	184.45
1091.9531	183.87	184.72
1092.3019	183.55	184.04
1092.6517	182.41	184.83
1092.9936	183.50	184.33
1093.3396	184.82	185.21
1093.6898	182.22	184.79
1094.0185	182.62	183.70
1094.3395	184.30	184.27
1094.6838	182.10	183.87
1095.0288	184.88	184.14
1095.3747	183.92	183.90
1095.7293	182.41	183.54
1096.0718	183.86	184.25
1096.4153	182.15	183.88
1096.7643	183.90	184.46
1097.1119	182.57	183.82
1097.4467	181.26	183.73
1097.7913	180.62	182.95
1098.1473	184.54	184.18
1098.4954	181.52	184.14
1098.8377	183.23	183.85
1099.1886	182.54	184.81
1099.5316	182.88	184.14
1099.8757	183.09	184.75
1100.2225	181.96	183.26
1100.5682	183.75	184.11
1100.9287	182.39	183.95
1101.2852	184.13	184.38
1101.6399	182.03	183.86
1101.9903	182.85	184.24
1102.3435	182.26	184.95
1102.6915	183.23	183.40
1103.0375	182.88	184.98
1103.3876	183.87	183.68
1103.7433	181.99	184.17
1104.0989	183.04	183.09
1104.4526	181.76	183.26
1104.8110	181.96	183.57
1105.1641	182.72	183.63
1105.5135	182.76	183.26
1105.8670	182.96	183.64
1106.2278	182.96	183.79
1106.5777	181.44	183.02
1106.9331	182.88	183.10
1107.2898	182.54	183.59
1107.6420	183.34	182.57
1107.9903	182.66	183.05
1108.3344	182.56	183.06
1108.6960	181.71	182.97
1109.0459	181.42	182.92
1109.3901	181.33	182.62
1109.7372	180.98	182.23
1110.0839	182.48	183.87
1110.4240	181.25	183.44
1110.7684	179.73	182.05
1111.1028	180.89	182.84
1111.4502	181.62	183.05
1111.8007	180.68	183.86
1112.1491	181.43	182.47
1112.5496	181.68	182.92
1112.9212	178.56	182.23
1113.2788	181.20	182.50
1113.6225	182.62	183.23
1113.9676	180.79	182.32
1114.3220	180.86	182.07
1114.6720	181.46	182.59
1115.0185	182.02	183.41
1115.3605	181.91	183.13
1115.7183	182.46	183.19
1116.0709	181.29	181.66
1116.4294	181.09	182.81
1116.7740	181.06	182.71
1117.1181	180.45	182.98
1117.4623	181.88	182.37
1117.8060	181.26	182.23
1118.1552	181.03	182.46
1118.4958	179.26	181.81
1118.8407	182.36	182.54
1119.1957	181.86	182.03
1119.5521	179.86	181.28
1119.9196	182.25	182.81
1120.2693	182.60	182.40
1120.6233	181.18	182.68
1120.9835	181.03	182.38
1121.3347	181.22	181.97
1121.6818	180.56	182.32
1122.0271	181.83	182.13
1122.3711	179.33	181.57
1122.7184	181.67	182.18
1123.0581	181.31	182.73
1123.4015	181.13	181.67
1123.7636	183.21	182.80
1124.1108	181.81	182.02
1124.4568	181.11	181.37
1124.8115	181.30	182.53
1125.1569	180.49	182.70
1125.4991	180.74	182.24
1125.8453	180.62	181.68
1126.1908	180.76	181.82
1126.5348	181.78	181.95
1126.8778	180.48	181.77
1127.2237	180.79	181.86
1127.5741	179.72	181.83
1127.9296	182.08	182.41
1128.2739	180.91	181.93
1128.6232	180.44	181.06
1128.9794	179.61	181.47
1129.3360	180.33	181.82
1129.6950	179.65	181.11
1130.0442	182.29	181.86
1130.3936	183.82	182.15
1130.7346	179.73	181.79
1131.0797	180.26	181.80
1131.4225	180.78	181.94
1131.7655	181.45	181.78
1132.1096	181.10	182.08
1132.4533	181.51	181.35
1132.8007	181.29	181.67
1133.1478	180.90	181.87
1133.4879	181.22	181.49
1133.8321	181.30	181.07
1134.1817	181.63	181.23
1134.5237	179.58	181.84
1134.8602	180.28	180.43
1135.1922	180.10	181.25
1135.5367	180.21	180.63
1135.8816	179.24	180.97
1136.2302	179.84	180.29
1136.5715	179.57	180.23
1136.9215	179.74	180.70
1137.2779	179.95	181.55
1137.6295	182.44	181.32
1137.9769	179.83	181.14
1138.3173	179.88	180.83
1138.6675	178.32	180.75
1139.0143	179.29	180.89
1139.3574	180.16	181.58
1139.7095	179.36	181.34
1140.0513	180.52	181.80
1140.3961	180.45	180.44
1140.7532	181.26	181.50
1141.1032	180.07	181.09
1141.4545	179.27	180.24
1141.7984	179.97	180.72
1142.1427	179.58	180.70
1142.4841	179.67	180.26
1142.8346	179.88	181.47
1143.1873	178.87	181.12
1143.5327	179.99	180.12
1143.8795	180.21	180.58
1144.2322	179.89	180.10
1144.5810	179.66	180.72
1144.9360	181.74	180.95
1145.2919	179.25	180.98
1145.6437	179.60	180.47
1146.0010	177.07	179.57
1146.3506	178.63	180.47
1146.7015	181.72	181.14
1147.0466	179.17	180.13
1147.3894	180.02	180.73
1147.7512	179.87	179.96
1148.0969	179.72	180.08
1148.4395	180.17	180.58
1148.7944	179.36	180.09
1149.1517	179.78	180.51
1149.4980	181.37	181.52
1149.8447	178.53	180.23
1150.2046	178.88	180.51
1150.5578	178.14	180.78
1150.9069	180.54	181.18
1151.2576	178.62	181.03
1151.6031	179.81	180.57
1151.9467	178.83	180.11
1152.3050	179.01	179.98
1152.6396	178.17	180.25
1153.0556	180.54	181.02
1153.4036	178.35	180.14
1153.7519	178.52	181.10
1154.0975	180.79	180.49
1154.4160	177.92	179.86
1154.7639	179.53	180.79
1155.1182	179.32	179.95
1155.4693	180.10	180.16
1155.8216	179.34	180.75
1156.1665	177.96	179.42
1156.5174	177.87	179.52
1156.8714	179.29	180.14
1157.2334	178.54	180.09
1157.5855	178.42	179.15
1157.9262	178.98	179.58
1158.2693	179.05	179.52
1158.6254	180.10	179.41
1158.9782	177.29	179.14
1159.3263	178.89	179.71
1159.6831	179.37	179.35
1160.0477	178.75	180.14
1160.3897	178.64	179.50
1160.7401	177.57	179.95
1161.0872	177.73	179.16
1161.4267	178.46	178.77
1161.7710	177.77	179.16
1162.1162	178.50	179.46
1162.4585	178.55	179.78
1162.8053	175.78	178.69
1163.1526	179.04	179.69
1163.5016	177.42	178.90
1163.8645	178.94	179.70
1164.2237	176.96	179.50
1164.5749	177.75	179.29
1164.9247	178.34	178.96
1165.2580	179.26	179.55
1165.6047	178.95	178.68
1165.9396	179.10	178.85
1166.2860	178.98	178.64
1166.6337	176.76	179.15
1166.9764	177.62	178.23
1167.3238	176.55	178.19
1167.6613	178.23	178.80
1168.0109	176.44	178.13
1168.3509	177.39	178.07
1168.7002	177.60	178.74
1169.0515	177.87	178.59
1169.3994	177.89	179.18
1169.7411	177.32	177.58
1170.0854	178.43	178.54
1170.4405	176.21	178.41
1170.7881	176.33	178.39
1171.1217	176.56	177.90
1171.4593	178.18	177.90
1171.7978	177.88	178.23
1172.1283	176.08	178.19
1172.6981	179.54	180.22
1173.2981	178.56	179.38
1173.7968	179.03	179.72
1174.2231	179.42	179.09
1174.6645	178.35	179.47
1175.2001	181.57	180.28
1175.6987	176.56	178.85
1176.2454	180.54	180.87
1176.7355	178.55	179.62
1177.0901	178.69	178.40
1177.4378	174.82	178.31
1177.7816	177.46	178.51
1178.1336	177.68	179.22
1178.4812	176.02	177.99
1178.8146	177.58	178.88
1179.2966	178.69	179.31
1179.7267	178.45	179.03
1180.1781	177.33	178.45
1180.6336	179.02	179.02
1181.1145	177.57	179.09
1181.5615	179.13	179.50
1181.9936	178.72	179.58
1182.3312	179.30	179.88
1182.7872	177.62	179.26
1183.2415	178.48	179.37
1183.7146	177.73	179.19
1184.1924	178.85	179.36
1184.6838	179.68	179.79
1185.1788	178.70	179.70
1185.6785	178.89	179.51
1186.1539	178.53	178.95
1186.6155	177.88	178.96
1187.0567	177.53	178.67
1187.5021	178.11	179.69
1187.8445	177.67	179.30
1188.3031	178.31	179.38
1188.7860	178.61	180.07
1189.2426	177.75	179.51
1189.7174	176.52	179.00
1190.1713	176.19	178.80
1190.6162	179.62	180.14
1191.1326	179.53	179.48
1191.6063	179.78	178.87
1192.0497	177.17	178.46
1192.4983	178.22	178.77
1193.0019	177.01	178.71
1193.5056	179.50	178.45
1194.0280	178.88	179.54
1194.5078	178.04	178.95
1194.8435	178.63	179.29
1195.2784	177.20	178.13
1195.7498	177.14	178.62
1196.2395	177.74	178.68
1196.7507	178.21	178.51
1197.2484	179.18	178.72
1197.7400	176.69	179.14
1198.2220	176.10	178.07
1198.6628	176.39	178.34
1199.1089	177.06	177.89
1199.5531	176.42	178.31
1199.9943	177.05	178.26
1200.3429	178.13	178.55
1200.7894	176.30	178.08
1201.2548	176.40	178.05
1201.7600	177.70	178.72
1202.2341	176.72	178.58
1202.6609	174.76	177.25
1203.1137	177.58	178.30
1203.5496	175.60	177.95
1204.0217	178.91	178.23
1204.5233	177.24	177.57
1205.0171	177.95	178.81
1205.5218	177.20	178.42
1205.9888	176.30	178.05
1206.3268	176.91	178.85
1206.7792	177.09	177.48
1207.2271	177.01	177.86
1207.6751	178.09	178.11
1208.1522	175.73	178.15
1208.6082	176.78	178.15
1209.0901	177.06	177.90
1209.5646	177.00	177.75
1210.0397	177.55	178.05
1210.5187	177.09	177.88
1211.0025	178.37	177.84
1211.3435	177.43	177.86
1211.8025	177.84	178.33
1212.3096	177.00	177.77
1212.7997	178.68	177.29
1213.2976	177.08	177.08
1213.7845	177.42	177.43
1214.2381	176.07	177.83
1214.7303	176.71	177.51
1215.1837	176.86	177.31
1215.6869	175.82	177.70
1216.1601	176.42	176.71
1216.6069	176.60	176.50
1217.0823	174.43	176.76
1217.5497	176.44	176.61
1217.9915	175.58	176.55
1218.3334	174.88	176.34
1218.7875	173.54	176.15
1219.2310	174.85	175.84
1219.6661	174.34	176.52
1220.1313	175.22	176.79
1220.6347	175.43	177.53
1221.1406	176.35	176.75
1221.6118	174.67	176.47
1222.0404	176.20	175.50
1222.5368	175.21	176.01
1222.9985	173.97	175.30
1223.3386	176.94	175.89
1223.7958	176.69	176.29
1224.3080	176.62	176.00
1224.8163	175.61	176.24
1225.2917	177.09	176.27
1225.7735	176.21	176.19
1226.2131	175.82	176.52
1226.6664	176.62	176.31
1227.1167	174.37	175.40
1227.5607	174.43	175.75
1228.0329	176.30	176.39
1228.5233	174.74	176.62
1229.0296	175.30	176.66
1229.4964	175.30	176.10
1229.8385	176.23	176.69
1230.3120	175.76	175.81
1230.8212	175.06	175.62
1231.3043	175.24	176.04
1231.7979	174.67	175.37
1232.3052	176.43	175.37
1232.8066	174.09	176.14
1233.3053	174.30	175.31
1234.0105	176.85	176.67
1234.3499	176.00	175.74
1234.7788	172.95	175.77
1235.2539	174.08	175.42
1235.7366	172.03	174.85
1236.2556	174.98	174.91
1236.7519	172.69	174.89
1237.2428	175.07	175.32
1237.7606	174.67	175.37
1238.2569	175.44	175.46
1238.7312	173.14	175.44
1239.2146	175.73	176.03
1239.6716	172.56	174.62
1240.1481	175.99	175.83
1240.6209	175.12	175.11
1241.0635	174.20	174.57
1241.4876	173.91	174.97
1241.8394	174.73	175.45
1242.3020	175.74	174.63
1242.7826	173.83	175.17
1243.2184	174.71	174.96
1243.7073	176.17	175.32
1244.1851	176.06	175.43
1244.6709	174.07	175.18
1245.1084	174.00	175.36
1245.5792	174.99	175.43
1246.0731	174.80	174.89
1246.5505	175.53	174.79
1246.9927	174.60	175.21
1247.3324	175.51	174.51
1247.7946	175.79	176.03
1248.2880	174.12	175.95
1248.7635	173.19	174.78
1249.2535	172.26	175.17
1249.7472	174.05	175.08
1250.2253	174.02	175.34
1250.6779	172.35	175.68
1251.1647	174.01	174.90
1251.6464	174.34	175.02
1252.1268	173.73	174.96
1252.6055	174.04	175.38
1253.0848	174.88	175.27
1253.6379	174.49	175.63
1254.1403	172.88	175.79
1254.6153	174.06	175.30
1255.0618	175.92	175.98
1255.5454	173.72	174.96
1256.0297	175.75	175.15
1256.5215	174.02	174.65
1257.0345	174.61	175.12
1257.5025	174.03	175.47
1258.0158	174.44	175.39
1258.5258	174.43	175.26
1258.9956	172.91	174.44
1259.3367	171.30	173.98
1259.8064	173.97	173.91
1260.2904	173.57	174.57
1260.7483	173.15	174.40
1261.2545	173.74	174.74
1261.7636	173.05	174.56
1262.2603	172.61	174.78
1262.7992	173.61	174.90
1263.3052	174.68	175.12
1263.7941	172.60	173.59
1264.2636	172.13	173.70
1264.7196	172.71	174.00
1265.1570	171.65	173.91
1265.6101	171.61	173.63
1266.0765	174.92	173.85
1266.5492	174.42	174.96
1267.0065	172.46	173.74
1267.3425	173.43	174.45
1267.7815	172.51	174.48
1268.2737	174.19	173.92
1268.7299	173.13	174.13
1269.1835	173.53	174.29
1269.6908	173.19	174.35
1270.1732	172.93	174.67
1270.6117	173.71	173.65
1271.0631	175.06	174.57
1271.5803	172.61	174.65
1272.0815	173.99	174.07
1272.5836	172.68	174.50
1273.0909	171.86	173.27
1273.5450	174.39	174.50
1274.0059	173.86	173.90
1274.5034	173.93	174.37
1274.8350	173.47	173.17
1275.5874	174.15	174.62
1276.0694	171.97	173.21
1276.5549	174.14	173.81
1277.0215	171.97	173.22
1277.5217	174.31	174.30
1278.0255	173.37	174.54
1278.5321	174.12	174.81
1279.0070	172.95	173.85
1279.5319	172.67	172.70
1280.0240	172.22	173.27
1280.5057	172.25	173.01
1280.9955	172.96	173.47
1281.3327	173.55	173.72
1281.7894	172.97	173.56
1282.2423	171.82	172.30
1282.7218	172.29	172.89
1283.1949	172.08	173.72
1283.7038	170.73	173.39
1284.1897	171.59	173.26
1284.7025	171.42	172.99
1285.1885	170.22	172.90
1285.6838	172.34	173.66
1286.1743	171.59	173.07
1286.6505	170.36	172.47
1287.1197	172.64	173.13
1287.6428	173.40	173.75
1288.1476	171.02	173.33
1288.6303	172.01	172.81
1289.1552	171.60	173.53
1289.6130	171.07	172.40
1290.0855	171.91	173.82
1290.6272	174.73	173.46
1291.2656	172.97	173.00
