sep= 
Time [s]	R1_m5 [ng/cm^2]	C1_m [ng/cm^2]
0.0000	Failed	Failed
1.0017	Failed	Failed
2.0055	Failed	Failed
3.0052	Failed	Failed
4.0025	Failed	Failed
4.9924	Failed	Failed
5.9881	Failed	Failed
6.9897	Failed	Failed
7.9917	Failed	Failed
8.9924	Failed	Failed
9.9937	Failed	Failed
10.9966	Failed	Failed
12.0004	Failed	Failed
13.0021	Failed	Failed
13.9872	Failed	Failed
14.9868	Failed	Failed
15.9874	Failed	Failed
16.9895	Failed	Failed
17.9913	Failed	Failed
18.9933	Failed	Failed
19.9939	Failed	Failed
20.9915	Failed	Failed
21.9923	Failed	Failed
22.9950	Failed	Failed
23.9979	Failed	Failed
24.9969	Failed	Failed
25.9957	Failed	Failed
26.9976	Failed	Failed
27.9998	Failed	Failed
29.0029	Failed	Failed
30.0055	Failed	Failed
30.9984	Failed	Failed
32.0005	Failed	Failed
33.0037	Failed	Failed
34.0012	Failed	Failed
35.0025	Failed	Failed
36.0031	Failed	Failed
37.0043	Failed	Failed
38.0062	Failed	Failed
39.0041	Failed	Failed
40.0022	Failed	Failed
41.0032	Failed	Failed
42.2907	Failed	Failed
43.4409	Failed	Failed
44.4452	Failed	Failed
45.7425	Failed	Failed
46.7332	Failed	Failed
47.7328	Failed	Failed
48.7317	Failed	Failed
49.7288	Failed	Failed
50.7219	Failed	Failed
51.7238	Failed	Failed
52.7246	Failed	Failed
53.7219	Failed	Failed
54.7217	Failed	Failed
55.7134	Failed	Failed
56.6964	Failed	Failed
57.6916	Failed	Failed
58.6946	Failed	Failed
59.6963	Failed	Failed
60.6981	Failed	Failed
61.7000	Failed	Failed
62.7026	Failed	Failed
63.7017	Failed	Failed
64.7022	Failed	Failed
65.7034	Failed	Failed
66.7060	Failed	Failed
67.7081	Failed	Failed
68.7113	Failed	Failed
69.7086	Failed	Failed
70.7071	Failed	Failed
71.7056	Failed	Failed
72.7066	Failed	Failed
73.7051	Failed	Failed
74.6944	Failed	Failed
75.6952	Failed	Failed
76.6919	Failed	Failed
77.6926	Failed	Failed
78.6937	Failed	Failed
79.6869	Failed	Failed
80.6875	Failed	Failed
81.6907	Failed	Failed
82.6906	Failed	Failed
83.6888	Failed	Failed
84.6847	Failed	Failed
85.6822	Failed	Failed
86.6849	Failed	Failed
87.6851	Failed	Failed
88.6786	Failed	Failed
89.6753	Failed	Failed
90.6714	Failed	Failed
91.6733	Failed	Failed
92.6731	Failed	Failed
93.6712	Failed	Failed
94.6702	Failed	Failed
95.6665	Failed	Failed
96.6643	Failed	Failed
97.6622	Failed	Failed
98.6532	Failed	Failed
99.6527	Failed	Failed
100.6501	Failed	Failed
101.6491	Failed	Failed
102.6401	Failed	Failed
103.6334	Failed	Failed
104.6179	Failed	Failed
105.6166	Failed	Failed
106.6162	Failed	Failed
107.6160	Failed	Failed
108.6172	Failed	Failed
109.6187	Failed	Failed
110.6133	Failed	Failed
111.6150	Failed	Failed
112.6132	Failed	Failed
113.6140	Failed	Failed
114.6165	Failed	Failed
115.6154	Failed	Failed
116.6117	Failed	Failed
117.6086	Failed	Failed
118.6066	Failed	Failed
119.6059	Failed	Failed
120.6044	Failed	Failed
121.6037	Failed	Failed
122.6033	Failed	Failed
123.6017	Failed	Failed
124.6014	Failed	Failed
125.6025	Failed	Failed
126.5995	Failed	Failed
127.6000	Failed	Failed
128.5960	Failed	Failed
129.5884	Failed	Failed
130.5865	Failed	Failed
131.5864	Failed	Failed
132.5830	Failed	Failed
133.5743	Failed	Failed
134.5661	Failed	Failed
135.5609	Failed	Failed
136.5436	Failed	Failed
137.5424	Failed	Failed
138.5398	Failed	Failed
139.5403	Failed	Failed
140.5412	Failed	Failed
141.5381	Failed	Failed
142.5355	Failed	Failed
143.5310	Failed	Failed
144.5315	Failed	Failed
145.5327	Failed	Failed
146.5331	Failed	Failed
147.5345	Failed	Failed
148.5324	Failed	Failed
149.5293	Failed	Failed
150.5288	Failed	Failed
151.5297	Failed	Failed
152.5298	Failed	Failed
153.5299	Failed	Failed
154.5268	Failed	Failed
155.5269	Failed	Failed
156.5298	Failed	Failed
157.5172	Failed	Failed
158.5182	Failed	Failed
159.5198	Failed	Failed
160.5177	Failed	Failed
161.5166	Failed	Failed
162.5114	Failed	Failed
163.5085	Failed	Failed
164.5098	Failed	Failed
165.5025	Failed	Failed
166.4948	Failed	Failed
167.4916	Failed	Failed
168.4765	Failed	Failed
169.4760	Failed	Failed
170.4732	Failed	Failed
171.4765	Failed	Failed
172.4744	Failed	Failed
173.4735	Failed	Failed
174.4735	Failed	Failed
175.4723	Failed	Failed
176.4727	Failed	Failed
177.4744	Failed	Failed
178.4757	Failed	Failed
179.4773	Failed	Failed
180.4782	Failed	Failed
181.4740	Failed	Failed
182.4704	Failed	Failed
183.4721	Failed	Failed
184.4715	Failed	Failed
185.4687	Failed	Failed
186.4650	Failed	Failed
187.4626	Failed	Failed
188.4610	Failed	Failed
189.4595	Failed	Failed
190.4591	0.00	0.00
191.4556	0.00	0.00
194.5025	0.00	0.00
197.1647	0.00	0.00
197.9115	0.00	0.00
198.2606	0.00	0.00
198.5925	0.00	0.00
198.9496	0.00	0.00
199.2765	0.00	0.00
199.6168	0.00	0.00
199.9575	0.00	0.00
200.2901	0.00	0.00
200.6293	0.00	0.00
200.9590	0.00	0.00
201.2955	0.00	0.00
201.6496	0.00	0.00
201.9935	0.00	0.00
202.3366	0.00	0.00
202.6813	0.00	0.00
203.0152	0.00	0.00
203.3672	0.00	0.00
203.7139	0.00	0.00
204.0556	0.00	0.00
204.3895	0.00	0.00
204.7300	0.00	0.00
205.0771	0.00	0.00
205.4155	0.00	0.00
205.7685	0.00	0.00
206.1116	0.00	0.00
206.4389	0.00	0.00
206.7827	0.00	0.00
207.1178	0.00	0.00
207.4592	0.00	0.00
207.7978	0.00	0.00
208.1340	0.00	0.00
208.4757	0.00	0.00
208.8117	0.00	0.00
209.1511	0.00	0.00
209.4937	0.00	0.00
209.8295	0.00	0.00
210.1793	0.00	0.00
210.5106	0.00	0.00
210.8447	0.00	0.00
211.1922	0.00	0.00
211.5249	0.00	0.00
211.9016	0.00	0.00
212.2198	0.00	0.00
212.5398	0.00	0.00
212.8829	0.00	0.00
213.2223	0.00	0.00
213.5639	0.00	0.00
213.9035	0.00	0.00
214.2559	0.00	0.00
214.6356	0.00	0.00
214.9697	0.00	0.00
215.3065	0.00	0.00
215.6566	0.00	0.00
215.9878	0.00	0.00
216.3410	0.00	0.00
216.7025	0.00	0.00
217.0686	0.00	0.00
217.4182	0.00	0.00
217.7652	0.00	0.00
218.1282	0.00	0.00
218.4618	0.00	0.00
218.7965	0.00	0.00
219.1323	0.00	0.00
219.4730	0.00	0.00
219.8050	0.00	0.00
220.1416	0.00	0.00
220.4774	0.00	0.00
220.8115	0.00	0.00
221.1426	0.00	0.00
221.4642	0.00	0.00
221.8069	0.00	0.00
222.6420	0.00	0.00
222.9513	0.00	0.00
223.2860	0.00	0.00
223.6245	0.00	0.00
223.9669	0.00	0.00
224.3079	0.00	0.00
224.6487	0.00	0.00
224.9617	0.00	0.00
225.3016	0.00	0.00
225.6375	0.00	0.00
225.9666	0.00	0.00
226.3254	0.00	0.00
226.6653	0.00	0.00
227.0216	0.00	0.00
227.3730	0.00	0.00
227.7214	0.00	0.00
228.0523	0.00	0.00
228.3983	0.00	0.00
228.7253	0.00	0.00
229.0544	0.00	0.00
229.4023	0.00	0.00
229.7483	0.00	0.00
230.1079	0.00	0.00
230.4681	0.00	0.00
230.8086	0.00	0.00
231.1510	0.00	0.00
231.5081	0.00	0.00
231.8586	0.00	0.00
232.2059	0.00	0.00
232.5512	0.00	0.00
232.8850	0.00	0.00
233.2487	0.00	0.00
234.4027	0.00	0.00
234.9789	0.00	0.00
235.4528	0.00	0.00
235.9699	0.00	0.00
236.5218	0.00	0.00
236.8513	0.00	0.00
237.2000	0.00	0.00
237.5877	0.00	0.00
237.9101	0.00	0.00
238.2505	0.00	0.00
238.7088	0.00	0.00
239.0529	0.00	0.00
239.6185	0.00	0.00
239.9638	0.00	0.00
240.5471	0.00	0.00
240.8689	0.00	0.00
241.1989	0.00	0.00
241.5200	0.00	0.00
241.9843	0.00	0.00
242.3125	0.00	0.00
242.7894	0.00	0.00
243.1772	0.00	0.00
243.5237	0.00	0.00
243.8441	0.00	0.00
244.2462	0.00	0.00
244.5643	0.00	0.00
245.0453	0.00	0.00
245.3618	0.00	0.00
245.6995	0.00	0.00
246.0739	0.00	0.00
246.5187	0.00	0.00
247.2327	0.00	0.00
247.7395	0.00	0.00
248.1984	0.00	0.00
248.7096	0.00	0.00
249.2430	0.00	0.00
249.8982	0.00	0.00
250.2998	0.00	0.00
250.6467	0.00	0.00
251.0079	0.00	0.00
251.3463	0.00	0.00
251.7180	0.00	0.00
252.0773	0.00	0.00
252.4205	0.00	0.00
252.7767	0.00	0.00
253.1187	0.00	0.00
253.4709	0.00	0.00
253.8235	0.00	0.00
254.2171	0.00	0.00
254.6014	0.00	0.00
254.9708	0.00	0.00
255.3022	0.00	0.00
255.6430	0.00	0.00
256.0379	0.00	0.00
256.3976	0.00	0.00
256.7474	0.00	0.00
257.0685	0.00	0.00
257.4264	0.00	0.00
257.7580	0.00	0.00
258.0943	0.00	0.00
258.5302	0.00	0.00
258.9256	0.00	0.00
259.2615	0.00	0.00
259.6393	0.00	0.00
260.0444	0.00	0.00
260.4070	0.00	0.00
260.7371	0.00	0.00
261.1008	0.00	0.00
261.4680	0.00	0.00
261.8210	0.00	0.00
262.1972	0.00	0.00
262.5782	0.00	0.00
262.9817	0.00	0.00
263.3116	0.00	0.00
263.6652	0.00	0.00
264.0287	0.00	0.00
264.3704	0.00	0.00
264.7295	0.00	0.00
265.0840	0.00	0.00
265.4230	0.00	0.00
265.7697	0.00	0.00
266.1577	0.00	0.00
266.5260	0.00	0.00
266.9201	0.00	0.00
267.2750	0.00	0.00
267.6597	0.00	0.00
268.0428	0.00	0.00
268.4351	0.00	0.00
268.7864	0.00	0.00
269.1597	0.00	0.00
269.5395	0.00	0.00
269.9008	0.00	0.00
270.2483	0.00	0.00
270.5898	0.00	0.00
270.9592	0.00	0.00
271.3152	0.00	0.00
271.7211	0.00	0.00
272.0886	0.00	0.00
272.4650	0.00	0.00
272.8127	0.00	0.00
273.2019	0.00	0.00
273.5921	0.00	0.00
273.9724	0.00	0.00
274.3148	0.00	0.00
274.6985	0.00	0.00
275.0735	0.00	0.00
275.4172	0.00	0.00
275.7705	0.00	0.00
276.1512	0.00	0.00
276.5392	0.00	0.00
276.9458	0.00	0.00
277.2896	0.00	0.00
277.6335	0.00	0.00
277.9732	0.00	0.00
278.3192	0.00	0.00
278.7253	0.00	0.00
279.1054	0.00	0.00
279.4991	0.00	0.00
279.8518	0.00	0.00
280.2223	0.00	0.00
280.6044	0.00	0.00
280.9809	0.00	0.00
281.3284	0.00	0.00
281.7323	0.00	0.00
282.0978	0.00	0.00
282.5044	0.00	0.00
282.8451	0.00	0.00
283.2054	0.00	0.00
283.6010	0.00	0.00
283.9529	0.00	0.00
284.2995	0.00	0.00
284.6457	0.00	0.00
285.0216	0.00	0.00
285.3450	0.00	0.00
285.7044	0.00	0.00
286.1205	0.00	0.00
286.4812	0.00	0.00
286.8189	0.00	0.00
287.2001	0.00	0.00
287.5353	0.00	0.00
287.9209	0.00	0.00
288.2682	0.00	0.00
288.6736	0.00	0.00
289.0528	0.00	0.00
289.4356	0.00	0.00
289.7900	0.00	0.00
290.1623	0.00	0.00
290.5429	0.00	0.00
290.9140	0.00	0.00
291.2617	0.00	0.00
291.6780	0.00	0.00
292.0629	0.00	0.00
292.4373	0.00	0.00
292.7810	0.00	0.00
293.1564	0.00	0.00
293.5547	0.00	0.00
293.9118	0.00	0.00
294.2635	0.00	0.00
294.6722	0.00	0.00
295.0763	0.00	0.00
295.5008	0.00	0.00
295.8537	0.00	0.00
296.2463	0.00	0.00
296.6121	0.00	0.00
296.9895	0.00	0.00
297.3423	0.00	0.00
297.7342	0.00	0.00
298.0812	0.00	0.00
298.4917	0.00	0.00
298.8334	0.00	0.00
299.2196	0.00	0.00
299.5972	0.00	0.00
300.0024	0.00	0.00
300.3507	0.00	0.00
300.6906	0.00	0.00
301.0456	0.00	0.00
301.4268	0.00	0.00
301.7836	0.00	0.00
302.1570	0.00	0.00
302.5166	0.00	0.00
302.9185	0.00	0.00
303.2560	0.00	0.00
303.5993	0.00	0.00
303.9793	0.00	0.00
304.3344	0.00	0.00
304.7167	0.00	0.00
305.0746	0.00	0.00
305.4819	0.00	0.00
305.8304	0.00	0.00
306.1934	0.00	0.00
306.5308	0.00	0.00
306.9131	0.00	0.00
307.2709	0.00	0.00
307.6649	0.00	0.00
308.0398	0.00	0.00
308.4060	0.00	0.00
308.7563	0.00	0.00
309.1354	0.00	0.00
309.4692	0.00	0.00
309.8126	0.00	0.00
310.1636	0.00	0.00
310.5463	0.00	0.00
310.9119	0.00	0.00
311.2696	0.00	0.00
311.6557	0.00	0.00
312.0195	0.00	0.00
312.3616	0.00	0.00
312.7051	0.00	0.00
313.0766	0.00	0.00
313.4336	0.00	0.00
313.7920	0.00	0.00
314.1791	0.00	0.00
314.5559	0.00	0.00
314.9270	0.00	0.00
315.2441	0.00	0.00
315.6068	0.00	0.00
315.9740	0.00	0.00
316.3029	0.00	0.00
316.6449	0.00	0.00
316.9691	0.00	0.00
317.3216	0.00	0.00
317.6946	0.00	0.00
318.0342	0.00	0.00
318.3615	0.00	0.00
318.7056	0.00	0.00
319.0867	0.00	0.00
319.4896	0.00	0.00
319.8433	0.00	0.00
320.2219	0.00	0.00
320.5932	0.00	0.00
320.9326	0.00	0.00
321.2892	0.00	0.00
321.6912	0.00	0.00
322.0310	0.00	0.00
322.3603	0.00	0.00
322.7315	0.00	0.00
323.0975	0.00	0.00
323.4930	0.00	0.00
323.8333	0.00	0.00
324.1855	0.00	0.00
324.5300	0.00	0.00
324.9000	0.00	0.00
325.2585	0.00	0.00
325.7157	0.00	0.00
326.1043	0.00	0.00
326.4601	0.00	0.00
326.8064	0.00	0.00
327.1545	0.00	0.00
327.5460	0.00	0.00
327.9078	0.00	0.00
328.2545	0.00	0.00
328.6013	0.00	0.00
328.9908	0.00	0.00
329.3276	0.00	0.00
329.6834	0.00	0.00
330.0196	0.00	0.00
330.3568	0.00	0.00
330.7032	0.00	0.00
331.0716	0.00	0.00
331.4410	0.00	0.00
331.7904	0.00	0.00
332.1405	0.00	0.00
332.4835	0.00	0.00
332.8248	0.00	0.00
333.2042	0.00	0.00
333.5852	0.00	0.00
333.9610	0.00	0.00
334.3071	0.00	0.00
334.6757	0.00	0.00
335.0552	0.00	0.00
335.4195	0.00	0.00
335.7704	0.00	0.00
336.1468	0.00	0.00
336.5166	0.00	0.00
336.8547	0.00	0.00
337.2048	0.00	0.00
337.5322	0.00	0.00
337.9036	0.00	0.00
338.2547	0.00	0.00
338.6625	0.00	0.00
339.0408	0.00	0.00
339.4394	0.00	0.00
339.7912	0.00	0.00
340.1619	0.00	0.00
340.5130	0.00	0.00
340.8564	0.00	0.00
341.2147	0.00	0.00
341.6104	0.00	0.00
341.9784	0.00	0.00
342.3230	0.00	0.00
342.6876	0.00	0.00
343.0373	0.00	0.00
343.4227	0.00	0.00
343.7709	0.00	0.00
344.1196	0.00	0.00
344.4946	0.00	0.00
344.8356	0.00	0.00
345.2032	0.00	0.00
345.5652	0.00	0.00
345.9301	0.00	0.00
346.2834	0.00	0.00
346.6524	0.00	0.00
347.0433	0.00	0.00
347.4183	0.00	0.00
347.7633	0.00	0.00
348.1415	0.00	0.00
348.5296	0.00	0.00
348.9300	0.00	0.00
349.2832	0.00	0.00
349.6765	0.00	0.00
350.0388	0.00	0.00
350.4279	0.00	0.00
350.7769	0.00	0.00
351.1504	0.00	0.00
351.5409	0.00	0.00
351.9164	0.00	0.00
352.2654	0.00	0.00
352.6460	0.00	0.00
353.0603	0.00	0.00
353.4460	0.00	0.00
353.8008	0.00	0.00
354.1872	0.00	0.00
354.5296	0.00	0.00
354.9213	0.00	0.00
355.2735	0.00	0.00
355.6612	0.00	0.00
356.0527	0.00	0.00
356.4274	0.00	0.00
356.7769	0.00	0.00
357.1554	0.00	0.00
357.5709	0.00	0.00
357.9236	0.00	0.00
358.2582	0.00	0.00
358.6044	0.00	0.00
358.9980	0.00	0.00
359.3405	0.00	0.00
359.7235	0.00	0.00
360.1189	0.00	0.00
360.4994	0.00	0.00
360.8461	0.00	0.00
361.2243	0.00	0.00
361.6135	0.00	0.00
362.0060	0.00	0.00
362.3481	0.00	0.00
362.7252	0.00	0.00
363.1135	0.00	0.00
363.4749	0.00	0.00
363.8278	0.00	0.00
364.2379	0.00	0.00
364.6439	0.00	0.00
365.0299	0.00	0.00
365.3671	0.00	0.00
365.7125	0.00	0.00
366.0892	0.00	0.00
366.5091	0.00	0.00
366.8497	0.00	0.00
367.2193	0.00	0.00
367.6200	0.00	0.00
368.0031	0.00	0.00
368.3459	0.00	0.00
368.7183	0.00	0.00
369.0987	0.00	0.00
369.4801	0.00	0.00
369.8244	0.00	0.00
370.2099	0.00	0.00
370.6107	0.00	0.00
371.0057	0.00	0.00
371.3455	0.00	0.00
371.7226	0.00	0.00
372.1020	0.00	0.00
372.5086	0.00	0.00
372.8530	0.00	0.00
373.2446	0.00	0.00
373.6246	0.00	0.00
373.9878	0.00	0.00
374.3327	0.00	0.00
374.7424	0.00	0.00
375.1367	0.00	0.00
375.5492	0.00	0.00
375.9452	0.00	0.00
376.2858	0.00	0.00
376.6849	0.00	0.00
377.0615	0.00	0.00
377.4304	0.00	0.00
377.7755	0.00	0.00
378.1590	0.00	0.00
378.5827	0.00	0.00
378.9283	0.00	0.00
379.2854	0.00	0.00
379.6778	0.00	0.00
380.0371	0.00	0.00
380.4338	0.00	0.00
380.7834	0.00	0.00
381.1600	0.00	0.00
381.5669	0.00	0.00
381.9633	0.00	0.00
382.3086	0.00	0.00
382.6641	0.00	0.00
383.0397	0.00	0.00
383.4310	0.00	0.00
383.7783	0.00	0.00
384.1640	0.00	0.00
384.5729	0.00	0.00
384.9912	0.00	0.00
385.3423	0.00	0.00
385.7505	0.00	0.00
386.1740	0.00	0.00
386.5689	0.00	0.00
386.9347	0.00	0.00
387.2812	0.00	0.00
387.6495	0.00	0.00
388.0412	0.00	0.00
388.5158	0.00	0.00
388.9367	0.00	0.00
389.2828	0.00	0.00
389.6688	0.00	0.00
390.0263	0.00	0.00
390.3726	0.00	0.00
390.7580	0.00	0.00
391.1723	0.00	0.00
391.5399	0.00	0.00
391.9256	0.00	0.00
392.2760	0.00	0.00
392.6599	0.00	0.00
393.0510	0.00	0.00
393.4620	0.00	0.00
393.8083	0.00	0.00
394.1744	0.00	0.00
394.5663	0.00	0.00
394.9534	0.00	0.00
395.3136	0.00	0.00
395.7027	0.00	0.00
396.1006	0.00	0.00
396.4888	0.00	0.00
396.8296	0.00	0.00
397.2706	0.00	0.00
397.6897	0.00	0.00
398.0783	0.00	0.00
398.5130	0.00	0.00
398.8603	0.00	0.00
399.2446	0.00	0.00
399.6282	0.00	0.00
400.0142	0.00	0.00
400.4554	0.00	0.00
400.8112	0.00	0.00
401.1890	0.00	0.00
401.6214	0.00	0.00
402.0124	0.00	0.00
402.3598	0.00	0.00
402.7530	0.00	0.00
403.1409	0.00	0.00
403.5398	0.00	0.00
403.9491	0.00	0.00
404.2946	0.00	0.00
404.6632	0.00	0.00
405.0453	0.00	0.00
405.4251	0.00	0.00
405.7818	0.00	0.00
406.1780	0.00	0.00
406.5476	0.00	0.00
406.9511	0.00	0.00
407.2953	0.00	0.00
407.6603	0.00	0.00
408.0517	0.00	0.00
408.4657	0.00	0.00
408.8259	0.00	0.00
409.2613	0.00	0.00
409.6679	0.00	0.00
410.0822	0.00	0.00
410.5093	0.00	0.00
410.8501	0.00	0.00
411.2188	0.00	0.00
411.6167	0.00	0.00
411.9896	0.00	0.00
412.3288	0.00	0.00
412.7193	0.00	0.00
413.1218	0.00	0.00
413.4986	0.00	0.00
413.8420	0.00	0.00
414.2192	0.00	0.00
414.6434	0.00	0.00
415.0000	0.00	0.00
415.3355	0.00	0.00
415.7450	0.00	0.00
416.1103	0.00	0.00
416.5081	0.00	0.00
416.8479	0.00	0.00
417.2295	0.00	0.00
417.6145	0.00	0.00
417.9898	0.00	0.00
418.3314	0.00	0.00
418.7224	0.00	0.00
419.1098	0.00	0.00
419.5059	0.00	0.00
419.8569	0.00	0.00
420.2553	0.00	0.00
420.6517	0.00	0.00
421.0732	0.00	0.00
421.4678	0.00	0.00
421.8172	0.00	0.00
422.2451	0.00	0.00
422.6372	0.00	0.00
423.0068	0.00	0.00
423.3588	0.00	0.00
423.7679	0.00	0.00
424.2016	0.00	0.00
424.6371	0.00	0.00
425.0744	0.00	0.00
425.4424	0.00	0.00
425.8011	0.00	0.00
426.2000	0.00	0.00
426.5669	0.00	0.00
426.9447	0.00	0.00
427.2866	0.00	0.00
427.6792	0.00	0.00
428.0694	0.00	0.00
428.4456	0.00	0.00
428.7845	0.00	0.00
429.2069	0.00	0.00
429.6462	0.00	0.00
430.0501	0.00	0.00
430.4599	0.00	0.00
430.8052	0.00	0.00
431.1856	0.00	0.00
431.5564	0.00	0.00
431.9456	0.00	0.00
432.2960	0.00	0.00
432.7067	0.00	0.00
433.1367	0.00	0.00
433.5145	0.00	0.00
433.8525	0.00	0.00
434.2254	0.00	0.00
434.6247	0.00	0.00
435.0170	0.00	0.00
435.3648	0.00	0.00
435.7457	0.00	0.00
436.1281	0.00	0.00
436.5296	0.00	0.00
436.9801	0.00	0.00
437.3336	0.00	0.00
437.8118	0.00	0.00
438.1997	0.00	0.00
438.5673	0.00	0.00
438.9488	0.00	0.00
439.2925	0.00	0.00
439.6886	0.00	0.00
440.0947	0.00	0.00
440.5318	0.00	0.00
440.9737	0.00	0.00
441.3269	0.00	0.00
441.7535	0.00	0.00
442.1897	0.00	0.00
442.6347	0.00	0.00
443.0032	0.00	0.00
443.3427	0.00	0.00
443.7362	0.00	0.00
444.1267	0.00	0.00
444.5031	0.00	0.00
444.8436	0.00	0.00
445.2341	0.00	0.00
445.6368	0.00	0.00
445.9945	0.00	0.00
446.3353	0.00	0.00
446.7372	0.00	0.00
447.1425	0.00	0.00
447.5927	0.00	0.00
448.0072	0.00	0.00
448.3574	0.00	0.00
448.7620	0.00	0.00
449.1744	0.00	0.00
449.5610	0.00	0.00
449.9729	0.00	0.00
450.3245	0.00	0.00
450.7706	0.00	0.00
451.2007	0.00	0.00
451.5623	0.00	0.00
451.9469	0.00	0.00
452.2930	0.00	0.00
452.6789	0.00	0.00
453.0702	0.00	0.00
453.4532	0.00	0.00
453.8033	0.00	0.00
454.1931	0.00	0.00
454.5822	0.00	0.00
455.0220	0.00	0.00
455.3612	0.00	0.00
455.7410	0.00	0.00
456.1214	0.00	0.00
456.5275	0.00	0.00
456.9644	0.00	0.00
457.3209	0.00	0.00
457.7949	0.00	0.00
458.1757	0.00	0.00
458.5871	0.00	0.00
458.9579	0.00	0.00
459.3024	0.00	0.00
459.6847	0.00	0.00
460.0817	0.00	0.00
460.5114	0.00	0.00
460.8590	0.00	0.00
461.2527	0.00	0.00
461.6341	0.00	0.00
462.0805	0.00	0.00
462.4487	0.00	0.00
462.8074	0.00	0.00
463.2132	0.00	0.00
463.6421	0.00	0.00
464.0663	0.00	0.00
464.5187	0.00	0.00
464.8586	0.00	0.00
465.2481	0.00	0.00
465.6377	0.00	0.00
466.0050	0.00	0.00
466.3490	0.00	0.00
466.7681	0.00	0.00
467.1860	0.00	0.00
467.5728	0.00	0.00
467.9688	0.00	0.00
468.3208	0.00	0.00
468.7130	0.00	0.00
469.1484	0.00	0.00
469.5716	0.00	0.00
469.9549	0.00	0.00
470.3012	0.00	0.00
470.6985	0.00	0.00
471.0721	0.00	0.00
471.5320	0.00	0.00
471.9684	0.00	0.00
472.3206	0.00	0.00
472.7595	0.00	0.00
473.1430	0.00	0.00
473.5669	0.00	0.00
473.9614	0.00	0.00
474.3079	0.00	0.00
474.6884	0.00	0.00
475.0755	0.00	0.00
475.5362	0.00	0.00
475.9653	0.00	0.00
476.3145	0.00	0.00
476.6941	0.00	0.00
477.1472	0.00	0.00
477.5824	0.00	0.00
478.0291	0.00	0.00
478.5121	0.00	0.00
478.8625	0.00	0.00
479.2612	0.00	0.00
479.7114	0.00	0.00
480.1201	0.00	0.00
480.5091	0.00	0.00
480.8558	0.00	0.00
481.2575	0.00	0.00
481.7378	0.00	0.00
482.1605	0.00	0.00
482.5903	0.00	0.00
483.0315	0.00	0.00
483.4831	0.00	0.00
483.8266	0.00	0.00
484.2531	0.00	0.00
484.7206	0.00	0.00
485.1588	0.00	0.00
485.5815	0.00	0.00
485.9516	0.00	0.00
486.3005	0.00	0.00
486.7058	0.00	0.00
487.1399	0.00	0.00
487.5223	0.00	0.00
487.8619	0.00	0.00
488.2452	0.00	0.00
488.6434	0.00	0.00
489.0789	0.00	0.00
489.4639	0.00	0.00
489.8078	0.00	0.00
490.1931	0.00	0.00
490.5815	0.00	0.00
491.0421	0.00	0.00
491.4858	0.00	0.00
491.8335	0.00	0.00
492.2681	0.00	0.00
492.6917	0.00	0.00
493.0854	0.00	0.00
493.5138	0.00	0.00
493.8555	0.00	0.00
494.2998	0.00	0.00
494.7003	0.00	0.00
495.1250	0.00	0.00
495.5325	0.00	0.00
495.8567	0.00	0.00
496.2594	0.00	0.00
496.7175	0.00	0.00
497.1647	0.00	0.00
497.5807	0.00	0.00
497.9662	0.00	0.00
498.3115	0.00	0.00
498.6946	0.00	0.00
499.0771	0.00	0.00
499.4816	0.00	0.00
499.8309	0.00	0.00
500.2804	0.00	0.00
500.7084	0.00	0.00
501.1348	0.00	0.00
501.5380	0.00	0.00
501.9782	0.00	0.00
502.3186	0.00	0.00
502.7562	0.00	0.00
503.1513	0.00	0.00
503.5823	0.00	0.00
503.9816	0.00	0.00
504.3345	0.00	0.00
504.7621	0.00	0.00
505.2116	0.00	0.00
505.6808	0.00	0.00
506.0956	0.00	0.00
506.5626	0.00	0.00
506.9876	0.00	0.00
507.3173	0.00	0.00
507.6976	0.00	0.00
508.1277	0.00	0.00
508.5349	0.00	0.00
508.9938	0.00	0.00
509.3474	0.00	0.00
509.7812	0.00	0.00
510.2026	0.00	0.00
510.6633	0.00	0.00
511.1399	0.00	0.00
511.5404	0.00	0.00
511.9942	0.00	0.00
512.3392	0.00	0.00
512.7623	0.00	0.00
513.1945	0.00	0.00
513.5860	0.00	0.00
514.0168	0.00	0.00
514.3579	0.00	0.00
514.7603	0.00	0.00
515.1353	0.00	0.00
515.6012	0.00	0.00
516.0318	0.00	0.00
516.4848	0.00	0.00
516.8276	0.00	0.00
517.2543	0.00	0.00
517.6420	0.00	0.00
518.0719	0.00	0.00
518.4688	0.00	0.00
518.8138	0.00	0.00
519.2107	0.00	0.00
519.6559	0.00	0.00
520.0921	0.00	0.00
520.5513	0.00	0.00
520.9898	0.00	0.00
521.3434	0.00	0.00
521.7751	0.00	0.00
522.2079	0.00	0.00
522.6721	0.00	0.00
523.0985	0.00	0.00
523.5569	0.00	0.00
523.9980	0.00	0.00
524.3491	0.00	0.00
524.7849	0.00	0.00
525.2234	0.00	0.00
525.6391	0.00	0.00
526.1004	0.00	0.00
526.5572	0.00	0.00
526.9910	0.00	0.00
527.3356	0.00	0.00
527.7765	0.00	0.00
528.2132	0.00	0.00
528.6992	0.00	0.00
529.1631	0.00	0.00
529.5784	0.00	0.00
529.9755	0.00	0.00
530.3172	0.00	0.00
530.7138	0.00	0.00
531.1367	0.00	0.00
531.5356	0.00	0.00
531.9891	0.00	0.00
532.3440	0.00	0.00
532.7779	0.00	0.00
533.2292	0.00	0.00
533.6502	0.00	0.00
534.0877	0.00	0.00
534.4862	0.00	0.00
534.8280	0.00	0.00
535.2612	0.00	0.00
535.7242	0.00	0.00
536.1736	0.00	0.00
536.6058	0.00	0.00
537.0474	0.00	0.00
537.4918	0.00	0.00
537.8428	0.00	0.00
538.3008	0.00	0.00
538.7942	0.00	0.00
539.2200	0.00	0.00
539.6692	0.00	0.00
540.1031	0.00	0.00
540.5485	0.00	0.00
540.9868	0.00	0.00
541.3282	0.00	0.00
541.7693	0.00	0.00
542.2192	0.00	0.00
542.6405	0.00	0.00
543.0413	0.00	0.00
543.5336	0.00	0.00
543.9986	0.00	0.00
544.3340	0.00	0.00
544.7765	0.00	0.00
545.2223	0.00	0.00
545.6705	0.00	0.00
546.1127	0.00	0.00
546.5611	0.00	0.00
547.0085	0.00	0.00
547.3578	0.00	0.00
547.7927	0.00	0.00
548.2285	0.00	0.00
548.6576	0.00	0.00
549.0911	0.00	0.00
549.5355	0.00	0.00
549.9856	0.00	0.00
550.3350	0.00	0.00
550.7898	0.00	0.00
551.2069	0.00	0.00
551.6657	0.00	0.00
552.1373	0.00	0.00
552.6253	0.00	0.00
553.0310	0.00	0.00
553.4852	0.00	0.00
553.8266	0.00	0.00
554.2592	0.00	0.00
554.6502	0.00	0.00
555.0982	0.00	0.00
555.5543	0.00	0.00
555.9940	0.00	0.00
556.3277	0.00	0.00
556.8073	0.00	0.00
557.2367	0.00	0.00
557.6864	0.00	0.00
558.0958	0.00	0.00
558.5652	0.00	0.00
559.0756	0.00	0.00
559.5180	0.00	0.00
560.0051	0.00	0.00
560.3435	0.00	0.00
560.7787	0.00	0.00
561.2077	0.00	0.00
561.6628	0.00	0.00
562.0937	0.00	0.00
562.5593	0.00	0.00
562.9897	0.00	0.00
563.3336	0.00	0.00
563.7769	0.00	0.00
564.2221	0.00	0.00
564.6891	0.00	0.00
565.0917	0.00	0.00
565.5436	0.00	0.00
566.0077	0.00	0.00
566.3545	0.00	0.00
566.7856	0.00	0.00
567.2161	0.00	0.00
567.6944	0.00	0.00
568.1774	0.00	0.00
568.6202	0.00	0.00
569.0679	0.00	0.00
569.4903	0.00	0.00
569.8439	0.00	0.00
570.3111	0.00	0.00
570.8240	0.00	0.00
571.2776	0.00	0.00
571.7354	0.00	0.00
572.1574	0.00	0.00
572.6163	0.00	0.00
573.0351	0.00	0.00
573.5192	0.00	0.00
573.9983	39.25	41.91
574.3465	236.14	244.21
574.8054	618.49	615.71
575.3740	777.54	758.81
575.8459	661.99	647.83
576.2321	689.15	669.85
576.6839	603.51	589.48
577.1419	545.24	533.02
577.5911	503.62	494.59
578.0634	472.30	463.08
578.5144	448.12	439.56
578.8608	425.99	420.02
579.2998	413.28	404.66
579.7190	398.94	392.44
580.1613	386.97	381.00
580.6013	378.02	371.08
581.0419	367.62	361.69
581.4988	357.43	352.76
581.8399	350.25	346.36
582.3028	343.82	338.81
582.7367	337.04	331.49
583.1796	332.43	326.19
583.5956	322.36	319.24
584.0673	318.69	314.30
584.5443	313.56	307.78
584.9917	310.76	304.84
585.3358	304.25	300.56
585.7845	299.10	296.30
586.2089	298.53	291.93
586.6609	293.63	287.81
587.0963	287.94	284.70
587.5642	285.57	280.95
588.0078	282.78	278.29
588.3467	280.02	274.24
588.7873	273.76	271.00
589.2410	272.38	269.50
589.6712	266.87	266.61
590.1364	267.48	263.74
590.5581	263.37	260.69
591.0000	263.52	259.26
591.3439	258.85	256.62
591.8225	257.19	255.42
592.2936	255.09	252.31
592.7326	251.95	249.61
593.1909	251.22	248.69
593.6120	248.89	246.60
594.0730	247.56	244.40
594.5645	244.59	243.73
595.1307	244.26	241.47
595.6040	241.94	239.92
596.0864	242.84	238.40
596.6264	237.03	235.16
597.0528	235.49	233.46
597.5038	233.10	231.76
597.8533	233.20	230.61
598.3020	230.78	229.79
598.7646	232.00	228.14
599.3580	229.35	227.05
600.0202	228.29	225.13
600.6133	225.82	223.93
601.0352	224.57	221.83
601.5207	221.64	220.34
601.8544	223.24	219.65
602.3245	221.39	218.87
602.8282	220.71	217.99
603.3446	220.21	216.81
603.7554	218.66	215.40
604.2385	216.43	213.82
604.6397	215.11	213.26
605.1575	214.83	212.71
605.5783	214.11	211.57
606.0827	212.30	210.97
606.5487	213.46	210.40
607.0239	209.79	209.44
607.5056	211.07	208.62
607.9873	209.61	208.03
608.4441	209.93	206.65
609.0110	208.58	207.07
609.4898	209.64	206.26
609.8323	205.86	204.90
610.2913	207.17	205.19
610.7710	204.60	205.40
611.2287	205.40	203.54
611.6647	203.00	202.17
612.1134	205.14	202.80
612.5378	201.87	201.92
612.9767	204.31	201.66
613.3212	202.29	200.04
613.7426	202.51	199.55
614.3456	202.17	200.76
614.8267	200.00	200.44
615.2861	201.68	200.23
615.7067	200.59	198.65
616.1464	199.13	198.40
616.6071	198.16	196.86
617.0311	200.86	198.27
617.4698	198.36	196.71
617.8139	201.26	197.14
618.2650	198.52	197.45
618.8346	197.36	195.09
619.2252	197.37	195.74
619.6572	195.89	195.73
620.1142	199.50	195.37
620.5727	196.72	195.42
621.0493	195.95	194.73
621.4876	199.21	195.25
621.9785	197.95	195.85
622.5707	196.64	194.69
622.9936	198.81	195.22
623.3383	194.47	193.66
623.7783	195.65	193.76
624.2065	196.09	194.10
624.6641	194.40	193.02
625.0817	194.19	192.46
625.4815	196.30	193.67
625.8354	198.74	194.53
626.7063	194.19	193.17
627.1532	196.01	193.96
627.5790	195.83	192.94
628.0423	195.26	193.19
628.5174	195.12	193.01
628.8582	193.50	192.15
629.2616	193.17	190.81
629.7026	194.64	192.77
630.1952	195.24	192.49
630.6654	192.87	191.81
631.0910	192.22	191.24
631.5730	192.75	192.61
632.8868	195.00	192.31
633.4780	195.78	192.70
634.1054	193.98	191.57
634.7092	194.66	191.63
635.1311	192.74	191.32
635.5344	192.41	190.97
635.8645	192.56	190.22
636.2586	192.07	190.94
636.6255	193.01	191.09
637.0509	192.52	190.80
637.4789	191.97	190.58
637.8237	192.62	191.63
638.2596	192.62	191.26
638.7278	193.48	190.53
639.1452	193.41	190.59
639.6105	192.40	190.01
639.9967	193.02	190.54
640.3307	194.51	191.17
640.7929	190.49	190.56
641.2394	189.88	189.43
641.6422	191.21	189.74
642.0577	190.56	190.08
642.3970	192.55	190.27
642.8025	190.67	190.00
643.2565	191.03	189.65
643.7316	192.13	190.57
644.1704	191.93	190.16
644.6042	192.72	190.89
644.9457	191.67	189.99
645.3850	192.82	190.36
645.8047	193.76	191.01
646.1979	192.87	190.39
646.6847	193.84	191.61
647.0876	193.26	190.38
647.5249	193.95	191.34
647.8657	190.53	190.90
648.3237	192.74	191.01
648.7576	193.16	191.11
649.1462	193.32	190.77
649.6012	190.88	190.48
649.9988	192.69	190.12
650.3238	192.99	190.39
650.7648	192.42	191.09
651.2136	193.70	191.63
651.6407	190.19	190.91
652.0540	190.96	190.24
652.4733	193.67	191.39
652.9398	194.32	191.65
653.5384	194.01	192.63
654.0450	193.92	191.08
654.4812	193.23	191.57
654.9866	192.94	191.58
655.5250	193.15	190.59
655.9556	194.02	191.95
656.4463	192.24	190.65
656.8603	192.88	191.56
657.2795	191.18	190.84
657.6165	192.98	190.43
657.9496	192.48	190.47
658.2809	191.39	189.72
658.6246	192.59	190.13
658.9620	191.31	189.51
659.3191	192.80	189.49
659.6763	191.61	189.73
660.0143	190.55	189.64
660.3536	192.72	190.54
660.7080	188.24	189.68
661.0475	191.31	189.35
661.3674	193.68	190.93
661.7202	190.18	189.01
662.0608	191.80	190.02
662.4008	192.73	190.38
662.7435	191.06	189.66
663.1811	192.74	191.31
663.7779	192.97	192.39
664.2178	195.43	192.33
664.6662	193.06	191.02
665.1005	192.16	190.58
665.5389	192.03	191.41
666.0061	194.75	191.62
666.3501	194.46	192.00
666.8010	193.70	191.06
667.2335	192.85	191.74
667.6841	195.91	192.71
668.1084	192.44	190.63
668.5518	195.22	193.03
668.9681	192.86	191.81
669.3217	193.37	191.22
669.8038	193.87	191.79
670.2197	193.83	192.07
670.6762	195.10	192.17
671.0973	192.31	191.39
671.5484	194.97	192.54
671.9798	193.60	192.61
672.3242	195.43	193.53
672.7808	194.13	191.83
673.2614	195.44	193.83
673.7338	196.44	193.48
674.1812	195.11	193.52
674.5970	196.16	193.25
675.0422	197.83	193.76
675.4819	197.09	193.89
675.8240	196.58	193.59
676.2712	193.75	193.38
676.7255	197.26	194.60
677.2078	195.08	194.17
677.6535	196.78	193.34
678.0880	197.37	194.60
678.5647	195.14	194.65
678.9818	192.91	194.37
679.3346	195.80	195.10
679.7982	198.06	194.28
680.2349	195.82	194.91
680.6872	194.22	194.34
681.0911	196.79	194.49
681.5404	198.30	195.36
681.9865	195.98	195.61
682.3277	196.94	194.85
682.8384	196.18	193.91
683.2984	196.08	195.64
683.7290	197.62	195.29
684.1473	196.99	195.42
684.6387	197.30	194.83
685.1071	196.34	195.24
685.5699	198.19	195.62
685.9765	198.56	195.90
686.3306	198.04	196.01
686.7932	197.60	195.68
687.2172	197.09	195.40
687.7181	197.79	196.37
688.1886	198.47	197.08
688.6282	197.49	196.52
689.0565	197.75	196.42
689.5173	198.60	196.98
690.0030	199.27	197.87
690.3511	199.94	197.10
690.7954	198.33	196.90
691.2307	197.45	196.84
691.6594	199.28	197.09
692.1119	199.93	198.32
692.5496	197.70	196.72
692.9847	197.77	197.15
693.3282	201.83	197.97
693.8040	197.31	196.68
694.2419	199.75	197.42
694.6767	200.19	197.91
695.1068	197.40	196.86
695.5506	199.48	198.03
695.9902	199.58	196.90
696.3435	198.82	196.59
696.8134	199.93	198.52
697.3008	199.51	197.84
697.7466	200.21	198.05
698.1865	198.47	197.69
698.6292	200.54	198.53
699.0667	201.25	198.46
699.4911	199.46	199.01
699.8333	199.05	197.14
700.2780	197.08	196.63
700.7596	199.22	198.41
701.2474	200.47	198.02
701.6475	200.22	198.49
702.0942	199.81	198.11
702.5453	199.68	199.36
703.0015	201.62	198.77
703.3420	201.17	199.29
703.7729	201.82	199.10
704.2148	200.46	198.58
704.6813	200.71	198.59
705.1247	200.73	198.16
705.5496	201.68	200.10
706.0119	201.76	199.29
706.3565	201.51	199.64
706.7941	201.45	199.69
707.2189	200.45	199.32
707.6769	201.65	199.65
708.1180	200.79	200.29
708.5668	201.31	200.03
709.0121	202.05	200.04
709.3595	202.06	200.03
709.8074	200.56	199.81
710.2421	201.41	199.15
710.6752	200.15	199.31
711.1129	200.46	199.22
711.5597	201.73	199.81
712.0144	201.17	200.00
712.3572	202.99	200.89
712.8006	203.65	200.01
713.2216	200.88	199.86
713.6608	202.76	200.90
714.1111	202.51	200.23
714.5813	202.39	200.60
715.0364	203.01	201.24
715.4900	202.45	201.43
715.8377	202.75	200.63
716.3003	201.96	200.91
716.7420	201.19	200.63
717.1881	201.22	200.51
717.6233	201.45	200.66
718.0531	203.22	201.30
718.5142	204.29	201.80
718.8637	202.63	201.64
719.3077	203.32	201.87
719.7447	202.51	201.31
720.1681	202.66	200.91
720.6294	202.50	201.93
721.0577	204.92	202.10
721.5006	204.28	202.11
721.8446	203.24	201.26
722.2862	203.04	201.29
722.7222	204.32	202.15
723.2557	204.48	202.83
723.7598	203.26	202.68
724.2439	203.38	202.35
724.7005	202.08	202.15
725.1824	203.03	202.70
725.6328	203.11	201.94
726.0617	203.65	202.49
726.5261	203.90	203.09
727.0148	202.93	202.07
727.3547	203.62	202.24
727.7869	203.00	202.51
728.1989	205.12	202.82
728.6232	202.26	201.91
729.0528	202.83	202.13
729.5215	203.50	202.85
729.8611	205.14	202.82
730.2888	203.63	202.43
730.7252	203.27	202.42
731.2014	205.13	202.82
731.7547	204.96	203.78
732.2383	203.22	202.11
732.6813	205.12	203.32
733.1093	203.82	202.36
733.5434	204.60	203.09
734.0216	206.47	202.67
734.3563	206.14	203.38
734.7758	203.55	202.16
735.2390	203.58	201.86
735.6729	206.38	203.00
736.1553	203.89	203.56
736.6078	202.96	202.33
737.0358	206.53	203.28
737.3519	203.56	202.24
737.7823	204.96	203.31
738.2614	203.11	201.56
738.6750	204.97	202.83
739.1326	202.03	201.95
739.5470	206.27	203.13
740.0136	204.84	203.57
740.3535	205.99	202.18
740.7926	203.18	202.79
741.2233	204.00	202.34
741.7110	204.62	203.52
742.1639	206.05	203.39
742.6150	206.42	203.93
743.0600	206.65	203.54
743.5035	205.59	203.96
743.8437	208.40	204.01
744.2993	203.67	202.99
744.7478	203.89	202.65
745.1967	203.72	202.61
745.6703	207.43	203.60
746.1169	203.92	202.36
746.5486	205.49	202.28
747.0040	205.03	203.71
747.3483	206.45	203.83
747.8250	204.00	202.71
748.3124	205.77	203.51
748.8020	205.44	202.91
749.2469	202.90	202.57
749.6999	204.83	203.68
750.1653	204.51	203.16
750.6399	203.43	203.00
751.0658	204.85	202.39
751.5007	202.70	202.13
751.8496	202.84	203.08
752.3238	205.82	203.73
752.8139	205.68	203.67
753.3053	206.34	203.75
753.7361	203.36	202.14
754.2026	205.98	204.27
754.6716	206.66	203.07
755.1157	203.98	203.41
755.5602	206.58	204.45
756.0242	207.62	204.25
756.3632	205.29	204.48
756.7950	205.54	203.91
757.2370	205.75	204.04
757.6950	206.09	203.88
758.1301	208.53	204.92
758.5708	209.01	205.54
759.0067	205.03	204.41
759.3549	209.32	205.27
759.8103	206.24	204.72
760.2340	206.54	204.87
760.6830	207.32	205.53
761.1119	206.48	204.08
761.5485	206.24	204.03
762.0038	205.48	204.87
762.3385	208.14	204.68
762.7872	206.32	205.14
763.2361	206.36	205.55
763.6912	207.86	204.80
764.1149	207.54	204.11
764.5539	207.20	205.14
765.0028	207.98	204.33
765.3458	205.66	204.43
765.8089	209.17	205.35
766.2847	206.73	205.20
766.7663	206.38	205.18
767.2464	208.44	205.87
767.6979	205.37	204.96
768.1883	208.17	205.57
768.6244	208.42	207.07
769.0705	208.82	206.81
769.4981	207.57	205.82
769.8437	208.89	205.54
770.3177	208.82	205.92
770.8192	208.51	205.87
771.2907	208.01	205.68
771.7322	208.59	205.38
772.1758	207.57	206.22
772.6378	209.37	205.83
773.1388	207.82	206.34
773.6493	208.14	206.35
774.1401	208.07	206.81
774.6158	209.95	205.70
775.0719	208.31	206.07
775.5149	208.31	206.56
776.0353	210.82	207.61
776.3714	210.43	206.73
776.8071	207.65	205.63
777.2390	208.48	206.96
777.6962	208.39	206.45
778.1298	207.29	207.12
778.6671	209.31	206.11
779.1531	210.70	207.07
779.6160	211.04	207.23
780.0647	209.06	207.72
780.5198	210.68	207.03
780.8612	210.76	207.85
781.3036	209.99	206.93
781.7703	209.52	206.62
782.2703	211.23	208.15
782.7746	209.61	207.33
783.2267	209.52	207.70
783.7141	207.94	207.54
784.1978	208.65	207.78
784.6270	210.32	207.20
785.0894	208.33	207.20
785.5627	210.85	209.08
786.0061	209.70	207.65
786.3586	209.44	206.81
786.8146	210.33	208.15
787.3048	209.59	207.60
787.7637	207.35	207.00
788.2503	209.18	207.23
788.6754	207.61	206.81
789.1556	210.19	207.89
789.6273	208.43	206.87
790.0826	209.22	207.49
790.5238	211.99	208.53
791.0348	208.37	207.98
791.5357	210.76	207.45
792.0141	210.64	208.62
792.3440	208.78	207.17
792.7966	210.42	208.20
793.2332	210.80	208.11
793.7082	210.48	208.65
794.2062	209.33	207.17
794.7143	208.94	208.45
795.1873	208.88	208.49
795.6223	209.85	208.49
796.0610	211.90	208.75
796.5271	212.78	208.89
797.0095	211.91	208.84
797.3441	210.84	208.29
798.0391	211.87	209.17
798.5466	210.80	209.11
799.0087	210.46	209.25
799.3514	212.35	208.79
799.8205	211.08	209.62
800.3234	211.74	209.63
800.8132	212.57	209.80
801.3127	210.63	207.81
801.7565	211.91	208.91
802.2334	209.23	207.89
802.7061	212.56	208.96
803.1755	210.33	208.96
803.6242	212.38	208.79
804.0835	210.28	207.75
804.5972	210.10	208.43
805.0668	209.63	209.09
805.5741	212.26	210.01
806.0821	211.50	209.20
806.5184	210.39	209.08
806.8585	211.32	209.80
807.3236	209.30	208.81
807.8282	212.34	209.11
808.3227	210.39	209.07
808.8037	210.01	209.19
809.2651	210.24	208.15
809.7740	209.61	209.07
810.2617	212.00	209.18
810.7583	210.99	209.43
811.2318	209.38	208.92
811.6879	210.26	209.59
812.1291	211.32	209.62
812.5954	210.99	209.75
813.0819	211.12	209.55
813.5897	210.73	210.16
814.0950	212.13	209.99
814.5870	209.86	209.16
815.0954	213.21	210.39
815.5730	212.78	210.05
816.0000	213.62	209.70
816.3468	210.50	209.13
816.8014	209.75	209.42
817.2359	210.50	210.30
817.7071	212.66	210.25
818.2179	210.93	210.45
818.6802	212.71	210.09
819.1318	210.86	208.96
819.5677	210.10	208.32
820.0178	211.12	209.68
820.3563	211.37	209.75
820.8001	211.85	210.52
821.2598	211.95	209.29
821.7357	212.69	210.34
822.1749	213.21	209.51
822.6493	212.38	209.67
823.1677	211.39	209.96
823.6464	212.07	209.92
824.1516	211.53	210.13
824.6449	212.30	209.25
825.1239	212.42	209.40
825.6054	211.10	209.69
826.0674	212.08	209.46
826.5604	213.03	209.98
827.0441	212.13	210.16
827.3584	211.30	209.24
827.8080	212.93	209.58
828.3491	214.06	210.18
828.7876	211.43	209.52
829.2593	211.58	210.37
829.7574	211.93	209.98
830.1616	211.02	209.55
830.6429	214.16	210.40
831.0809	214.05	210.54
831.5289	212.56	209.53
831.8471	212.73	209.54
832.3040	211.18	209.82
832.7509	210.79	209.55
833.2400	210.36	210.41
833.7179	210.78	210.24
834.1741	211.41	209.67
834.6536	210.70	210.87
835.1472	211.03	209.21
835.5855	213.99	211.39
836.1044	209.92	210.11
836.6156	213.79	210.61
837.1005	210.62	211.22
837.6063	211.85	210.68
838.0774	211.47	209.79
838.5308	211.91	209.90
839.0059	213.91	210.64
839.3468	212.88	210.52
839.8048	210.31	210.29
840.2576	211.39	210.05
840.7621	213.02	211.16
841.2780	211.70	210.00
841.7556	210.81	210.42
842.2351	212.17	210.17
842.6920	212.22	209.30
843.1322	212.26	209.99
843.5854	212.56	210.66
844.0979	211.80	211.08
844.5753	215.63	211.13
845.0922	212.59	210.81
845.5943	212.62	211.41
846.0731	213.26	211.07
846.5232	212.89	210.63
847.0242	212.15	210.54
847.3633	213.34	209.75
847.8059	211.97	209.87
848.2688	213.68	210.66
848.7798	210.38	210.40
849.2651	212.14	210.89
849.7620	212.42	210.35
850.2789	212.43	210.81
850.7692	212.20	210.45
851.2815	212.71	210.26
851.7660	212.22	210.70
852.2666	213.09	211.19
852.7858	212.75	210.02
853.2508	210.86	210.52
853.7243	211.61	210.77
854.1896	214.04	211.24
854.6498	212.65	210.39
855.1489	213.45	210.64
855.6384	214.32	211.46
856.1600	213.30	210.88
856.6558	213.96	211.01
857.1532	213.31	210.12
857.6261	213.63	211.56
858.0817	214.42	210.79
858.5369	212.20	210.81
859.0174	213.56	211.93
859.3593	214.56	211.20
859.8593	215.34	210.95
860.3423	214.96	211.72
860.8233	213.17	211.24
861.2937	212.10	210.54
861.7606	212.97	210.42
862.2488	213.05	211.26
862.6961	211.59	210.71
863.2271	211.53	210.14
863.6958	210.07	210.89
864.1354	213.37	211.59
864.5727	212.89	210.88
865.0243	211.85	210.21
865.5221	214.02	211.68
866.0443	213.47	211.10
866.5615	214.01	211.17
867.0235	214.82	211.06
867.3622	213.35	210.76
868.0360	213.23	210.93
868.5431	212.58	210.91
869.0388	213.40	210.81
869.5519	213.53	211.00
870.0298	212.32	210.94
870.5262	213.09	210.63
871.0656	214.54	211.86
871.5403	213.51	211.92
872.0510	214.08	212.17
872.5256	214.09	211.84
872.8634	212.52	211.18
873.3314	214.70	211.38
873.8360	214.18	211.48
874.3057	211.98	210.25
874.7769	213.74	211.33
875.2922	212.63	211.03
875.7563	212.37	210.19
876.2041	213.00	210.81
876.7204	213.49	212.04
877.2060	212.31	211.15
877.7143	214.39	211.61
878.2289	212.29	211.31
878.7072	213.30	211.57
879.1902	211.25	210.86
879.6469	213.05	211.41
880.1381	213.01	211.54
880.5822	212.59	209.87
881.1004	213.98	212.03
881.6208	214.22	212.13
882.0893	211.83	210.90
882.6322	213.42	211.71
883.1034	212.73	211.97
883.6069	214.65	212.01
884.0891	216.05	211.93
884.6083	215.60	211.75
885.1044	213.73	211.81
885.5908	214.91	211.82
886.0889	214.81	211.57
886.6109	215.01	211.69
887.0823	211.84	211.04
887.6086	216.28	211.93
888.1018	213.52	212.20
888.5929	213.33	211.74
889.1211	212.84	211.40
889.6057	212.74	212.23
890.1107	214.22	211.36
890.5906	214.03	212.14
891.0810	213.45	211.58
891.5816	214.60	211.79
892.0940	213.61	212.14
892.6070	214.22	212.54
893.1277	214.49	212.58
893.6067	213.42	211.45
894.1073	215.82	212.01
894.5841	213.46	212.56
895.1660	213.65	211.72
895.6733	214.94	212.16
896.1495	214.81	211.94
896.6780	213.14	211.29
897.2043	213.88	212.10
897.7321	214.11	211.38
898.2135	213.92	211.63
898.7278	213.47	211.96
899.3083	214.33	211.91
899.7571	212.18	211.32
900.2711	213.88	212.04
900.7826	213.37	210.23
901.2358	210.83	210.33
901.7016	212.64	210.27
902.1862	209.96	210.43
902.6397	213.28	210.43
903.1333	212.21	210.37
903.5891	212.33	210.45
904.0813	213.35	211.20
904.5123	213.88	209.90
904.8464	214.00	210.19
905.2926	212.08	209.53
905.7412	211.79	209.51
906.1763	212.38	209.38
906.6205	211.82	210.21
907.0790	211.87	209.26
907.5390	212.08	210.38
907.9988	213.88	209.79
908.3523	213.00	210.15
908.8143	210.72	208.95
909.2874	210.85	209.78
909.7761	212.97	210.99
910.2547	212.86	209.73
910.7022	211.21	210.61
911.1729	213.89	210.24
911.6156	213.10	210.10
912.0842	212.73	210.09
912.5126	212.12	209.80
912.8562	212.47	210.02
913.3236	212.72	210.54
913.8165	213.01	210.37
914.3193	213.02	210.77
915.0238	215.22	211.33
915.5331	211.94	210.07
916.0135	212.26	210.36
916.3531	213.06	210.24
916.8023	212.45	210.54
917.2444	210.78	209.62
917.7054	210.22	209.98
918.2208	213.16	210.82
918.7025	212.08	210.14
919.1858	212.74	210.73
919.6404	211.42	210.25
920.1452	212.39	211.36
920.6210	213.61	211.15
921.0902	213.57	211.13
921.6015	215.12	211.70
922.0796	216.38	211.77
922.5794	213.37	211.10
923.0903	213.01	211.03
923.5872	213.16	210.75
924.0561	213.74	210.93
924.5342	215.63	212.11
925.0327	213.71	210.68
925.5065	213.11	210.71
925.8460	215.58	211.37
926.3618	213.04	210.14
926.8278	212.09	210.15
927.3102	213.46	210.08
927.7397	211.67	209.51
928.2106	214.20	210.83
928.6995	214.11	211.31
929.2041	213.57	211.10
929.7202	212.66	210.99
930.1956	213.75	210.89
930.6436	214.46	211.03
931.1105	214.00	210.77
931.5924	214.86	210.95
932.1059	214.83	211.79
932.5682	214.48	211.43
933.0385	212.47	209.95
933.5417	213.22	210.95
934.0424	213.08	211.56
934.5311	213.40	211.57
935.0529	212.36	210.53
935.5223	214.97	211.46
935.8622	213.84	210.58
936.3053	213.03	210.98
936.7719	212.61	211.23
937.2621	214.68	211.72
937.7475	210.91	210.52
938.2051	213.76	212.04
938.7177	213.61	212.29
939.1851	210.85	211.14
939.6281	212.65	210.99
940.0783	211.83	210.92
940.5282	214.81	211.14
941.0024	213.30	210.88
941.3406	214.31	211.76
941.7963	213.73	211.11
942.2375	212.05	211.11
942.6870	212.99	210.70
943.1276	213.88	210.80
943.5927	215.57	211.98
944.0760	211.88	211.23
944.5056	215.08	211.02
944.8425	212.57	210.96
945.2921	214.64	211.43
945.7360	213.28	211.38
946.1826	213.01	210.85
946.6510	211.39	209.98
947.1161	214.85	210.99
947.5770	212.16	210.52
948.0359	214.78	210.96
948.5481	213.60	211.48
949.0027	214.37	211.03
949.3436	214.11	211.23
949.7969	212.53	211.49
950.2528	213.95	210.99
950.6792	214.12	211.07
951.1268	212.18	210.46
951.5897	212.22	210.65
952.0903	212.93	210.78
952.5661	214.38	210.74
953.0920	216.41	211.96
953.6186	214.67	211.62
954.0893	214.15	211.67
954.6646	214.40	212.18
955.1329	214.06	212.31
955.6050	215.35	211.48
956.0707	214.31	211.81
956.5381	215.26	212.73
957.0459	214.29	211.82
957.5407	212.77	211.81
958.0173	213.83	211.52
958.3579	214.88	211.41
958.8244	214.49	211.83
959.2929	214.02	211.73
959.7532	213.94	210.70
960.2097	213.11	211.54
960.6826	214.89	211.40
961.1451	211.96	211.14
961.6182	214.01	211.04
962.0940	215.40	212.16
962.5856	214.42	210.99
963.0252	214.09	211.21
963.5588	216.29	211.98
964.0017	211.84	211.03
964.3393	212.13	210.33
964.8066	212.18	210.50
965.2656	213.67	211.47
965.8157	213.44	210.64
966.2597	211.04	210.36
966.7717	213.28	210.97
967.2971	212.36	210.10
967.7471	212.18	210.18
968.2472	213.90	210.74
968.7109	212.14	211.16
969.1889	212.32	210.42
969.6281	214.50	211.33
970.0895	212.80	211.97
970.5695	215.15	211.64
971.0218	212.52	211.02
971.3607	213.21	210.10
971.8105	212.39	210.86
972.2428	212.43	210.08
972.6877	213.74	211.08
973.1434	212.61	210.19
973.6627	212.77	210.75
974.1604	214.24	210.99
974.6485	213.19	210.52
975.1513	213.84	211.65
975.6258	212.42	209.67
976.0713	213.08	210.52
976.5609	213.89	211.35
977.0304	213.95	211.53
977.3682	215.11	210.37
977.8056	211.69	210.96
978.2545	213.64	210.27
978.7084	212.77	211.18
979.1836	214.20	211.13
979.6645	213.97	211.63
980.1919	214.24	211.46
980.6378	213.39	211.90
981.1538	212.90	210.93
981.6592	214.02	211.38
982.1346	214.59	211.46
982.6557	213.87	212.04
983.1645	212.91	210.28
983.6337	213.25	209.62
984.0900	212.72	210.50
984.5955	214.16	210.98
985.0775	213.13	211.57
985.5418	214.05	211.19
986.0426	212.46	210.27
986.5813	212.42	210.86
987.0767	213.80	210.96
987.6492	215.76	211.58
988.0906	211.64	210.37
988.5423	213.56	211.12
989.0748	212.49	210.32
989.5513	212.23	210.46
990.0728	212.86	211.02
990.5466	212.24	209.91
990.8471	212.41	210.22
991.2851	211.23	210.41
991.8536	212.27	210.36
992.3084	212.66	210.13
992.7402	213.31	209.83
993.1945	213.26	210.52
993.6380	211.71	209.77
994.1160	212.52	209.13
994.5974	214.56	210.58
995.0984	212.74	211.14
995.5879	212.70	209.87
996.0819	212.57	210.30
996.5973	212.36	210.25
997.1046	214.63	210.91
997.6578	211.72	210.26
998.1275	214.11	210.58
998.6061	214.05	210.71
999.0825	214.45	210.50
999.5676	213.57	210.91
1000.0351	213.09	209.86
1000.5822	212.85	209.29
1001.0600	214.51	211.18
1001.5437	211.91	210.12
1002.0320	213.76	209.94
1002.5519	214.50	211.51
1003.0276	214.06	210.85
1003.5556	213.37	210.36
1004.0478	213.66	211.23
1004.5378	213.34	210.18
1005.0450	212.95	210.81
1005.5330	213.13	210.61
1006.0221	213.62	210.96
1006.5462	213.53	210.42
1007.0808	212.43	211.15
1007.5341	214.13	210.30
1008.0589	214.44	211.08
1008.5436	213.09	210.57
1009.0407	212.83	212.00
1009.3562	213.29	210.96
1009.7972	211.76	210.00
1010.2493	213.31	209.93
1010.6932	214.50	210.61
1011.1593	214.44	210.86
1011.6288	214.53	210.65
1012.0831	212.06	210.01
1012.5973	212.64	211.47
1013.0879	214.64	210.95
1013.5775	214.47	211.21
1014.1159	214.96	211.06
1014.5929	213.51	210.45
1015.0847	214.43	210.49
1015.5349	211.90	210.33
1016.0481	214.92	211.85
1016.5264	215.01	210.80
1016.8682	212.56	209.89
1017.3066	213.94	209.83
1017.7554	212.88	209.42
1018.2036	214.51	209.94
1018.7439	213.43	210.55
1019.2184	211.45	210.11
1019.7073	213.21	211.17
1020.2208	212.74	210.23
1020.7408	215.27	211.04
1021.2050	212.15	210.26
1021.6925	212.77	210.40
1022.1452	213.05	210.14
1022.6367	212.79	210.62
1023.0906	213.00	210.25
1023.6228	213.48	210.69
1024.1771	213.33	211.00
1024.6658	213.91	210.15
1025.1595	213.21	210.37
1025.6441	213.02	210.51
1026.1392	213.44	210.99
1026.6450	213.33	209.79
1027.1370	212.69	209.20
1027.6122	213.87	209.11
1028.1027	212.08	210.37
1028.6056	214.08	210.13
1029.0870	213.73	210.35
1029.5779	214.00	210.30
1030.1000	212.97	210.31
1030.6048	213.06	210.26
1031.1391	212.39	210.48
1031.6737	214.09	211.13
1032.1394	214.66	210.12
1032.6751	214.18	210.96
1033.1414	213.61	209.08
1033.5770	211.20	208.75
1034.1251	213.92	209.88
1034.6128	212.60	210.41
1035.1129	213.40	211.43
1035.6060	212.20	210.73
1036.0778	214.95	211.08
1036.5631	214.56	209.89
1037.0343	215.02	211.43
1037.5502	213.50	210.62
1038.0767	213.75	210.86
1038.6366	213.82	210.52
1039.0883	212.79	210.13
1039.5855	212.53	210.10
1040.0798	213.85	209.90
1040.5341	211.61	209.62
1041.0425	213.13	210.27
1041.5598	214.03	210.41
1042.0311	212.17	209.66
1042.3673	214.44	210.87
1042.8009	212.84	209.52
1043.2739	211.89	210.51
1043.7592	212.55	209.73
1044.2835	214.61	210.81
1044.8016	212.99	210.09
1045.2550	212.02	210.14
1045.7804	210.72	209.70
1046.2885	212.23	210.00
1046.7792	212.90	209.89
1047.2580	212.31	210.24
1047.7165	213.44	210.13
1048.2400	212.99	210.61
1048.7356	213.75	210.26
1049.2181	212.51	211.14
1049.7267	213.24	209.76
1050.2029	212.55	210.41
1050.6603	211.77	209.44
1051.1440	212.44	209.68
1051.6155	212.36	210.36
1052.0867	211.41	209.75
1052.6153	211.12	210.44
1053.0761	213.25	210.43
1053.5299	214.09	209.70
1054.0385	214.13	209.27
1054.5925	211.97	209.53
1055.1107	214.24	210.59
1055.5939	211.49	209.74
1056.1276	212.75	209.86
1056.5982	213.63	210.20
1057.1139	215.14	211.28
1057.6158	212.32	209.79
1058.1085	211.53	209.68
1058.6169	210.99	209.08
1059.0835	211.67	209.72
1059.6343	213.77	210.43
1060.0832	213.23	209.91
1060.5486	214.06	210.16
1061.0566	213.08	209.88
1061.5667	214.21	210.01
1062.0374	212.98	210.06
1062.5590	213.17	210.00
1063.0492	213.70	209.96
1063.5392	212.01	209.95
1064.0582	213.35	209.31
1064.5619	211.77	209.64
1065.0755	214.56	210.63
1065.5397	214.10	209.60
1066.0467	213.30	209.64
1066.5777	212.36	209.47
1067.0613	211.36	209.06
1067.5588	213.29	209.52
1068.0617	214.37	210.48
1068.5500	212.89	209.80
1069.0412	214.19	209.91
1069.5604	215.07	210.65
1070.0600	212.89	209.26
1070.5364	212.96	209.75
1071.0468	212.32	209.02
1071.6026	213.02	210.93
1072.0950	214.45	209.64
1072.6053	211.92	209.49
1073.1167	212.53	209.59
1073.6018	213.39	210.86
1074.0949	213.05	210.43
1074.5941	212.33	208.98
1075.0375	213.02	209.60
1075.5751	212.67	209.36
1076.0387	212.67	208.96
1076.5720	213.59	209.12
1077.0269	213.00	209.95
1077.5601	213.42	209.93
1078.0734	210.82	209.61
1078.5594	213.29	209.20
1079.0656	212.07	209.96
1079.5658	214.62	209.59
1080.0662	212.91	210.16
1080.5428	210.46	209.02
1081.0378	212.98	209.20
1081.5549	214.28	208.81
1082.0648	214.47	210.13
1082.5596	214.19	210.04
1083.0446	214.51	209.33
1083.5599	213.38	209.97
1084.0342	214.35	209.63
1084.5622	213.03	209.23
1085.0783	211.72	210.01
1085.6206	215.12	210.94
1086.1707	213.01	210.01
1086.6786	212.31	209.10
1087.1567	213.40	210.08
1087.6527	212.53	209.63
1088.1547	212.52	209.67
1088.7266	212.07	209.74
1089.1906	211.30	209.42
1089.6601	212.61	208.59
1090.1776	213.02	210.27
1090.6894	211.86	208.89
1091.1750	212.69	209.40
1091.7242	212.57	209.36
1092.1983	210.10	208.01
1092.6820	211.59	209.00
1093.1455	211.40	209.47
1093.6635	212.72	209.07
1094.2028	210.84	208.97
1094.7324	211.72	209.18
1095.2346	212.74	208.85
1095.7336	213.48	208.99
1096.2511	211.80	208.45
1096.7192	212.15	208.97
1097.2387	212.18	209.35
1097.7714	212.72	210.07
1098.2522	213.75	209.20
1098.7158	210.36	208.08
1099.2728	211.17	208.19
1099.7774	212.39	208.53
1100.2796	209.82	208.49
1100.7609	213.93	209.56
1101.2808	213.30	209.59
1101.7661	211.96	208.75
1102.2737	211.87	208.73
1102.7998	212.02	209.21
1103.3033	212.38	209.56
1103.8028	211.24	208.58
1104.3002	211.23	208.31
1104.8158	211.67	208.76
1105.3644	213.94	209.51
1105.8567	212.84	209.45
1106.3457	212.75	209.16
1106.8245	213.92	209.04
1107.5795	210.93	208.23
1108.0453	212.57	209.08
1108.5466	212.78	209.37
1109.0574	211.78	209.24
1109.5466	211.15	208.54
1110.0527	212.00	209.81
1110.5356	211.89	207.86
1111.0885	213.64	209.46
1111.5908	212.66	208.96
1112.1237	211.71	207.82
1112.6266	214.59	209.53
1113.1032	210.21	207.14
1113.6317	211.79	208.45
1114.0946	211.19	207.82
1114.5941	210.14	207.42
1115.0930	210.61	207.72
1115.6359	210.23	206.98
1116.0993	210.08	207.18
1116.6359	211.89	207.94
1117.1096	212.57	207.87
1117.6240	212.83	207.68
1118.0863	211.95	208.09
1118.6292	212.33	208.57
1119.1112	210.26	207.63
1119.6266	211.37	208.75
1120.1095	211.18	208.30
1120.6297	208.81	207.62
1121.1915	212.37	208.44
1121.6687	209.72	207.52
1122.1543	209.89	207.03
1122.6631	211.17	206.40
1123.1576	212.45	207.64
1123.6783	209.97	207.19
1124.1767	212.38	207.97
1124.6970	210.59	207.65
1125.2254	211.11	207.11
1125.7372	209.90	207.12
1126.2242	209.94	207.78
1126.7396	209.81	206.52
1127.2467	209.75	206.51
1127.7470	210.41	207.59
1128.2555	210.56	207.17
1128.8067	210.89	207.72
1129.3076	211.62	207.42
1129.8094	208.22	206.35
1130.3012	210.15	207.29
1130.8058	210.85	206.85
1131.3027	210.70	207.10
1131.7977	210.67	207.29
1132.3005	212.80	207.36
1132.8113	210.29	207.49
1133.3466	212.44	206.97
1133.8544	210.22	207.02
1134.3514	209.39	206.56
1134.8334	210.66	207.78
1135.3353	211.80	206.83
1135.8602	210.79	207.13
1136.5436	212.78	207.74
1137.0699	211.91	207.79
1137.5725	210.25	207.76
1138.0444	210.59	207.77
1138.5547	210.96	207.25
1139.1252	212.89	208.65
1139.6318	210.63	207.75
1140.1336	211.12	207.65
1140.6892	212.00	208.28
1141.1543	209.28	207.06
1141.6679	210.72	206.83
1142.1879	211.71	207.74
1142.6863	212.18	207.20
1143.1740	211.13	206.37
1143.6896	211.31	207.40
1144.1971	210.75	206.70
1144.7396	211.44	207.00
1145.2347	208.88	206.18
1145.7232	210.76	207.41
1146.2312	210.33	206.04
1146.7428	211.35	207.33
1147.3288	212.67	207.40
1147.8480	212.66	207.49
1148.3323	210.08	206.69
1149.0626	210.35	206.99
1149.5919	211.49	207.71
1150.1263	208.10	206.54
1150.6266	211.24	206.82
1151.1025	213.26	207.36
1151.6147	210.63	206.45
1152.1398	209.43	206.76
1152.6632	210.56	205.73
1153.1816	211.71	207.45
1153.6699	209.48	205.75
1154.1585	210.91	206.07
1154.6656	208.25	206.32
1155.1768	209.56	206.59
1155.6961	210.39	206.31
1156.2481	210.04	206.21
1156.7487	211.89	206.73
1157.2536	209.39	205.80
1157.7454	209.76	205.64
1158.2401	209.06	205.56
1158.7327	208.27	206.10
1159.2657	209.29	205.82
1159.7764	210.85	205.93
1160.2831	209.99	206.24
1160.8253	209.52	204.75
1161.3510	211.81	205.81
1162.0870	210.99	206.15
1162.6352	210.76	206.30
1163.1413	211.17	207.13
1163.6060	210.35	205.93
1164.1095	209.91	205.63
1164.6101	209.84	205.98
1165.1073	210.65	206.15
1165.6319	211.72	206.27
1166.1149	209.54	204.61
1166.6131	210.26	206.57
1167.1099	210.14	205.02
1167.6306	209.89	206.38
1168.1873	210.13	206.06
1168.6720	208.88	205.75
1169.1593	210.22	205.99
1169.6729	209.03	206.07
1170.1700	209.85	205.23
1170.6701	208.98	205.51
1171.1622	208.97	205.23
1171.6983	210.07	204.99
1172.2277	208.67	205.64
1172.7447	210.87	206.21
1173.2182	209.30	206.22
1173.7298	208.01	205.63
1174.2254	208.53	205.27
1174.7291	209.29	205.43
1175.2167	209.02	205.58
1175.7417	208.35	204.09
1176.2428	209.92	205.50
1176.7296	208.81	204.87
1177.2299	208.77	204.71
1177.7441	208.68	205.17
1178.2825	207.88	204.48
1178.7799	208.35	205.30
1179.2929	207.89	204.84
1179.8133	208.26	204.21
1180.3432	210.07	205.41
1181.0789	209.74	205.22
1181.5785	209.43	205.20
1182.1271	209.97	205.26
1182.6156	208.87	204.92
1183.1360	208.81	204.28
1183.6137	210.72	204.96
1184.1216	209.93	205.48
1184.6342	211.34	206.17
1185.1081	210.03	204.56
1185.6404	208.94	204.24
1186.1911	206.65	204.41
1186.6920	208.85	204.51
1187.1978	211.10	205.89
1187.7580	210.21	204.65
1188.2363	209.58	204.71
1188.7355	207.92	204.54
1189.2365	206.64	203.47
1189.7437	208.68	204.04
1190.2500	208.10	203.70
1190.7394	208.03	204.16
1191.2562	208.54	203.93
1191.7901	207.93	204.13
1192.2947	207.82	204.64
1192.8066	210.23	203.94
1193.3084	207.92	203.93
1193.8135	208.90	204.38
1194.5819	208.00	203.04
1195.1515	208.05	204.77
1195.7943	209.09	205.26
1196.5559	209.54	204.49
