sep= 
Time [s]	R1_m5 [ng/cm^2]	C1_m [ng/cm^2]
0.0000	Failed	Failed
1.1414	Failed	Failed
2.2836	Failed	Failed
3.4255	Failed	Failed
4.5639	Failed	Failed
5.7067	Failed	Failed
6.8535	Failed	Failed
8.0001	Failed	Failed
9.1474	Failed	Failed
10.2944	Failed	Failed
11.4410	Failed	Failed
12.5881	Failed	Failed
13.7327	Failed	Failed
14.8804	Failed	Failed
16.0277	Failed	Failed
17.1744	Failed	Failed
18.3228	Failed	Failed
19.4699	Failed	Failed
20.6158	Failed	Failed
21.7637	Failed	Failed
22.9120	Failed	Failed
24.0575	Failed	Failed
25.2036	Failed	Failed
26.3504	Failed	Failed
27.4980	Failed	Failed
28.6452	Failed	Failed
29.7928	Failed	Failed
30.9388	Failed	Failed
32.0856	Failed	Failed
33.2326	Failed	Failed
34.3799	Failed	Failed
35.5258	Failed	Failed
36.6723	Failed	Failed
37.8192	Failed	Failed
38.9658	Failed	Failed
40.1100	Failed	Failed
41.2557	Failed	Failed
42.4032	Failed	Failed
43.5495	Failed	Failed
44.6947	Failed	Failed
45.8317	Failed	Failed
46.9788	Failed	Failed
48.1249	Failed	Failed
49.2715	Failed	Failed
50.4183	Failed	Failed
51.5636	Failed	Failed
52.7097	Failed	Failed
53.8552	Failed	Failed
55.0021	Failed	Failed
56.1475	Failed	Failed
57.2932	Failed	Failed
58.4398	Failed	Failed
59.5860	Failed	Failed
60.7288	Failed	Failed
61.8737	Failed	Failed
63.0198	Failed	Failed
64.1667	Failed	Failed
65.3137	Failed	Failed
66.4608	Failed	Failed
67.6054	Failed	Failed
68.7511	Failed	Failed
69.8980	Failed	Failed
71.0428	Failed	Failed
72.1883	Failed	Failed
73.3356	Failed	Failed
74.4818	Failed	Failed
75.6273	Failed	Failed
76.7755	Failed	Failed
77.9199	Failed	Failed
79.0658	Failed	Failed
80.2122	Failed	Failed
81.3584	Failed	Failed
82.5060	Failed	Failed
83.6515	Failed	Failed
84.7976	Failed	Failed
85.9417	Failed	Failed
87.0876	Failed	Failed
88.2336	Failed	Failed
89.3797	Failed	Failed
90.5257	Failed	Failed
91.6715	Failed	Failed
92.8168	Failed	Failed
93.9628	Failed	Failed
95.1095	Failed	Failed
96.2562	Failed	Failed
97.4025	Failed	Failed
98.5505	Failed	Failed
99.6967	Failed	Failed
100.8406	Failed	Failed
101.9850	Failed	Failed
103.1300	Failed	Failed
104.2765	Failed	Failed
105.4243	Failed	Failed
106.5608	Failed	Failed
107.7060	Failed	Failed
108.8523	Failed	Failed
109.9995	Failed	Failed
111.1434	Failed	Failed
112.2897	Failed	Failed
113.4360	Failed	Failed
114.5821	Failed	Failed
115.7274	Failed	Failed
116.8720	Failed	Failed
118.0181	Failed	Failed
119.1634	Failed	Failed
120.3101	Failed	Failed
121.4548	Failed	Failed
122.5996	Failed	Failed
123.7458	Failed	Failed
124.8887	Failed	Failed
126.0304	Failed	Failed
127.1751	Failed	Failed
128.3189	Failed	Failed
129.4644	Failed	Failed
130.6096	Failed	Failed
131.7540	Failed	Failed
132.8984	Failed	Failed
134.0427	Failed	Failed
135.1868	Failed	Failed
136.3316	Failed	Failed
137.4772	Failed	Failed
138.6219	Failed	Failed
139.7689	Failed	Failed
140.9101	Failed	Failed
142.0531	Failed	Failed
143.1982	Failed	Failed
144.3427	Failed	Failed
145.4889	Failed	Failed
146.6341	Failed	Failed
147.7805	Failed	Failed
148.9258	Failed	Failed
150.0711	Failed	Failed
151.2163	Failed	Failed
152.3614	Failed	Failed
153.5067	Failed	Failed
154.6523	Failed	Failed
155.7966	Failed	Failed
156.9411	Failed	Failed
158.0858	Failed	Failed
159.2284	Failed	Failed
160.3720	Failed	Failed
161.5169	Failed	Failed
162.6619	Failed	Failed
163.8071	Failed	Failed
164.9522	Failed	Failed
166.0894	Failed	Failed
167.2331	Failed	Failed
168.3739	Failed	Failed
169.5197	Failed	Failed
170.6652	Failed	Failed
171.8074	Failed	Failed
172.9531	Failed	Failed
174.0942	Failed	Failed
175.2376	Failed	Failed
176.3808	Failed	Failed
177.5266	Failed	Failed
178.6686	Failed	Failed
179.8122	Failed	Failed
180.9562	Failed	Failed
182.1016	Failed	Failed
183.2456	Failed	Failed
184.3869	Failed	Failed
185.5287	Failed	Failed
186.6534	0.00	0.00
187.7785	0.00	0.00
188.9024	0.00	0.00
190.0266	0.00	0.00
194.4951	0.00	0.00
197.3845	0.00	0.00
198.1372	0.00	0.00
198.5025	0.00	0.00
198.8439	0.00	0.00
199.1871	0.00	0.00
199.5284	0.00	0.00
199.8944	0.00	0.00
200.2570	0.00	0.00
200.6070	0.00	0.00
200.9563	0.00	0.00
201.3101	0.00	0.00
201.6579	0.00	0.00
202.0041	0.00	0.00
202.3310	0.00	0.00
202.6785	0.00	0.00
203.0244	0.00	0.00
203.3653	0.00	0.00
203.7172	0.00	0.00
204.0708	0.00	0.00
204.4201	0.00	0.00
204.7657	0.00	0.00
205.1085	0.00	0.00
205.4529	0.00	0.00
205.8051	0.00	0.00
206.1771	0.00	0.00
206.5249	0.00	0.00
206.8879	0.00	0.00
207.2331	0.00	0.00
207.5780	0.00	0.00
207.9461	0.00	0.00
208.3039	0.00	0.00
208.6515	0.00	0.00
209.0057	0.00	0.00
209.3590	0.00	0.00
209.7121	0.00	0.00
210.0601	0.00	0.00
210.4020	0.00	0.00
210.7570	0.00	0.00
211.1253	0.00	0.00
211.4758	0.00	0.00
211.8271	0.00	0.00
212.1848	0.00	0.00
212.5305	0.00	0.00
212.8919	0.00	0.00
213.2516	0.00	0.00
213.6226	0.00	0.00
213.9751	0.00	0.00
214.3320	0.00	0.00
214.6839	0.00	0.00
215.0246	0.00	0.00
215.3792	0.00	0.00
215.7332	0.00	0.00
216.0848	0.00	0.00
216.4538	0.00	0.00
216.8055	0.00	0.00
217.1607	0.00	0.00
217.5180	0.00	0.00
217.8981	0.00	0.00
218.2518	0.00	0.00
218.6159	0.00	0.00
218.9639	0.00	0.00
219.3064	0.00	0.00
219.6553	0.00	0.00
220.0094	0.00	0.00
220.3942	0.00	0.00
220.7548	0.00	0.00
221.1316	0.00	0.00
221.4806	0.00	0.00
221.8338	0.00	0.00
222.1939	0.00	0.00
222.5696	0.00	0.00
222.9158	0.00	0.00
223.2646	0.00	0.00
223.6118	0.00	0.00
223.9635	0.00	0.00
224.3198	0.00	0.00
224.6819	0.00	0.00
225.0288	0.00	0.00
225.4005	0.00	0.00
225.7554	0.00	0.00
226.0979	0.00	0.00
226.4169	0.00	0.00
226.7634	0.00	0.00
227.1088	0.00	0.00
227.4542	0.00	0.00
227.8061	0.00	0.00
228.1844	0.00	0.00
228.5237	0.00	0.00
228.8811	0.00	0.00
229.2274	0.00	0.00
229.5688	0.00	0.00
229.9114	0.00	0.00
230.2569	0.00	0.00
230.6000	0.00	0.00
230.9440	0.00	0.00
231.3015	0.00	0.00
231.6496	0.00	0.00
232.0153	0.00	0.00
232.3985	0.00	0.00
232.7553	0.00	0.00
233.1388	0.00	0.00
233.5220	0.00	0.00
233.9014	0.00	0.00
234.2630	0.00	0.00
234.6392	0.00	0.00
235.0174	0.00	0.00
235.4035	0.00	0.00
235.7615	0.00	0.00
236.1342	0.00	0.00
236.5190	0.00	0.00
236.9058	0.00	0.00
237.2571	0.00	0.00
237.6131	0.00	0.00
237.9551	0.00	0.00
238.2999	0.00	0.00
238.6539	0.00	0.00
239.0260	0.00	0.00
239.4069	0.00	0.00
239.7528	0.00	0.00
240.1062	0.00	0.00
240.4504	0.00	0.00
240.7859	0.00	0.00
241.1205	0.00	0.00
241.4624	0.00	0.00
241.8142	0.00	0.00
242.2001	0.00	0.00
242.5726	0.00	0.00
242.9134	0.00	0.00
243.2615	0.00	0.00
243.6164	0.00	0.00
243.9579	0.00	0.00
244.3016	0.00	0.00
244.6520	0.00	0.00
245.0286	0.00	0.00
245.3778	0.00	0.00
245.7290	0.00	0.00
246.0706	0.00	0.00
246.4120	0.00	0.00
246.7715	0.00	0.00
247.1394	0.00	0.00
247.5067	0.00	0.00
247.8493	0.00	0.00
248.2068	0.00	0.00
248.5768	0.00	0.00
248.9611	0.00	0.00
249.3190	0.00	0.00
249.7159	0.00	0.00
250.0870	0.00	0.00
250.4372	0.00	0.00
250.7887	0.00	0.00
251.1544	0.00	0.00
251.5267	0.00	0.00
251.9056	0.00	0.00
252.2648	0.00	0.00
252.6509	0.00	0.00
253.0139	0.00	0.00
253.3529	0.00	0.00
253.7028	0.00	0.00
254.0632	0.00	0.00
254.4042	0.00	0.00
254.7579	0.00	0.00
255.1377	0.00	0.00
255.4984	0.00	0.00
255.8386	0.00	0.00
256.1920	0.00	0.00
256.5883	0.00	0.00
257.0136	0.00	0.00
257.4282	0.00	0.00
257.7831	0.00	0.00
258.1437	0.00	0.00
258.4927	0.00	0.00
258.8404	0.00	0.00
259.1945	0.00	0.00
259.5553	0.00	0.00
259.8952	0.00	0.00
260.2541	0.00	0.00
260.6378	0.00	0.00
261.0302	0.00	0.00
261.4211	0.00	0.00
261.7804	0.00	0.00
262.1517	0.00	0.00
262.5386	0.00	0.00
262.9012	0.00	0.00
263.2562	0.00	0.00
263.6285	0.00	0.00
264.0430	0.00	0.00
264.4014	0.00	0.00
264.7605	0.00	0.00
265.1447	0.00	0.00
265.5355	0.00	0.00
265.9221	0.00	0.00
266.2802	0.00	0.00
266.6495	0.00	0.00
267.0325	0.00	0.00
267.4035	0.00	0.00
267.7578	0.00	0.00
268.1479	0.00	0.00
268.5543	0.00	0.00
268.9067	0.00	0.00
269.2674	0.00	0.00
269.6459	0.00	0.00
270.0294	0.00	0.00
270.4243	0.00	0.00
270.7687	0.00	0.00
271.1347	0.00	0.00
271.4689	0.00	0.00
271.8120	0.00	0.00
272.1799	0.00	0.00
272.5207	0.00	0.00
272.8596	0.00	0.00
273.2076	0.00	0.00
273.5673	0.00	0.00
273.9069	0.00	0.00
274.2514	0.00	0.00
274.5879	0.00	0.00
274.9522	0.00	0.00
275.2949	0.00	0.00
275.6437	0.00	0.00
276.0237	0.00	0.00
276.3998	0.00	0.00
276.7546	0.00	0.00
277.1596	0.00	0.00
277.5452	0.00	0.00
277.9057	0.00	0.00
278.2645	0.00	0.00
278.6532	0.00	0.00
279.0379	0.00	0.00
279.3984	0.00	0.00
279.7514	0.00	0.00
280.1553	0.00	0.00
280.5306	0.00	0.00
280.9072	0.00	0.00
281.2619	0.00	0.00
281.6574	0.00	0.00
282.0156	0.00	0.00
282.4317	0.00	0.00
282.7756	0.00	0.00
283.1467	0.00	0.00
283.5586	0.00	0.00
283.9351	0.00	0.00
284.2934	0.00	0.00
284.6904	0.00	0.00
285.0504	0.00	0.00
285.4010	0.00	0.00
285.7559	0.00	0.00
286.1643	0.00	0.00
286.5676	0.00	0.00
286.9377	0.00	0.00
287.2953	0.00	0.00
287.6652	0.00	0.00
288.0417	0.00	0.00
288.4383	0.00	0.00
288.7876	0.00	0.00
289.1564	0.00	0.00
289.5456	0.00	0.00
289.9278	0.00	0.00
290.2736	0.00	0.00
290.6317	0.00	0.00
290.9704	0.00	0.00
291.3220	0.00	0.00
291.7287	0.00	0.00
292.0894	0.00	0.00
292.4848	0.00	0.00
292.8298	0.00	0.00
293.2136	0.00	0.00
293.6183	0.00	0.00
293.9823	0.00	0.00
294.3335	0.00	0.00
294.7182	0.00	0.00
295.1019	0.00	0.00
295.4996	0.00	0.00
295.8417	0.00	0.00
296.2140	0.00	0.00
296.6142	0.00	0.00
296.9913	0.00	0.00
297.3448	0.00	0.00
297.7380	0.00	0.00
298.1142	0.00	0.00
298.4837	0.00	0.00
298.8386	0.00	0.00
299.2391	0.00	0.00
299.6049	0.00	0.00
300.0055	0.00	0.00
300.3494	0.00	0.00
300.7183	0.00	0.00
301.0837	0.00	0.00
301.4567	0.00	0.00
301.8001	0.00	0.00
302.1464	0.00	0.00
302.5027	0.00	0.00
302.8520	0.00	0.00
303.2120	0.00	0.00
303.5938	0.00	0.00
303.9742	0.00	0.00
304.3301	0.00	0.00
304.7192	0.00	0.00
305.0673	0.00	0.00
305.4068	0.00	0.00
305.7602	0.00	0.00
306.1474	0.00	0.00
306.5106	0.00	0.00
306.8491	0.00	0.00
307.1989	0.00	0.00
307.6240	0.00	0.00
307.9789	0.00	0.00
308.3275	0.00	0.00
308.6993	0.00	0.00
309.0814	0.00	0.00
309.4583	0.00	0.00
309.8103	0.00	0.00
310.1954	0.00	0.00
310.5342	0.00	0.00
310.9239	0.00	0.00
311.2770	0.00	0.00
311.6741	0.00	0.00
312.0540	0.00	0.00
312.4346	0.00	0.00
312.7875	0.00	0.00
313.1681	0.00	0.00
313.5171	0.00	0.00
313.8562	0.00	0.00
314.2141	0.00	0.00
314.6121	0.00	0.00
314.9868	0.00	0.00
315.3420	0.00	0.00
315.7292	0.00	0.00
316.1407	0.00	0.00
316.4923	0.00	0.00
316.8456	0.00	0.00
317.2196	0.00	0.00
317.5843	0.00	0.00
317.9222	0.00	0.00
318.2707	0.00	0.00
318.6381	0.00	0.00
319.0007	0.00	0.00
319.3540	0.00	0.00
319.7296	0.00	0.00
320.1072	0.00	0.00
320.4902	0.00	0.00
320.8421	0.00	0.00
321.2226	0.00	0.00
321.6024	0.00	0.00
321.9920	0.00	0.00
322.3414	0.00	0.00
322.7039	0.00	0.00
323.1028	0.00	0.00
323.4988	0.00	0.00
323.8518	0.00	0.00
324.2330	0.00	0.00
324.6133	0.00	0.00
324.9895	0.00	0.00
325.3419	0.00	0.00
325.7341	0.00	0.00
326.1136	0.00	0.00
326.4882	0.00	0.00
326.8359	0.00	0.00
327.2154	0.00	0.00
327.5822	0.00	0.00
327.9427	0.00	0.00
328.3007	0.00	0.00
328.6673	0.00	0.00
329.0538	0.00	0.00
329.4149	0.00	0.00
329.7590	0.00	0.00
330.1037	0.00	0.00
330.4953	0.00	0.00
330.8395	0.00	0.00
331.2050	0.00	0.00
331.5400	0.00	0.00
331.9109	0.00	0.00
332.2589	0.00	0.00
332.6040	0.00	0.00
332.9927	0.00	0.00
333.3414	0.00	0.00
333.7212	0.00	0.00
334.0931	0.00	0.00
334.4699	0.00	0.00
334.8155	0.00	0.00
335.1621	0.00	0.00
335.5436	0.00	0.00
335.9362	0.00	0.00
336.2909	0.00	0.00
336.6725	0.00	0.00
337.0637	0.00	0.00
337.4122	0.00	0.00
337.7564	0.00	0.00
338.0972	0.00	0.00
338.4765	0.00	0.00
338.8225	0.00	0.00
339.1635	0.00	0.00
339.5289	0.00	0.00
339.9350	0.00	0.00
340.2831	0.00	0.00
340.6492	0.00	0.00
341.0485	0.00	0.00
341.4290	0.00	0.00
341.7873	0.00	0.00
342.1689	0.00	0.00
342.5337	0.00	0.00
342.8747	0.00	0.00
343.2207	0.00	0.00
343.5762	0.00	0.00
343.9202	0.00	0.00
344.2695	0.00	0.00
344.6471	0.00	0.00
345.0567	0.00	0.00
345.4865	0.00	0.00
345.8288	0.00	0.00
346.2168	0.00	0.00
346.6092	0.00	0.00
346.9787	0.00	0.00
347.3218	0.00	0.00
347.6667	0.00	0.00
348.0412	0.00	0.00
348.3753	0.00	0.00
348.7269	0.00	0.00
349.1221	0.00	0.00
349.4999	0.00	0.00
349.8430	0.00	0.00
350.2093	0.00	0.00
350.5854	0.00	0.00
350.9259	0.00	0.00
351.2852	0.00	0.00
351.6745	0.00	0.00
352.0597	0.00	0.00
352.4479	0.00	0.00
352.7972	0.00	0.00
353.1568	0.00	0.00
353.5621	0.00	0.00
353.9225	0.00	0.00
354.2845	0.00	0.00
354.6784	0.00	0.00
355.0615	0.00	0.00
355.4401	0.00	0.00
355.7946	0.00	0.00
356.1775	0.00	0.00
356.5594	0.00	0.00
356.9248	0.00	0.00
357.3269	0.00	0.00
357.7313	0.00	0.00
358.1121	0.00	0.00
358.4902	0.00	0.00
358.8434	0.00	0.00
359.2369	0.00	0.00
359.5878	0.00	0.00
360.0105	0.00	0.00
360.3589	0.00	0.00
360.7293	0.00	0.00
361.1058	0.00	0.00
361.4868	0.00	0.00
361.8218	0.00	0.00
362.2034	0.00	0.00
362.5384	0.00	0.00
362.9313	0.00	0.00
363.2733	0.00	0.00
363.6504	0.00	0.00
364.0269	0.00	0.00
364.3677	0.00	0.00
364.7198	0.00	0.00
365.1217	0.00	0.00
365.5035	0.00	0.00
365.8476	0.00	0.00
366.2068	0.00	0.00
366.5541	0.00	0.00
366.9478	0.00	0.00
367.3047	0.00	0.00
367.6736	0.00	0.00
368.0655	0.00	0.00
368.4266	0.00	0.00
368.7719	0.00	0.00
369.1501	0.00	0.00
369.4974	0.00	0.00
369.8396	0.00	0.00
370.2709	0.00	0.00
370.6722	0.00	0.00
371.0430	0.00	0.00
371.4324	0.00	0.00
371.7739	0.00	0.00
372.1612	0.00	0.00
372.5373	0.00	0.00
372.9214	0.00	0.00
373.2722	0.00	0.00
373.6705	0.00	0.00
374.0637	0.00	0.00
374.4448	0.00	0.00
374.7865	0.00	0.00
375.1876	0.00	0.00
375.5718	0.00	0.00
375.9220	0.00	0.00
376.2793	0.00	0.00
376.6867	0.00	0.00
377.0365	0.00	0.00
377.3768	0.00	0.00
377.7332	0.00	0.00
378.1003	0.00	0.00
378.4851	0.00	0.00
378.8394	0.00	0.00
379.2420	0.00	0.00
379.6379	0.00	0.00
380.0007	0.00	0.00
380.3523	0.00	0.00
380.7474	0.00	0.00
381.1263	0.00	0.00
381.5010	0.00	0.00
381.8398	0.00	0.00
382.2095	0.00	0.00
382.5973	0.00	0.00
383.0134	0.00	0.00
383.3660	0.00	0.00
383.7467	0.00	0.00
384.1055	0.00	0.00
384.4855	0.00	0.00
384.8315	0.00	0.00
385.2170	0.00	0.00
385.6040	0.00	0.00
385.9811	0.00	0.00
386.3246	0.00	0.00
386.7246	0.00	0.00
387.1310	0.00	0.00
387.4933	0.00	0.00
387.8344	0.00	0.00
388.2157	0.00	0.00
388.6361	0.00	0.00
389.0036	0.00	0.00
389.3591	0.00	0.00
389.7430	0.00	0.00
390.0908	0.00	0.00
390.4354	0.00	0.00
390.7904	0.00	0.00
391.1779	0.00	0.00
391.5537	0.00	0.00
391.9539	0.00	0.00
392.2994	0.00	0.00
392.6659	0.00	0.00
393.0628	0.00	0.00
393.4629	0.00	0.00
393.8098	0.00	0.00
394.1919	0.00	0.00
394.5795	0.00	0.00
394.9383	0.00	0.00
395.2813	0.00	0.00
395.6890	0.00	0.00
396.0687	0.00	0.00
396.4549	0.00	0.00
396.8122	0.00	0.00
397.1782	0.00	0.00
397.5704	0.00	0.00
397.9582	0.00	0.00
398.3566	0.00	0.00
398.7595	0.00	0.00
399.1739	0.00	0.00
399.5837	0.00	0.00
400.0120	0.00	0.00
400.3615	0.00	0.00
400.7484	0.00	0.00
401.1294	0.00	0.00
401.5206	0.00	0.00
401.8635	0.00	0.00
402.2492	0.00	0.00
402.6333	0.00	0.00
402.9918	0.00	0.00
403.3405	0.00	0.00
403.8216	0.00	0.00
404.1852	0.00	0.00
404.5535	0.00	0.00
404.9427	0.00	0.00
405.2996	0.00	0.00
405.6983	0.00	0.00
406.0745	0.00	0.00
406.4661	0.00	0.00
406.8159	0.00	0.00
407.2063	0.00	0.00
407.5777	0.00	0.00
407.9402	0.00	0.00
408.2857	0.00	0.00
408.6574	0.00	0.00
409.0793	0.00	0.00
409.4319	0.00	0.00
409.7843	0.00	0.00
410.1886	0.00	0.00
410.5683	0.00	0.00
410.9572	0.00	0.00
411.3156	0.00	0.00
411.6991	0.00	0.00
412.0514	0.00	0.00
412.4485	0.00	0.00
412.8025	0.00	0.00
413.1798	0.00	0.00
413.5817	0.00	0.00
413.9655	0.00	0.00
414.3043	0.00	0.00
414.6820	0.00	0.00
415.0671	0.00	0.00
415.4767	0.00	0.00
415.8254	0.00	0.00
416.2344	0.00	0.00
416.6317	0.00	0.00
417.0308	0.00	0.00
417.4403	0.00	0.00
417.7955	0.00	0.00
418.1889	0.00	0.00
418.5578	0.00	0.00
418.9385	0.00	0.00
419.2835	0.00	0.00
419.7008	0.00	0.00
420.0830	0.00	0.00
420.5184	0.00	0.00
420.8595	0.00	0.00
421.2595	0.00	0.00
421.6296	0.00	0.00
422.0195	0.00	0.00
422.3691	0.00	0.00
422.7578	0.00	0.00
423.1119	0.00	0.00
423.5035	0.00	0.00
423.8550	0.00	0.00
424.2496	0.00	0.00
424.6025	0.00	0.00
425.0190	0.00	0.00
425.3692	0.00	0.00
425.7612	0.00	0.00
426.1398	0.00	0.00
426.5017	0.00	0.00
426.8507	0.00	0.00
427.2608	0.00	0.00
427.6371	0.00	0.00
428.0208	0.00	0.00
428.3642	0.00	0.00
428.7544	0.00	0.00
429.1070	0.00	0.00
429.5114	0.00	0.00
429.8522	0.00	0.00
430.2366	0.00	0.00
430.6023	0.00	0.00
431.0267	0.00	0.00
431.3664	0.00	0.00
431.7384	0.00	0.00
432.1173	0.00	0.00
432.5268	0.00	0.00
432.9617	0.00	0.00
433.3157	0.00	0.00
433.6891	0.00	0.00
434.0891	0.00	0.00
434.5280	0.00	0.00
434.8694	0.00	0.00
435.2404	0.00	0.00
435.6274	0.00	0.00
436.0011	0.00	0.00
436.3304	0.00	0.00
436.7375	0.00	0.00
437.1166	0.00	0.00
437.4918	0.00	0.00
437.8393	0.00	0.00
438.2594	0.00	0.00
438.6408	0.00	0.00
439.0247	0.00	0.00
439.3651	0.00	0.00
439.7491	0.00	0.00
440.1659	0.00	0.00
440.5571	0.00	0.00
440.9491	0.00	0.00
441.2954	0.00	0.00
441.6786	0.00	0.00
442.0615	0.00	0.00
442.4641	0.00	0.00
442.8084	0.00	0.00
443.2032	0.00	0.00
443.5928	0.00	0.00
444.0351	0.00	0.00
444.3725	0.00	0.00
444.7295	0.00	0.00
445.1190	0.00	0.00
445.5009	0.00	0.00
445.8402	0.00	0.00
446.2308	0.00	0.00
446.6205	0.00	0.00
447.0025	0.00	0.00
447.3453	0.00	0.00
447.7380	0.00	0.00
448.1202	0.00	0.00
448.5108	0.00	0.00
448.8588	0.00	0.00
449.2713	0.00	0.00
449.7078	0.00	0.00
450.1419	0.00	0.00
450.5867	0.00	0.00
451.0242	0.00	0.00
451.3623	0.00	0.00
451.7563	0.00	0.00
452.1382	0.00	0.00
452.5845	0.00	0.00
452.9764	0.00	0.00
453.3275	0.00	0.00
453.7095	0.00	0.00
454.1595	0.00	0.00
454.6190	0.00	0.00
455.0070	0.00	0.00
455.3515	0.00	0.00
455.7701	0.00	0.00
456.2045	0.00	0.00
456.6465	0.00	0.00
457.0266	0.00	0.00
457.4674	0.00	0.00
457.8170	0.00	0.00
458.2060	0.00	0.00
458.6464	0.00	0.00
459.0888	0.00	0.00
459.4856	0.00	0.00
459.8349	0.00	0.00
460.2680	0.00	0.00
460.6330	0.00	0.00
461.0075	0.00	0.00
461.3326	0.00	0.00
461.7477	0.00	0.00
462.1418	0.00	0.00
462.5317	0.00	0.00
462.9762	0.00	0.00
463.3304	0.00	0.00
463.7666	0.00	0.00
464.2120	0.00	0.00
464.6208	0.00	0.00
465.0160	0.00	0.00
465.3658	0.00	0.00
465.7641	0.00	0.00
466.2083	0.00	0.00
466.5746	0.00	0.00
466.9673	0.00	0.00
467.2977	0.00	0.00
467.7183	0.00	0.00
468.1466	0.00	0.00
468.5952	0.00	0.00
469.0374	0.00	0.00
469.3752	0.00	0.00
469.7418	0.00	0.00
470.1460	0.00	0.00
470.5955	0.00	0.00
471.0404	0.00	0.00
471.4790	0.00	0.00
471.8319	0.00	0.00
472.2777	0.00	0.00
472.6754	0.00	0.00
473.0668	0.00	0.00
473.4810	0.00	0.00
473.8372	0.00	0.00
474.2832	0.00	0.00
474.7072	0.00	0.00
475.1494	0.00	0.00
475.6304	0.00	0.00
476.0352	0.00	0.00
476.4873	0.00	0.00
476.8383	0.00	0.00
477.2757	0.00	0.00
477.6862	0.00	0.00
478.0959	0.00	0.00
478.5113	0.00	0.00
478.8603	0.00	0.00
479.3216	0.00	0.00
479.7497	0.00	0.00
480.1346	0.00	0.00
480.5108	0.00	0.00
480.8546	0.00	0.00
481.2498	0.00	0.00
481.6279	0.00	0.00
482.0853	0.00	0.00
482.5336	0.00	0.00
482.9804	0.00	0.00
483.3332	0.00	0.00
483.7730	0.00	0.00
484.2693	0.00	0.00
484.6858	0.00	0.00
485.0966	0.00	0.00
485.5143	0.00	0.00
485.8551	0.00	0.00
486.2690	0.00	0.00
486.7005	0.00	0.00
487.0766	0.00	0.00
487.4479	0.00	0.00
487.8047	0.00	0.00
488.2149	0.00	0.00
488.6601	0.00	0.00
489.1034	0.00	0.00
489.5498	0.00	0.00
489.9630	0.00	0.00
490.3066	0.00	0.00
490.6980	0.00	0.00
491.1198	0.00	0.00
491.5579	0.00	0.00
491.9727	0.00	0.00
492.3174	0.00	0.00
492.7463	0.00	0.00
493.1494	0.00	0.00
493.5215	0.00	0.00
493.8612	0.00	0.00
494.2554	0.00	0.00
494.6950	0.00	0.00
495.1048	0.00	0.00
495.5503	0.00	0.00
495.9595	0.00	0.00
496.3005	0.00	0.00
496.7023	0.00	0.00
497.2132	0.00	0.00
497.6636	0.00	0.00
498.0917	0.00	0.00
498.5399	0.00	0.00
498.8753	0.00	0.00
499.2642	0.00	0.00
499.6248	0.00	0.00
500.0370	0.00	0.00
500.4647	0.00	0.00
500.8086	0.00	0.00
501.1973	0.00	0.00
501.5691	0.00	0.00
501.9899	0.00	0.00
502.3370	0.00	0.00
502.7589	0.00	0.00
503.1554	0.00	0.00
503.5776	0.00	0.00
503.9531	0.00	0.00
504.3103	0.00	0.00
504.7249	0.00	0.00
505.1570	0.00	0.00
505.5822	0.00	0.00
505.9672	0.00	0.00
506.3214	0.00	0.00
506.7242	0.00	0.00
507.1365	0.00	0.00
507.5234	0.00	0.00
507.8566	0.00	0.00
508.2660	0.00	0.00
508.6889	0.00	0.00
509.1089	0.00	0.00
509.5545	0.00	0.00
509.9737	0.00	0.00
510.3233	0.00	0.00
510.7738	0.00	0.00
511.2229	0.00	0.00
511.6760	0.00	0.00
512.0967	0.00	0.00
512.5177	0.00	0.00
512.8587	0.00	0.00
513.2613	0.00	0.00
513.7224	0.00	0.00
514.1512	0.00	0.00
514.5265	0.00	0.00
514.9899	0.00	0.00
515.3316	0.00	0.00
515.7649	0.00	0.00
516.1754	0.00	0.00
516.5908	0.00	0.00
516.9776	0.00	0.00
517.3259	0.00	0.00
517.7135	0.00	0.00
518.1583	0.00	0.00
518.6382	0.00	0.00
519.1027	0.00	0.00
519.5551	0.00	0.00
519.9991	0.00	0.00
520.3422	0.00	0.00
520.7658	0.00	0.00
521.2228	0.00	0.00
521.6494	0.00	0.00
522.1121	0.00	0.00
522.5620	0.00	0.00
523.0011	0.00	0.00
523.3538	0.00	0.00
523.7884	0.00	0.00
524.2004	0.00	0.00
524.6611	0.00	0.00
525.1132	0.00	0.00
525.5483	0.00	0.00
526.0176	0.00	0.00
526.3587	0.00	0.00
526.7673	0.00	0.00
527.2286	0.00	0.00
527.7032	0.00	0.00
528.1046	0.00	0.00
528.5553	0.00	0.00
529.0008	0.00	0.00
529.3504	0.00	0.00
529.7863	0.00	0.00
530.2354	0.00	0.00
530.6704	0.00	0.00
531.1258	0.00	0.00
531.5606	0.00	0.00
532.0011	0.00	0.00
532.3347	0.00	0.00
532.7618	0.00	0.00
533.2260	0.00	0.00
533.6592	0.00	0.00
534.0881	0.00	0.00
534.4785	0.00	0.00
534.8166	0.00	0.00
535.2025	0.00	0.00
535.6642	0.00	0.00
536.1104	0.00	0.00
536.5396	0.00	0.00
537.0020	0.00	0.00
537.3427	0.00	0.00
537.7696	0.00	0.00
538.2342	0.00	0.00
538.6545	0.00	0.00
539.0804	0.00	0.00
539.4958	0.00	0.00
539.8399	0.00	0.00
540.2713	0.00	0.00
540.7268	0.00	0.00
541.2298	0.00	0.00
541.6341	0.00	0.00
542.0649	0.00	0.00
542.5071	0.00	0.00
542.8599	0.00	0.00
543.2926	0.00	0.00
543.8140	0.00	0.00
544.2145	0.00	0.00
544.6481	0.00	0.00
545.1151	0.00	0.00
545.6258	0.00	0.00
546.0573	0.00	0.00
546.4868	0.00	0.00
546.8340	0.00	0.00
547.2915	0.00	0.00
547.7495	0.00	0.00
548.1727	0.00	0.00
548.5908	0.00	0.00
548.9770	0.00	0.00
549.3221	0.00	0.00
549.7232	0.00	0.00
550.2336	0.00	0.00
550.6686	0.00	0.00
551.1301	0.00	0.00
551.5650	0.00	0.00
552.0028	0.00	0.00
552.3506	0.00	0.00
552.7982	0.00	0.00
553.2588	0.00	0.00
553.6497	0.00	0.00
554.1101	0.00	0.00
554.6285	0.00	0.00
555.0262	0.00	0.00
555.3748	0.00	0.00
555.8060	0.00	0.00
556.2643	0.00	0.00
556.7252	0.00	0.00
557.1670	0.00	0.00
557.6171	0.00	0.00
558.0621	0.00	0.00
558.5028	0.00	0.00
558.8419	0.00	0.00
559.2839	0.00	0.00
559.7210	0.00	0.00
560.1748	0.00	0.00
560.6005	0.00	0.00
561.0533	0.00	0.00
561.5084	0.00	0.00
561.8591	0.00	0.00
562.3100	0.00	0.00
562.7351	0.00	0.00
563.1781	0.00	0.00
563.6222	0.00	0.00
564.0770	0.00	0.00
564.5099	0.00	0.00
564.8546	0.00	0.00
565.2870	0.00	0.00
565.7277	0.00	0.00
566.1946	0.00	0.00
566.6235	0.00	0.00
567.0455	0.00	0.00
567.4924	0.00	0.00
567.8302	0.00	0.00
568.2842	0.00	0.00
568.7160	0.00	0.00
569.1675	0.00	0.00
569.6301	0.00	0.00
570.0621	0.00	0.00
570.4870	0.00	0.00
570.8413	0.00	0.00
571.3092	0.00	0.00
571.7399	0.00	0.00
572.1651	0.00	0.00
572.6202	0.00	0.00
573.0711	0.00	0.00
573.5123	0.00	0.00
573.8571	0.00	0.00
574.3021	0.00	0.00
574.7627	0.00	0.00
575.2279	0.00	0.00
575.6931	0.00	0.00
576.0994	0.00	0.00
576.5455	0.00	0.00
577.0174	0.00	0.00
577.3584	0.00	0.00
577.7880	0.00	0.00
578.2520	0.00	0.00
578.6919	0.00	0.00
579.1025	0.00	0.00
579.5681	0.00	0.00
580.0532	0.00	0.00
580.4890	0.00	0.00
580.8304	0.00	0.00
581.2665	0.00	0.00
581.7273	0.00	0.00
582.1920	0.00	0.00
582.6272	0.00	0.00
583.0480	0.00	0.00
583.4964	0.00	0.00
583.8435	0.00	0.00
584.2988	0.00	0.00
584.7216	0.00	0.00
585.1844	0.00	0.00
585.6008	0.00	0.00
586.0640	0.00	0.00
586.5180	0.00	0.00
586.8585	0.00	0.00
587.2894	0.00	0.00
587.7418	0.00	0.00
588.2182	0.00	0.00
588.6893	0.00	0.00
589.1348	0.00	0.00
589.5733	0.00	0.00
590.0191	0.00	0.00
590.3682	0.00	0.00
590.8042	0.00	0.00
591.2317	0.00	0.00
591.6876	0.00	0.00
592.0968	0.00	0.00
592.5723	0.00	0.00
593.0166	0.00	0.00
593.3683	0.00	0.00
593.7997	0.00	0.00
594.2465	0.00	0.00
594.7012	0.00	0.00
595.1125	0.00	0.00
595.5554	0.00	0.00
596.0236	0.00	0.00
596.3632	0.00	0.00
596.7950	0.00	0.00
597.2418	0.00	0.00
597.7107	0.00	0.00
598.1905	0.00	0.00
598.6254	0.00	0.00
599.0800	0.00	0.00
599.5184	0.00	0.00
599.8654	0.00	0.00
600.3233	0.00	0.00
600.7923	0.00	0.00
601.2467	0.00	0.00
601.6615	0.00	0.00
602.1113	0.00	0.00
602.5563	0.00	0.00
602.9907	0.00	0.00
603.3314	0.00	0.00
603.7584	0.00	0.00
604.1388	0.00	0.00
604.5286	0.00	0.00
604.8671	0.00	0.00
605.2653	0.00	0.00
605.6973	0.00	0.00
606.1607	0.00	0.00
606.5787	0.00	0.00
606.9791	0.00	0.00
607.3214	0.00	0.00
607.7488	0.00	0.00
608.1435	0.00	0.00
608.5301	0.00	0.00
608.9849	0.00	0.00
609.3385	0.00	0.00
609.7767	0.00	0.00
610.2320	0.00	0.00
610.6635	13.18	9.92
611.1139	19.24	16.63
611.5644	26.14	25.23
611.9895	35.36	32.84
612.3224	41.26	37.52
612.7080	47.88	45.99
613.1368	55.62	52.21
613.5558	63.60	61.73
613.9922	71.77	68.63
614.3322	83.27	78.29
614.8111	87.89	86.34
615.1972	94.91	93.46
615.6136	453.34	457.87
616.2440	944.11	958.35
616.6466	1046.40	1002.00
617.0936	820.08	797.42
617.5478	699.87	684.96
617.9700	634.79	623.16
618.3197	581.95	574.34
618.7989	553.10	539.81
619.2265	523.61	511.75
619.6374	500.25	489.36
620.0709	477.05	468.60
620.4942	460.67	451.97
620.8388	445.38	439.37
621.2755	435.34	427.05
621.7385	421.20	415.87
622.1817	411.24	404.70
622.5920	399.79	395.78
623.0502	393.18	386.88
623.5058	382.41	378.34
623.8483	375.51	371.33
624.2577	368.70	364.65
624.6667	362.13	357.94
625.1096	358.84	353.02
625.5821	351.29	345.92
626.0067	344.43	340.51
626.3477	338.11	334.69
626.7712	335.06	330.42
627.2246	326.95	323.82
627.6668	323.78	320.47
628.1090	319.09	315.49
628.5699	315.62	310.40
628.9764	309.06	306.27
629.3214	306.43	302.81
629.6932	302.00	299.12
630.1156	298.50	295.54
630.5418	295.43	292.02
631.0084	290.37	287.84
631.3484	287.83	283.86
631.7689	282.13	280.04
632.2315	281.86	277.40
632.6556	277.91	274.30
633.1177	273.90	270.70
633.5312	270.59	267.60
633.9879	268.12	265.12
634.3345	265.52	261.43
634.7782	263.97	259.29
635.2340	257.57	256.02
635.7058	257.09	254.20
636.1667	255.99	251.13
636.6129	251.32	247.11
637.0439	248.04	245.55
637.5155	247.63	243.39
637.8666	244.49	241.15
638.2938	242.68	238.42
638.7272	240.87	236.32
639.1696	236.45	234.40
639.5853	236.75	233.30
639.9959	234.94	230.70
640.3348	232.15	226.89
642.2828	224.55	221.84
642.6185	222.76	218.93
642.9711	220.42	216.59
643.3021	220.75	215.74
643.7643	220.56	215.15
644.2216	217.01	212.41
644.6973	214.29	210.32
645.0972	212.70	208.26
645.4312	211.93	207.37
645.7552	210.06	205.80
646.0947	207.86	203.90
646.4329	207.12	202.72
646.7837	207.29	202.73
647.1193	204.66	201.12
647.4705	205.32	200.02
647.8220	204.21	198.82
648.1473	202.71	197.63
648.4750	200.16	197.09
648.8297	200.17	196.63
649.1849	198.02	194.98
649.5382	196.69	192.86
649.8876	198.75	192.52
650.2080	197.33	191.57
650.5471	194.90	190.08
650.8912	195.61	189.67
651.2270	194.91	189.54
651.5673	191.76	187.96
651.9223	192.73	186.68
652.2811	193.42	187.18
652.6262	189.53	185.32
652.9596	187.55	183.46
653.3027	189.84	184.06
653.6345	188.00	182.78
653.9859	186.13	181.58
654.3296	185.32	180.95
654.6766	187.01	180.75
655.0221	183.92	179.63
655.3583	184.32	178.51
655.6971	183.41	177.93
656.0357	183.45	178.18
656.3744	182.44	176.76
656.8077	181.58	175.94
657.3426	182.29	176.98
657.8576	179.84	174.97
658.2503	179.45	174.17
658.6397	179.00	173.45
659.0614	178.78	173.37
659.4045	178.22	172.02
659.7493	177.08	171.82
660.0935	175.34	170.16
660.4304	174.98	169.18
660.7790	175.47	169.19
661.1182	173.77	167.89
661.4585	171.96	166.90
661.7915	174.42	167.25
662.1392	173.25	166.78
662.4808	171.68	166.53
662.8273	173.52	166.61
663.1865	170.06	164.91
663.5265	169.18	164.50
663.8687	170.69	164.45
664.2118	169.51	163.89
664.5531	170.80	163.55
664.8813	169.60	162.19
665.1996	169.38	161.65
665.5213	168.53	161.48
665.8624	165.59	161.15
666.1985	167.26	160.74
666.5512	166.54	160.61
666.9049	165.23	159.67
667.2419	165.91	158.66
667.5933	166.18	159.01
667.9459	162.93	158.11
668.2660	164.60	157.90
668.5987	164.61	157.77
668.9349	162.30	156.26
669.2876	164.21	157.89
669.6323	163.28	157.06
669.9786	160.67	155.90
670.3190	160.17	155.30
670.6713	161.99	154.93
671.0165	161.16	154.75
671.3605	162.03	155.00
671.8079	159.62	154.12
672.2138	160.39	154.01
672.6530	160.52	153.56
673.1847	161.19	154.50
673.6259	158.47	152.88
674.0651	158.34	152.42
674.5146	158.79	152.52
674.8626	159.61	152.65
675.2964	157.85	151.53
675.7302	158.76	151.68
676.1871	155.76	151.15
676.6254	156.93	150.60
677.0518	156.92	150.23
677.5118	155.83	148.91
677.8577	159.18	150.30
678.2890	154.79	148.44
678.7129	154.20	149.11
679.1808	156.54	149.26
679.6136	155.13	148.46
680.0681	155.95	148.69
680.5140	153.20	147.35
680.8552	154.95	147.57
681.2935	154.24	147.06
681.7406	154.13	147.26
682.2278	154.11	147.09
682.6800	151.81	146.03
683.1040	153.40	145.85
683.5750	151.69	145.62
684.0063	151.65	145.07
684.3555	152.09	145.14
684.7994	152.59	145.33
685.2401	150.98	144.55
685.6758	151.78	144.63
686.1196	150.70	144.34
686.5801	149.58	143.90
686.9884	149.32	143.05
687.3418	150.92	143.15
687.7959	150.78	143.36
688.2303	149.34	142.67
688.6936	148.00	142.42
689.1329	150.56	141.77
689.5888	147.79	141.41
690.0612	148.78	141.71
690.5042	150.21	141.75
690.8525	148.15	141.59
691.3250	148.67	140.76
691.7080	148.80	140.41
692.1518	146.67	140.18
692.6135	147.59	140.55
693.0783	148.16	140.85
693.4976	146.26	140.10
693.8502	148.69	139.80
694.3078	145.51	138.48
694.7476	145.19	137.86
695.1746	147.85	139.29
695.6376	144.57	138.90
696.0682	146.25	139.22
696.5135	144.85	138.63
696.8571	143.56	136.68
697.2885	144.86	137.99
697.7308	142.83	137.21
698.1643	143.39	136.44
698.6760	143.69	137.85
699.1077	143.60	136.65
699.5694	143.91	137.97
700.0299	143.90	137.51
700.5044	143.90	137.27
700.8532	143.64	136.89
701.2989	140.74	135.58
701.7550	142.98	135.97
702.1905	144.76	136.00
702.6410	141.56	135.08
703.0572	142.35	135.39
703.5158	140.19	135.22
703.8587	141.20	135.18
704.2770	139.58	134.32
704.7652	140.06	133.96
705.2462	141.18	134.40
705.6491	141.74	134.75
706.1330	139.95	133.86
706.5721	142.48	134.72
707.0052	140.95	134.40
707.3424	140.89	133.66
707.7845	141.52	134.00
708.2533	138.71	133.02
708.7428	140.48	133.24
709.1625	140.25	133.41
709.6234	141.78	133.91
710.0663	139.64	133.24
710.4973	142.14	133.44
710.8455	141.01	132.85
711.3001	140.41	133.22
711.7213	137.31	132.23
712.1873	137.85	131.59
712.6039	140.58	131.99
713.0669	139.00	133.45
713.4890	140.02	132.57
713.8309	139.82	132.82
714.2828	138.06	131.73
714.7544	138.17	132.33
715.1663	139.32	131.67
715.6160	137.78	131.61
716.0735	140.53	131.81
716.5223	138.31	130.94
716.8676	139.58	131.53
717.3042	138.88	131.45
717.7289	136.62	130.70
718.1669	137.99	130.82
718.6036	138.07	130.90
719.0705	137.14	130.85
719.5762	138.16	130.87
720.0016	137.59	130.52
720.3479	138.68	131.65
720.8159	136.03	130.58
721.2300	137.74	130.69
721.7326	137.09	130.16
722.1832	137.43	130.88
722.6421	135.98	130.47
723.1299	137.05	129.64
723.5763	137.48	130.81
724.0271	138.36	130.19
724.3661	134.55	128.73
724.7868	135.33	129.35
725.2490	134.81	129.31
725.6823	135.13	128.20
726.1106	135.67	128.52
726.5508	135.03	128.04
727.0152	136.59	129.66
727.3600	136.39	129.55
727.8243	137.62	128.82
728.2895	133.60	128.27
728.7480	134.88	128.43
729.1699	135.40	128.24
729.6153	134.51	128.35
730.0845	134.60	127.92
730.5829	135.09	128.21
730.9975	133.79	127.17
731.3325	135.62	127.90
731.7933	134.14	128.03
732.2449	134.80	127.45
732.6912	134.51	126.98
733.1189	132.68	126.91
733.5679	134.98	127.84
734.0215	135.17	127.94
734.3526	133.61	127.32
734.8038	133.87	126.43
735.2625	131.73	126.42
735.7323	132.23	126.39
736.1744	134.13	126.43
736.6549	133.74	126.67
737.1338	132.74	126.65
737.5549	131.55	125.85
738.0366	131.95	126.48
738.5132	133.86	127.22
738.8577	133.02	126.64
739.2964	132.13	125.96
739.7328	132.33	126.02
740.1913	131.51	125.57
740.6619	131.95	125.21
741.1172	133.98	126.22
741.5625	131.04	125.87
742.0380	133.11	125.75
742.3749	131.88	125.78
742.7918	130.64	125.39
743.2307	131.73	124.58
743.6783	131.14	124.79
744.1003	134.41	126.04
744.6197	131.33	125.55
745.0835	134.23	125.95
745.5245	133.14	126.36
745.8632	133.27	125.74
746.2949	132.30	125.62
746.7988	130.19	124.21
747.2444	132.14	125.40
747.6906	128.88	124.51
748.1473	130.40	124.08
748.5646	130.13	124.96
749.0863	130.98	125.42
749.5843	130.33	125.63
750.0452	129.97	124.58
750.5273	132.39	125.07
750.8649	130.95	124.78
751.2911	129.81	124.10
751.7301	129.73	124.34
752.1999	130.43	124.24
752.6943	130.45	125.04
753.1192	129.15	123.65
753.5572	129.71	124.57
754.0348	129.25	123.45
754.5315	131.07	125.18
755.0042	132.79	125.21
755.3568	130.60	124.49
755.8113	130.33	124.30
756.2201	127.01	122.98
756.6962	128.63	123.72
757.1423	128.89	123.98
757.6333	128.65	123.42
758.0830	131.17	124.02
758.5248	130.24	122.97
758.8692	129.92	122.97
759.3090	126.42	122.34
759.7406	127.66	122.46
760.2093	131.53	123.05
760.7014	128.10	122.55
761.1453	129.90	122.58
761.5903	126.95	122.03
762.0986	128.90	122.88
762.5940	129.91	122.31
763.0591	128.97	122.36
763.5219	127.72	121.53
763.8616	126.86	121.88
764.3171	128.84	122.38
764.7648	128.52	122.13
765.2505	126.73	122.03
765.6746	126.64	122.30
766.1338	127.11	121.23
766.5532	128.33	121.41
767.0098	127.64	121.56
767.3513	129.10	121.38
767.8686	127.93	121.98
768.3317	129.93	120.84
768.7925	124.49	119.68
769.2746	127.50	120.58
769.7316	124.90	120.79
770.1746	124.27	119.93
770.6293	127.78	120.35
771.0766	125.51	119.66
771.5745	128.18	121.14
772.0724	126.70	120.30
772.5534	126.22	120.44
773.0224	124.90	120.20
773.3602	124.49	119.94
773.7995	125.67	119.94
774.2648	125.01	119.47
774.7233	126.17	118.88
775.2033	123.77	119.14
775.6464	125.19	119.72
776.1343	125.50	119.48
776.5981	125.36	119.06
777.0577	124.81	119.76
777.5214	124.99	118.82
777.8700	124.29	118.46
778.3200	124.69	119.08
778.8223	124.78	118.38
779.3154	124.53	118.56
779.7552	123.19	118.39
780.2052	125.11	118.93
780.7450	123.02	118.48
781.2064	122.56	118.26
781.7015	124.54	118.33
782.1133	124.69	118.14
782.5679	123.27	118.10
783.0218	124.70	118.59
783.3654	123.24	117.49
783.8252	123.82	118.11
784.3209	124.95	118.82
784.8016	123.41	117.90
785.3065	124.65	118.38
785.7753	122.46	117.29
786.2716	124.81	117.91
786.7567	123.60	118.43
787.2181	123.66	118.38
787.7333	123.29	118.11
788.2134	123.91	119.16
788.6827	121.35	116.85
789.1252	122.55	117.40
789.6317	125.64	118.64
790.0911	122.98	117.88
790.5920	124.81	118.15
791.0981	124.07	118.27
791.5731	123.71	117.85
792.0421	123.59	118.22
792.5121	123.70	116.98
792.8545	122.21	117.45
793.3289	121.35	116.89
793.8154	123.53	117.74
794.2508	121.29	117.00
794.6984	120.57	116.09
795.1424	121.48	116.79
795.5698	122.77	116.79
796.0421	122.32	117.30
796.5273	123.23	117.38
796.8670	123.94	116.28
797.3171	121.21	116.38
797.7424	122.27	117.11
798.2117	122.76	116.72
798.6279	123.26	116.27
799.0796	120.99	116.37
799.5236	121.37	116.52
800.0239	120.74	116.11
800.3728	123.50	116.77
800.8338	124.59	116.94
801.3280	125.83	116.85
801.8212	125.18	117.29
802.2438	122.16	115.95
802.6714	122.68	116.69
803.1221	123.71	117.24
803.6231	122.47	117.24
804.0918	123.81	117.81
804.6154	123.37	116.65
805.1075	122.56	117.08
805.5713	122.16	116.17
806.0194	121.90	115.98
806.3605	122.41	116.54
806.8017	122.06	116.69
807.2419	120.40	115.72
807.6848	121.78	116.85
808.1515	122.41	116.76
808.6496	122.56	116.60
809.1261	122.01	117.05
809.5960	122.41	117.26
810.0922	120.39	116.15
810.5744	122.11	116.42
811.0212	121.73	116.01
811.3581	121.88	116.36
811.7961	121.09	116.20
812.2497	121.49	116.59
812.7280	122.12	116.88
813.2122	121.60	115.99
813.6882	122.19	116.52
814.1483	120.90	116.21
814.6991	120.18	116.64
815.2063	121.02	116.23
815.7152	121.15	116.79
816.2173	122.44	116.62
816.7117	121.09	116.64
817.2171	121.55	116.61
817.7203	120.86	116.89
818.2715	121.29	116.84
818.8021	121.22	116.71
819.2745	121.40	116.14
819.7701	120.17	115.62
820.2725	122.83	117.13
820.7693	122.42	116.61
821.2530	120.51	116.10
821.7545	119.34	115.18
822.2247	120.19	116.30
822.7065	120.82	115.72
823.2137	120.75	116.17
823.7217	120.03	115.35
824.2018	121.96	116.20
824.6330	120.83	115.50
825.0807	120.73	116.13
825.5353	121.21	116.26
826.0448	123.67	117.10
826.5738	120.52	115.77
827.0206	120.35	114.80
827.3695	119.55	114.58
827.8330	119.00	114.86
828.2995	121.76	115.78
828.7472	118.57	114.79
829.2649	119.56	114.91
829.7697	121.77	115.88
830.2725	119.95	114.73
830.7777	120.51	115.24
831.2620	119.10	114.20
831.7149	119.20	114.48
832.1819	119.75	114.28
832.6337	119.96	114.01
833.1459	118.26	113.91
833.6567	120.52	115.13
834.1252	119.31	114.52
834.5871	119.75	114.81
835.0185	118.12	113.65
835.3597	117.90	113.34
835.8057	116.87	113.37
836.2574	119.37	114.56
836.6960	118.44	113.54
837.1388	119.46	113.69
837.6015	118.92	113.24
838.1148	119.39	114.63
838.5939	117.59	114.52
839.0325	118.93	114.06
839.3511	118.23	112.26
839.8241	118.51	113.67
840.2778	118.23	113.66
840.7815	117.28	113.06
841.2742	116.40	113.02
841.7718	119.76	114.13
842.2475	117.59	113.37
842.7217	116.85	113.31
843.2322	118.83	113.60
843.7278	119.23	113.60
844.2225	119.31	113.50
844.7551	120.33	113.40
845.2011	117.71	113.79
845.7174	118.29	113.15
846.1849	118.84	113.88
846.6398	115.72	112.57
847.1064	117.11	112.86
847.5779	117.25	113.21
848.0427	118.57	112.62
848.5398	116.76	112.81
849.0393	116.42	112.42
849.5567	116.44	112.47
850.0538	119.69	113.37
850.5164	115.64	112.11
850.8644	117.72	112.28
851.3290	117.80	112.31
851.8244	118.32	113.53
852.3167	117.97	112.26
852.7870	116.61	111.80
853.2864	117.16	112.35
853.7760	117.34	111.94
854.2737	117.41	112.23
854.7801	117.06	112.20
855.2461	117.60	111.63
855.7046	116.21	111.60
856.1325	115.19	111.60
856.6015	117.64	111.81
857.1103	115.78	111.13
857.5838	117.68	111.83
858.0237	117.55	112.27
858.3622	118.44	111.91
858.8194	114.80	111.05
859.2808	117.22	111.73
859.7842	115.51	111.50
860.2759	116.19	110.89
860.7811	115.65	110.99
861.2582	113.65	110.30
861.7137	115.70	111.18
862.1899	114.68	111.20
862.6342	114.29	110.39
863.1062	113.97	110.42
863.5822	116.59	110.66
864.0873	114.39	110.49
864.5893	115.69	110.59
865.1086	116.40	111.82
865.5864	116.31	111.90
866.0371	114.88	110.53
866.5553	116.94	110.48
867.0386	114.84	110.84
867.5355	115.57	110.97
868.0434	115.04	110.65
868.5379	116.82	112.08
869.0532	115.04	110.60
869.5220	113.92	110.74
869.8626	114.55	110.01
870.3193	114.84	109.93
870.7798	115.20	110.42
871.2561	114.74	110.43
871.7275	113.70	110.23
872.2265	112.88	110.03
872.6977	114.50	110.38
873.2131	115.22	110.19
873.7031	114.97	110.36
874.2156	114.91	110.51
874.7121	115.34	110.64
875.2120	113.88	111.41
875.6828	113.59	110.92
876.2274	116.10	110.79
876.7053	117.57	111.44
877.2261	115.93	111.09
877.7196	114.85	110.94
878.1982	115.61	111.14
878.6426	114.36	110.65
879.0856	114.30	110.65
879.5516	114.78	110.72
880.0538	116.20	110.98
880.5691	114.38	110.73
881.0519	115.18	111.02
881.5490	114.73	111.19
882.0516	115.36	110.43
882.5544	114.59	110.73
883.0795	113.37	110.07
883.5662	115.56	111.57
884.0714	114.05	110.60
884.5424	113.99	110.08
885.0370	113.68	109.68
885.5176	115.01	111.16
885.8580	114.91	110.59
886.3360	116.51	111.18
886.8421	116.86	111.79
887.3338	115.98	110.88
887.8035	115.92	111.22
888.2602	114.37	110.96
888.7178	114.36	109.94
889.2289	114.15	110.50
889.7887	117.23	111.02
890.2915	114.88	110.22
890.8074	116.22	111.03
891.2749	112.76	110.72
891.7932	112.24	110.05
892.2867	114.44	109.66
892.7715	115.65	110.49
893.2817	113.39	110.21
893.7796	115.65	110.69
894.2677	113.88	111.08
894.7744	114.94	110.46
895.2813	115.64	110.33
895.7497	112.80	109.69
896.2115	113.78	109.60
896.7273	115.48	110.03
897.2253	114.89	110.55
897.7306	111.95	109.51
898.2142	112.85	110.63
898.7067	112.78	109.32
899.2021	114.36	110.02
899.6441	113.72	109.44
900.0931	112.83	109.39
900.5841	116.00	109.91
901.0544	114.45	109.64
901.5263	113.68	109.70
901.8641	114.79	109.51
902.2919	113.20	109.17
902.7578	113.11	109.22
903.2086	111.63	108.97
903.6229	111.65	107.75
904.0629	113.86	108.66
904.5260	113.06	109.30
904.8751	111.43	107.77
905.3241	112.05	109.88
905.8173	110.88	107.90
906.2634	110.76	108.07
906.7588	113.89	108.81
907.2538	111.36	108.51
907.7058	112.04	108.46
908.2015	111.05	108.24
908.6514	112.62	108.89
909.1476	112.17	108.41
909.5859	113.16	108.74
910.0871	112.78	109.00
910.6503	113.59	109.43
911.1296	113.87	109.46
911.5814	112.38	108.91
912.0179	112.16	108.39
912.3503	111.60	108.30
912.7973	110.97	108.06
913.2651	111.58	108.45
913.7632	110.98	107.69
914.2032	109.94	108.20
914.6322	111.63	108.02
915.0604	110.83	107.99
915.5060	113.24	108.53
915.8510	113.09	108.20
916.3080	112.24	108.06
916.8057	112.04	108.41
917.2703	110.91	108.04
917.6968	113.45	107.84
918.1254	112.63	107.83
918.5749	111.50	108.20
919.0347	111.80	109.11
919.5248	112.42	108.74
919.8726	113.43	108.70
920.3261	111.92	108.08
920.8214	112.34	108.59
921.2785	112.02	108.67
921.7656	112.03	108.08
922.2336	110.50	107.78
922.7049	111.21	107.71
923.1515	110.92	107.90
923.6463	112.48	108.77
924.0774	110.72	107.38
924.5182	112.54	108.10
924.8596	112.24	108.14
925.3181	109.26	107.79
925.7273	110.70	107.42
926.2033	110.27	107.23
926.6297	111.49	108.01
927.0981	112.52	108.88
927.5886	112.52	108.12
928.0948	111.32	108.20
928.5859	111.72	108.61
929.0841	111.77	108.56
929.5033	111.81	108.16
929.8514	111.50	108.43
930.3200	110.52	107.34
930.8135	110.46	107.77
931.2348	111.45	107.68
931.6721	111.55	107.85
932.1293	110.22	106.67
932.5955	110.71	107.22
933.0971	111.90	107.48
933.5085	112.12	108.03
933.8515	110.44	107.12
934.2907	110.64	107.23
934.7448	110.18	107.07
935.2219	112.30	108.04
935.6935	110.28	106.65
936.1295	110.10	106.86
936.5867	111.99	108.36
937.1036	111.73	108.16
937.6010	112.60	107.85
938.0951	111.55	108.04
938.5900	112.83	107.91
939.0895	112.59	108.19
939.5743	107.66	107.08
940.0297	111.06	107.54
940.3763	109.29	106.68
940.8207	108.90	106.51
941.2536	111.18	107.28
941.7149	113.22	108.86
942.2112	109.41	106.04
942.7086	110.82	106.97
943.1943	109.67	107.79
943.6973	109.65	107.33
944.1464	111.58	108.54
944.6570	111.03	107.87
945.1421	111.20	108.03
945.6487	110.57	107.58
946.1605	111.88	108.37
946.6485	110.48	106.37
947.0735	110.95	107.75
947.5313	110.97	107.44
947.8725	110.71	107.17
948.3227	110.33	107.63
948.7829	111.50	107.10
949.2744	107.66	106.32
949.7466	111.23	106.74
950.1799	111.44	107.51
950.6915	112.44	107.17
951.1591	110.15	106.92
951.6245	110.99	106.77
952.0965	109.51	106.79
952.6089	109.57	107.08
953.0657	113.19	108.38
953.5274	110.31	107.22
953.8709	110.95	107.08
954.3251	111.61	107.19
954.8077	109.72	107.53
955.2709	109.36	107.29
955.7694	110.17	106.36
956.2652	111.66	106.95
956.7103	108.91	105.95
957.2087	110.71	107.08
957.7159	110.97	107.56
958.2209	109.58	107.00
958.7087	111.18	107.63
959.1984	110.69	106.67
959.6956	112.15	107.61
960.1440	108.76	106.80
960.6504	111.61	107.00
961.1545	110.28	107.80
961.6746	108.09	107.13
962.2002	111.16	107.04
962.6397	109.91	107.41
963.0806	107.29	105.42
963.5350	108.30	106.65
964.0459	109.65	106.75
964.5398	110.78	106.93
965.0183	110.25	106.40
965.3673	108.74	105.74
965.8234	110.54	106.83
966.3152	108.57	105.11
966.7493	108.48	105.28
967.1906	107.30	106.08
967.6413	108.11	105.81
968.1555	109.45	105.58
968.6565	108.95	105.97
969.1528	107.18	105.56
969.6375	109.05	104.94
970.0800	108.80	106.17
970.5258	108.92	105.23
970.8712	107.29	105.14
971.3146	108.17	105.32
971.7815	110.27	105.93
972.2648	106.43	104.79
972.7653	109.12	105.56
973.2795	108.61	104.76
973.7783	108.78	105.63
974.2700	108.26	105.08
974.8129	109.09	105.40
975.2714	109.15	105.00
975.7707	108.13	104.73
976.2691	107.46	104.08
976.7495	108.09	104.75
977.1916	108.24	104.18
977.6319	107.21	103.80
978.0855	108.56	104.65
978.5442	109.08	104.77
978.8761	110.25	105.78
979.5428	108.43	105.74
980.0268	108.48	104.56
980.5376	108.07	104.58
981.0426	106.13	104.83
981.5211	107.34	104.58
982.0477	106.72	103.96
982.5297	107.21	104.51
983.0422	108.14	104.85
983.5419	106.84	104.89
984.0893	108.50	105.12
984.5759	107.63	104.48
985.0498	106.66	103.87
985.5494	108.47	104.27
986.0437	108.07	104.76
986.5326	107.39	104.53
987.0207	109.07	104.43
987.3718	108.21	103.95
987.8344	109.80	105.31
988.3343	109.34	104.43
988.8090	109.37	104.29
989.2661	107.52	104.44
989.6829	107.73	103.65
990.1584	106.82	103.50
990.6604	108.18	104.06
991.1233	107.71	103.71
991.5778	107.56	103.53
992.0374	107.45	104.99
992.3753	106.76	104.05
992.8338	106.00	104.14
993.3309	107.99	103.42
993.8194	107.38	103.92
994.3166	104.48	103.25
994.7743	103.85	103.27
995.2704	106.13	104.33
995.7663	104.94	103.02
996.2013	106.51	103.42
996.7235	105.36	104.04
997.2207	107.34	104.01
997.7095	106.45	103.97
998.2729	106.31	103.90
998.7807	103.50	103.73
999.2745	105.27	103.39
999.7836	107.61	105.14
1000.2853	105.99	103.15
1000.7727	105.96	104.32
1001.2888	104.73	102.49
1001.7769	106.22	103.99
1002.2686	106.60	103.17
1002.6989	107.24	104.13
1003.2228	107.23	103.95
1003.7247	107.11	103.77
1004.2240	106.19	103.57
1004.6918	107.28	103.47
1005.1527	105.44	103.46
1005.6558	105.04	104.16
1006.1638	105.24	103.79
1006.6607	107.82	103.45
1007.1582	106.80	103.99
1007.6493	108.29	104.33
1008.1641	107.14	103.73
1008.6568	104.43	103.70
1009.1555	107.37	103.08
1009.6540	106.52	104.70
1010.2550	106.68	103.44
1010.7040	108.18	103.79
1011.2120	105.50	103.40
1011.7137	107.58	104.44
1012.2192	107.75	104.79
1012.7152	105.28	103.02
1013.2167	106.25	103.64
1013.6886	104.49	102.96
1014.1563	107.80	104.18
1014.6454	108.14	104.21
1015.1365	106.44	103.53
1015.5891	107.23	104.35
1016.0975	105.83	103.87
1016.5835	105.82	103.71
1017.0369	104.92	103.35
1017.5182	104.90	102.79
1017.8596	105.60	103.34
1018.3384	107.04	103.61
1018.8322	107.69	103.46
1019.3189	104.84	102.23
1019.7887	106.57	103.52
1020.3255	105.53	104.03
1020.7885	104.63	103.47
1021.2872	104.73	103.18
1021.7700	104.62	103.80
1022.2613	106.22	103.23
1022.6996	104.34	102.31
1023.1563	106.24	102.87
1023.6612	106.25	102.98
1024.1623	104.69	103.47
1024.6398	107.08	103.63
1025.1740	107.00	103.48
1025.6647	106.49	103.40
1026.1842	105.32	103.23
1026.6658	105.66	102.67
1027.1758	106.81	103.22
1027.6434	106.20	102.84
1028.0888	106.60	103.03
1028.6006	105.80	102.97
1029.1086	105.92	103.44
1029.6098	105.33	103.17
1030.1104	105.70	103.60
1030.5845	106.19	103.33
1031.0336	107.26	103.90
1031.3734	107.73	103.83
1032.0495	104.37	103.18
1032.5378	105.77	102.70
1033.0443	104.73	103.63
1033.5351	106.34	102.80
1034.0158	107.09	103.51
1034.3666	104.96	102.57
1034.8455	106.19	102.99
1035.3297	104.91	102.89
1035.8113	105.82	103.32
1036.2879	104.33	102.62
1036.7849	103.50	103.33
1037.2869	104.57	103.16
1037.7875	105.32	102.44
1038.2801	104.68	102.33
1038.7698	104.88	102.76
1039.2699	105.08	102.47
1039.7628	105.26	102.22
1040.2568	104.16	102.20
1040.7063	104.94	102.75
1041.2295	106.42	103.36
1041.6964	107.16	103.28
1042.1527	104.44	103.04
1042.6076	104.42	102.07
1043.1355	106.78	103.39
1043.5989	104.75	102.74
1044.1207	104.64	103.25
1044.6692	106.67	103.77
1045.1743	106.38	103.15
1045.7888	107.39	104.00
1046.2844	105.69	103.73
1046.7895	105.08	102.61
1047.3012	105.53	103.25
1047.7965	106.54	102.99
1048.3007	104.52	103.13
1048.7615	105.65	103.13
1049.2318	106.25	103.16
1049.7358	105.32	102.89
1050.2865	105.42	102.87
1050.7688	104.59	102.80
1051.3470	104.13	102.80
1051.8451	106.69	102.62
1052.3347	106.26	102.13
1052.8095	106.57	103.53
1053.2714	105.98	103.10
1053.7895	105.85	103.35
1054.2889	106.48	103.29
1054.7825	105.53	103.14
1055.3050	104.78	103.20
1055.7966	105.74	102.89
1056.2655	105.06	103.35
1056.8360	106.78	103.13
1057.3419	107.93	103.15
1057.8485	106.48	103.29
1058.3390	106.41	102.89
1058.8518	104.44	102.68
1059.3482	105.99	103.27
1059.8394	105.31	102.52
1060.3086	104.49	102.09
1060.7645	103.54	102.71
1061.2546	104.72	101.90
1061.7273	103.81	102.54
1062.2260	104.54	101.96
1062.7333	106.84	103.14
1063.2357	104.33	102.61
1063.7388	103.84	102.17
1064.2338	103.97	102.24
1064.7380	106.01	103.14
1065.2224	103.85	102.54
1065.7298	105.88	102.42
1066.2280	103.85	102.16
1066.7100	104.79	102.51
1067.2072	105.71	103.34
1067.7419	105.89	103.01
1068.2131	105.89	102.72
1068.7833	105.51	102.93
1069.2910	104.88	102.30
1069.7830	102.80	101.78
1070.2597	104.76	102.50
1070.7302	103.79	102.29
1071.2197	105.17	102.31
1071.7420	105.50	102.15
1072.2281	102.87	101.81
1072.7241	104.32	102.96
1073.2306	103.29	102.24
1073.7384	106.85	102.48
1074.2424	104.02	102.42
1074.7296	104.70	102.31
1075.2366	104.32	102.52
1075.7501	104.90	102.41
1076.2272	105.64	102.60
1076.7278	104.78	102.45
1077.2188	104.20	102.90
1077.7369	105.12	102.71
1078.2333	104.42	101.85
1078.7117	104.76	102.03
1079.2109	105.16	102.52
1079.7066	103.81	102.11
1080.2295	103.57	101.56
1080.7298	105.73	102.40
1081.2056	105.28	102.34
1081.6569	103.38	101.59
1082.1381	105.02	102.09
1082.6139	105.05	102.20
1083.1455	104.21	102.81
1083.6018	105.73	102.15
1084.0441	105.57	102.56
1084.5924	106.46	102.84
1085.1359	104.23	102.61
1085.6156	103.84	102.61
1086.1584	103.92	102.83
1086.6528	106.56	103.52
1087.1772	104.69	102.16
1087.6784	105.22	101.91
1088.1730	104.93	102.52
1088.6769	103.36	102.30
1089.1547	103.37	101.91
1089.6618	105.35	103.08
1090.1633	104.99	102.67
1090.6876	106.62	102.85
1091.1772	105.97	102.47
1091.6841	106.08	102.62
1092.1533	104.48	101.90
1092.6862	106.98	102.96
1093.1914	106.52	102.77
1093.6598	104.24	101.95
1094.1854	104.59	102.69
1094.6543	103.59	101.37
1095.1603	103.85	101.71
1095.6914	103.31	101.34
1096.1583	103.24	101.62
1096.6421	105.43	102.33
1097.1873	105.41	101.91
1097.6785	106.35	102.05
1098.1679	105.35	102.67
1098.6750	105.47	102.22
1099.1648	102.52	101.71
1099.6779	105.35	101.82
1100.1390	103.74	101.21
1100.5901	102.55	101.58
1101.0548	103.80	100.79
1101.5680	103.22	101.13
1102.0688	104.05	101.67
1102.5625	103.85	101.53
1103.1502	106.10	103.37
1103.6537	103.57	102.01
1104.1530	104.45	101.23
1104.5975	104.81	100.99
1105.1285	103.14	101.93
1105.6048	104.68	101.97
1106.1224	104.56	101.74
1106.6267	103.35	100.70
1107.1025	106.30	102.70
1107.6225	105.97	101.90
1108.1285	103.68	101.27
1108.6027	104.46	101.44
1109.1278	104.67	101.14
1109.6404	102.97	101.64
1110.1656	105.21	102.36
1110.6830	103.19	101.07
1111.1809	104.59	101.18
1111.6735	103.85	100.71
1112.1597	102.07	100.48
1112.6640	102.97	101.33
1113.2211	105.12	101.86
1113.7332	104.35	101.73
1114.2484	103.88	101.31
1114.7364	102.60	101.00
1115.2382	103.13	101.50
1115.7373	103.65	101.07
1116.2356	101.93	100.43
1116.7139	103.75	101.49
1117.2453	103.63	101.93
1117.7451	103.94	101.02
1118.2317	103.53	101.81
1118.7471	105.19	101.58
1119.3167	103.60	101.49
1119.7985	101.23	100.63
1120.2998	102.99	99.96
1120.8073	103.28	101.70
1121.3147	102.37	100.92
1121.8129	103.51	101.20
1122.2713	102.81	101.35
1122.7729	102.73	100.44
1123.3049	103.14	101.88
1123.7953	103.60	101.20
1124.2967	102.86	101.17
1124.7814	103.53	101.17
1125.2787	101.37	100.32
1125.7974	105.71	101.96
1126.3020	101.79	100.58
1126.8101	103.79	100.80
1127.3035	102.03	100.77
1127.7873	103.84	100.98
1128.2850	102.75	100.77
1128.7841	104.98	101.32
1129.2731	103.42	100.89
1129.7908	101.88	100.84
1130.3034	102.30	100.88
1130.8316	103.04	100.91
1131.3471	104.01	101.31
1131.8523	103.94	100.84
1132.3225	101.95	100.65
1132.7743	104.44	101.98
1133.2989	101.93	100.77
1133.8035	103.18	101.21
1134.2765	100.99	99.91
1134.7966	103.20	100.55
1135.3139	103.01	101.31
1135.7961	102.39	101.12
1136.2980	102.14	100.25
1136.7810	102.11	100.38
1137.3567	104.64	101.01
1137.8515	105.20	101.68
1138.3584	104.22	101.72
1138.8479	103.00	100.80
1139.3244	104.39	101.09
1139.8262	102.14	100.26
1140.3284	104.87	101.36
1140.8575	101.72	100.14
1141.3494	103.73	101.01
1141.8394	104.74	101.78
1142.3626	103.86	100.13
1142.8641	105.00	100.27
1143.3556	103.71	100.47
1143.8560	104.89	100.42
1144.3577	103.28	101.22
1144.8401	104.48	101.29
1145.3631	102.94	100.96
1145.8698	102.83	100.70
1146.3384	103.40	100.33
1146.8371	104.65	100.48
1147.3292	103.55	100.37
1147.8650	103.43	101.31
1148.3553	101.90	100.37
1148.8532	104.22	100.67
1149.3293	103.63	100.67
1149.8589	103.80	100.42
1150.3314	105.69	100.74
1150.8445	102.88	100.44
1151.3380	104.87	101.53
1151.8409	104.81	100.67
1152.3422	104.35	100.49
1152.8611	106.14	100.98
1153.3326	103.97	100.54
1153.8286	104.38	100.60
1154.3269	105.17	101.46
1154.8341	103.26	100.08
1155.3356	103.56	100.85
1155.8416	103.76	99.58
1156.3577	103.51	100.65
1156.8596	103.04	100.27
1157.3574	101.54	100.13
1157.8420	103.73	100.38
1158.3711	102.99	100.74
1158.8652	104.15	100.90
1159.3625	104.39	101.33
1160.0638	104.19	101.58
1160.5721	104.96	101.03
1161.0832	105.78	101.31
1161.5666	103.65	100.53
1162.0701	104.34	100.53
1162.5802	103.76	101.15
1163.0625	102.81	100.34
1163.5777	103.15	100.86
1164.0762	103.02	100.51
1164.5400	101.79	99.90
1165.0667	104.23	100.56
1165.5547	101.66	99.77
1166.0603	103.82	100.49
1166.5523	104.37	100.30
1167.0616	104.29	100.59
1167.5768	104.96	100.43
1168.0576	102.84	99.75
1168.5515	103.87	100.94
1169.0742	104.05	100.45
1169.5788	103.21	100.10
1170.0777	104.88	100.92
1170.5825	103.02	100.55
1171.0841	104.65	100.21
1171.5735	103.41	100.00
1172.0749	102.90	99.58
1172.5784	102.80	99.45
1173.0839	101.18	100.15
1173.5491	105.17	99.66
1174.0637	102.95	101.16
1174.5479	104.09	100.78
1175.0740	103.63	99.86
1175.5839	102.56	99.57
1176.0546	101.45	99.81
1176.5770	102.83	99.45
1177.1354	102.37	99.48
1177.6366	103.07	99.83
1178.2024	102.17	100.08
1178.7652	102.54	99.31
1179.2372	102.60	99.61
1179.7202	101.84	99.20
1180.2542	102.60	99.73
1180.7460	102.58	99.86
1181.2534	101.80	99.29
1181.9120	104.19	100.46
1182.6015	103.07	100.23
1183.0992	102.06	99.44
