sep= 
Time [s]	R1_m5 [ng/cm^2]	C1_m [ng/cm^2]
0.0000	Failed	Failed
0.6794	Failed	Failed
1.3595	Failed	Failed
2.0383	Failed	Failed
2.7189	Failed	Failed
3.3998	Failed	Failed
4.0807	Failed	Failed
4.7601	Failed	Failed
5.4399	Failed	Failed
6.1214	Failed	Failed
6.8028	Failed	Failed
7.4818	Failed	Failed
8.1618	Failed	Failed
8.8391	Failed	Failed
9.5209	Failed	Failed
10.1990	Failed	Failed
10.8764	Failed	Failed
11.5536	Failed	Failed
12.2351	Failed	Failed
12.9167	Failed	Failed
13.5973	Failed	Failed
14.2785	Failed	Failed
14.9568	Failed	Failed
15.6377	Failed	Failed
16.3190	Failed	Failed
16.9989	Failed	Failed
17.6786	Failed	Failed
18.3585	Failed	Failed
19.0355	Failed	Failed
19.7144	Failed	Failed
20.3949	Failed	Failed
21.0739	Failed	Failed
21.7548	Failed	Failed
22.4359	Failed	Failed
23.1158	Failed	Failed
23.7962	Failed	Failed
24.4761	Failed	Failed
25.1548	Failed	Failed
25.8353	Failed	Failed
26.5158	Failed	Failed
27.1937	Failed	Failed
27.8747	Failed	Failed
28.5543	Failed	Failed
29.2356	Failed	Failed
29.9167	Failed	Failed
30.5962	Failed	Failed
31.2767	Failed	Failed
31.9548	Failed	Failed
32.6361	Failed	Failed
33.3164	Failed	Failed
33.9967	Failed	Failed
34.6766	Failed	Failed
35.3568	Failed	Failed
36.0354	Failed	Failed
36.7162	Failed	Failed
37.3992	Failed	Failed
38.0780	Failed	Failed
38.7580	Failed	Failed
39.4172	Failed	Failed
40.0942	Failed	Failed
40.7719	Failed	Failed
41.4542	Failed	Failed
42.1342	Failed	Failed
42.8153	Failed	Failed
43.4952	Failed	Failed
44.1746	Failed	Failed
44.8524	Failed	Failed
45.5304	Failed	Failed
46.2107	Failed	Failed
46.8905	Failed	Failed
47.5696	Failed	Failed
48.2492	Failed	Failed
48.9291	Failed	Failed
49.6096	Failed	Failed
50.2892	Failed	Failed
50.9704	Failed	Failed
51.6511	Failed	Failed
52.3308	Failed	Failed
53.0115	Failed	Failed
53.6908	Failed	Failed
54.3715	Failed	Failed
55.0504	Failed	Failed
55.7312	Failed	Failed
56.4117	Failed	Failed
57.0897	Failed	Failed
57.7707	Failed	Failed
58.4512	Failed	Failed
59.1245	Failed	Failed
59.8036	Failed	Failed
60.4840	Failed	Failed
61.1641	Failed	Failed
61.8433	Failed	Failed
62.5228	Failed	Failed
63.2017	Failed	Failed
63.8812	Failed	Failed
64.5595	Failed	Failed
65.2386	Failed	Failed
65.9196	Failed	Failed
66.5986	Failed	Failed
67.2812	Failed	Failed
67.9600	Failed	Failed
68.6387	Failed	Failed
69.3179	Failed	Failed
69.9978	Failed	Failed
70.6757	Failed	Failed
71.3554	Failed	Failed
72.0338	Failed	Failed
72.7118	Failed	Failed
73.3908	Failed	Failed
74.0694	Failed	Failed
74.7472	Failed	Failed
75.4259	Failed	Failed
76.1048	Failed	Failed
76.7836	Failed	Failed
77.4638	Failed	Failed
78.1452	Failed	Failed
78.8232	Failed	Failed
79.5028	Failed	Failed
80.1811	Failed	Failed
80.8622	Failed	Failed
81.5398	Failed	Failed
82.2213	Failed	Failed
82.9523	Failed	Failed
83.6322	Failed	Failed
84.3110	Failed	Failed
84.9926	Failed	Failed
85.6714	Failed	Failed
86.3507	Failed	Failed
87.0286	Failed	Failed
87.7052	Failed	Failed
88.3856	Failed	Failed
89.0622	Failed	Failed
89.7400	Failed	Failed
90.4198	Failed	Failed
91.0973	Failed	Failed
91.7755	Failed	Failed
92.4556	Failed	Failed
93.1345	Failed	Failed
93.8132	Failed	Failed
94.4929	Failed	Failed
95.1716	Failed	Failed
95.8505	Failed	Failed
96.5307	Failed	Failed
97.2095	Failed	Failed
97.8876	Failed	Failed
98.5648	Failed	Failed
99.2437	Failed	Failed
99.9083	Failed	Failed
100.5851	Failed	Failed
101.2647	Failed	Failed
101.9436	Failed	Failed
102.6214	Failed	Failed
103.2985	Failed	Failed
103.9766	Failed	Failed
104.6550	Failed	Failed
105.3319	Failed	Failed
106.0134	Failed	Failed
106.6912	Failed	Failed
107.3712	Failed	Failed
108.0453	Failed	Failed
108.7231	Failed	Failed
109.4016	Failed	Failed
110.0776	Failed	Failed
110.7564	Failed	Failed
111.4347	Failed	Failed
112.1128	Failed	Failed
112.7898	Failed	Failed
113.4696	Failed	Failed
114.1502	Failed	Failed
114.8295	Failed	Failed
115.5069	Failed	Failed
116.1850	Failed	Failed
116.8640	Failed	Failed
117.5369	Failed	Failed
118.2151	Failed	Failed
118.8936	Failed	Failed
119.5688	Failed	Failed
120.2471	Failed	Failed
120.9272	Failed	Failed
121.6057	Failed	Failed
122.2840	Failed	Failed
122.9661	Failed	Failed
123.6450	Failed	Failed
124.3226	Failed	Failed
125.0044	Failed	Failed
125.6802	Failed	Failed
126.3595	Failed	Failed
127.0353	Failed	Failed
127.7126	0.00	0.00
128.3911	0.00	0.00
129.0656	0.00	0.00
129.7448	0.00	0.00
130.4240	0.00	0.00
131.0987	0.00	0.00
131.7752	0.00	0.00
132.4556	0.00	0.00
133.1339	0.00	0.00
133.8105	0.00	0.00
134.4898	0.00	0.00
137.1873	0.00	0.00
138.6725	0.00	0.00
139.2040	0.00	0.00
139.5455	0.00	0.00
139.8951	0.00	0.00
140.2390	0.00	0.00
140.6941	0.00	0.00
141.0396	0.00	0.00
141.3885	0.00	0.00
141.7323	0.00	0.00
142.0892	0.00	0.00
142.4390	0.00	0.00
142.7830	0.00	0.00
143.1272	0.00	0.00
143.5829	0.00	0.00
143.9314	0.00	0.00
144.2724	0.00	0.00
144.6141	0.00	0.00
144.9540	0.00	0.00
145.2982	0.00	0.00
145.6392	0.00	0.00
145.9878	0.00	0.00
146.3243	0.00	0.00
146.6662	0.00	0.00
147.0148	0.00	0.00
147.3611	0.00	0.00
147.8856	0.00	0.00
148.2238	0.00	0.00
148.5609	0.00	0.00
148.9074	0.00	0.00
149.2717	0.00	0.00
149.6142	0.00	0.00
149.9640	0.00	0.00
150.3259	0.00	0.00
150.6695	0.00	0.00
151.0164	0.00	0.00
151.3782	0.00	0.00
151.7200	0.00	0.00
152.0649	0.00	0.00
152.4136	0.00	0.00
152.8842	0.00	0.00
153.2225	0.00	0.00
153.5623	0.00	0.00
153.9108	0.00	0.00
154.2577	0.00	0.00
154.5909	0.00	0.00
154.9385	0.00	0.00
155.2800	0.00	0.00
155.6212	0.00	0.00
155.9712	0.00	0.00
156.3351	0.00	0.00
156.6707	0.00	0.00
157.0172	0.00	0.00
157.3634	0.00	0.00
157.7027	0.00	0.00
158.0356	0.00	0.00
158.3809	0.00	0.00
158.7207	0.00	0.00
159.0567	0.00	0.00
159.3747	0.00	0.00
159.7112	0.00	0.00
160.0209	0.00	0.00
160.3644	0.00	0.00
160.7099	0.00	0.00
161.0443	0.00	0.00
161.3810	0.00	0.00
161.7207	0.00	0.00
162.0563	0.00	0.00
162.5065	0.00	0.00
162.8517	0.00	0.00
163.2157	0.00	0.00
163.5597	0.00	0.00
163.9099	0.00	0.00
164.2820	0.00	0.00
164.6180	0.00	0.00
164.9695	0.00	0.00
165.3254	0.00	0.00
165.6645	0.00	0.00
166.0031	0.00	0.00
166.3437	0.00	0.00
166.6846	0.00	0.00
167.0318	0.00	0.00
167.3946	0.00	0.00
167.7343	0.00	0.00
168.0988	0.00	0.00
168.4502	0.00	0.00
168.7880	0.00	0.00
169.1240	0.00	0.00
169.4735	0.00	0.00
169.8355	0.00	0.00
170.1790	0.00	0.00
170.5246	0.00	0.00
170.8916	0.00	0.00
171.2346	0.00	0.00
171.6059	0.00	0.00
171.9468	0.00	0.00
172.2833	0.00	0.00
172.6203	0.00	0.00
172.9616	0.00	0.00
173.3405	0.00	0.00
173.6818	0.00	0.00
174.0301	0.00	0.00
174.3969	0.00	0.00
174.7382	0.00	0.00
175.1075	0.00	0.00
175.4569	0.00	0.00
175.7937	0.00	0.00
176.1940	0.00	0.00
176.5391	0.00	0.00
176.8873	0.00	0.00
177.2239	0.00	0.00
177.5596	0.00	0.00
177.9022	0.00	0.00
178.2384	0.00	0.00
178.5872	0.00	0.00
178.9336	0.00	0.00
179.2865	0.00	0.00
179.6641	0.00	0.00
180.0127	0.00	0.00
180.3599	0.00	0.00
180.7177	0.00	0.00
181.0535	0.00	0.00
181.3951	0.00	0.00
181.7368	0.00	0.00
182.1124	0.00	0.00
182.4615	0.00	0.00
182.8318	0.00	0.00
183.1698	0.00	0.00
183.5169	0.00	0.00
183.8633	0.00	0.00
184.2255	0.00	0.00
184.5671	0.00	0.00
184.9095	0.00	0.00
185.2794	0.00	0.00
185.6138	0.00	0.00
185.9538	0.00	0.00
186.2895	0.00	0.00
186.6704	0.00	0.00
187.0187	0.00	0.00
187.3979	0.00	0.00
187.7388	0.00	0.00
188.1151	0.00	0.00
188.5717	0.00	0.00
188.9220	0.00	0.00
189.2739	0.00	0.00
189.6103	0.00	0.00
189.9615	0.00	0.00
190.3385	0.00	0.00
190.6786	0.00	0.00
191.0143	0.00	0.00
191.3540	0.00	0.00
191.7240	0.00	0.00
192.0666	0.00	0.00
192.4164	0.00	0.00
192.7776	0.00	0.00
193.1212	0.00	0.00
193.4719	0.00	0.00
193.8454	0.00	0.00
194.2296	0.00	0.00
194.5727	0.00	0.00
194.9228	0.00	0.00
195.2774	0.00	0.00
195.6183	0.00	0.00
195.9683	0.00	0.00
196.3484	0.00	0.00
196.7280	0.00	0.00
197.1173	0.00	0.00
197.5225	0.00	0.00
197.8616	0.00	0.00
198.2213	0.00	0.00
198.5554	0.00	0.00
198.8968	0.00	0.00
199.2316	0.00	0.00
199.6143	0.00	0.00
199.9646	0.00	0.00
200.3518	0.00	0.00
200.7312	0.00	0.00
201.1102	0.00	0.00
201.4608	0.00	0.00
201.8448	0.00	0.00
202.2275	0.00	0.00
202.5676	0.00	0.00
202.9180	0.00	0.00
203.2841	0.00	0.00
203.6714	0.00	0.00
204.0200	0.00	0.00
204.4085	0.00	0.00
204.7506	0.00	0.00
205.1285	0.00	0.00
205.4787	0.00	0.00
205.9160	0.00	0.00
206.2978	0.00	0.00
206.6878	0.00	0.00
207.0340	0.00	0.00
207.4146	0.00	0.00
207.7983	0.00	0.00
208.1847	0.00	0.00
208.5282	0.00	0.00
208.8927	0.00	0.00
209.2372	0.00	0.00
209.5701	0.00	0.00
209.9112	0.00	0.00
210.2956	0.00	0.00
210.6823	0.00	0.00
211.0190	0.00	0.00
211.3578	0.00	0.00
211.7142	0.00	0.00
212.0483	0.00	0.00
212.3879	0.00	0.00
212.7458	0.00	0.00
213.1269	0.00	0.00
213.4784	0.00	0.00
213.8569	0.00	0.00
214.2421	0.00	0.00
214.6149	0.00	0.00
214.9658	0.00	0.00
215.3572	0.00	0.00
215.7420	0.00	0.00
216.1268	0.00	0.00
216.4777	0.00	0.00
216.8555	0.00	0.00
217.2518	0.00	0.00
217.6191	0.00	0.00
217.9707	0.00	0.00
218.3613	0.00	0.00
218.7498	0.00	0.00
219.1290	0.00	0.00
219.4792	0.00	0.00
219.8659	0.00	0.00
220.2360	0.00	0.00
220.5692	0.00	0.00
220.9181	0.00	0.00
221.2948	0.00	0.00
221.6889	0.00	0.00
222.0355	0.00	0.00
222.4102	0.00	0.00
222.7443	0.00	0.00
223.1326	0.00	0.00
223.4826	0.00	0.00
223.8710	0.00	0.00
224.2391	0.00	0.00
224.6415	0.00	0.00
224.9847	0.00	0.00
225.3587	0.00	0.00
225.7459	0.00	0.00
226.1329	0.00	0.00
226.4827	0.00	0.00
226.8658	0.00	0.00
227.2368	0.00	0.00
227.5724	0.00	0.00
227.9141	0.00	0.00
228.2793	0.00	0.00
228.6189	0.00	0.00
228.9701	0.00	0.00
229.3664	0.00	0.00
229.7618	0.00	0.00
230.1329	0.00	0.00
230.4783	0.00	0.00
230.8630	0.00	0.00
231.2260	0.00	0.00
231.5618	0.00	0.00
231.9107	0.00	0.00
232.2489	0.00	0.00
232.6237	0.00	0.00
232.9750	0.00	0.00
233.3605	0.00	0.00
233.7507	0.00	0.00
234.1102	0.00	0.00
234.4514	0.00	0.00
234.7831	0.00	0.00
235.1391	0.00	0.00
235.4951	0.00	0.00
235.8698	0.00	0.00
236.2503	0.00	0.00
236.6218	0.00	0.00
236.9619	0.00	0.00
237.2930	0.00	0.00
237.6262	0.00	0.00
237.9750	0.00	0.00
238.3752	0.00	0.00
238.7570	0.00	0.00
239.1390	0.00	0.00
239.4874	0.00	0.00
239.8500	0.00	0.00
240.1831	0.00	0.00
240.5236	0.00	0.00
240.8627	0.00	0.00
241.2265	0.00	0.00
241.5697	0.00	0.00
241.9303	0.00	0.00
242.3036	0.00	0.00
242.6963	0.00	0.00
243.0443	0.00	0.00
243.4313	0.00	0.00
243.8024	0.00	0.00
244.1980	0.00	0.00
244.5327	0.00	0.00
244.8967	0.00	0.00
245.2548	0.00	0.00
245.6445	0.00	0.00
245.9844	0.00	0.00
246.3410	0.00	0.00
246.6791	0.00	0.00
247.0216	0.00	0.00
247.3766	0.00	0.00
247.7545	0.00	0.00
248.1143	0.00	0.00
248.4647	0.00	0.00
248.8129	0.00	0.00
249.2013	0.00	0.00
249.5471	0.00	0.00
249.9313	0.00	0.00
250.3192	0.00	0.00
250.6901	0.00	0.00
251.0355	0.00	0.00
251.4287	0.00	0.00
251.8157	0.00	0.00
252.1901	0.00	0.00
252.5321	0.00	0.00
252.9299	0.00	0.00
253.3123	0.00	0.00
253.6735	0.00	0.00
254.0217	0.00	0.00
254.3692	0.00	0.00
254.7614	0.00	0.00
255.1463	0.00	0.00
255.4890	0.00	0.00
255.8785	0.00	0.00
256.2487	0.00	0.00
256.6183	0.00	0.00
256.9689	0.00	0.00
257.3745	0.00	0.00
257.7686	0.00	0.00
258.1419	0.00	0.00
258.4859	0.00	0.00
258.8702	0.00	0.00
259.2872	0.00	0.00
259.6424	0.00	0.00
259.9938	0.00	0.00
260.3758	0.00	0.00
260.7629	0.00	0.00
261.1361	0.00	0.00
261.4765	0.00	0.00
261.8549	0.00	0.00
262.2589	0.00	0.00
262.6353	0.00	0.00
262.9872	0.00	0.00
263.3777	0.00	0.00
263.7683	0.00	0.00
264.1563	0.00	0.00
264.5052	0.00	0.00
264.8698	0.00	0.00
265.2317	0.00	0.00
265.6416	0.00	0.00
265.9931	0.00	0.00
266.3722	0.00	0.00
266.7677	0.00	0.00
267.1561	0.00	0.00
267.5114	0.00	0.00
267.8720	0.00	0.00
268.2479	0.00	0.00
268.7115	0.00	0.00
269.0545	0.00	0.00
269.4379	0.00	0.00
269.8294	0.00	0.00
270.1777	0.00	0.00
270.5139	0.00	0.00
270.8470	0.00	0.00
271.1775	0.00	0.00
271.5144	0.00	0.00
271.8627	0.00	0.00
272.2585	0.00	0.00
272.6533	0.00	0.00
272.9987	0.00	0.00
273.3730	0.00	0.00
273.8257	0.00	0.00
274.2077	0.00	0.00
274.5436	0.00	0.00
274.9093	0.00	0.00
275.3199	0.00	0.00
275.6916	0.00	0.00
276.0401	0.00	0.00
276.4523	0.00	0.00
276.8280	0.00	0.00
277.2086	0.00	0.00
277.5533	0.00	0.00
277.9442	0.00	0.00
278.3247	0.00	0.00
278.7104	0.00	0.00
279.0518	0.00	0.00
279.4342	0.00	0.00
279.8227	0.00	0.00
280.1991	0.00	0.00
280.5054	0.00	0.00
280.8527	0.00	0.00
281.2620	0.00	0.00
281.7108	0.00	0.00
282.0556	0.00	0.00
282.4560	0.00	0.00
282.8261	0.00	0.00
283.2167	0.00	0.00
283.5614	0.00	0.00
284.0117	0.00	0.00
284.3763	0.00	0.00
284.7934	0.00	0.00
285.2045	0.00	0.00
285.5358	0.00	0.00
285.9068	0.00	0.00
286.3250	0.00	0.00
286.7675	0.00	0.00
287.1534	0.00	0.00
287.5046	0.00	0.00
287.8859	0.00	0.00
288.3358	0.00	0.00
288.7042	0.00	0.00
289.0489	0.00	0.00
289.4507	0.00	0.00
289.8289	0.00	0.00
290.2014	0.00	0.00
290.5352	0.00	0.00
290.9109	0.00	0.00
291.2965	0.00	0.00
291.6935	0.00	0.00
292.0259	0.00	0.00
292.4118	0.00	0.00
292.8235	0.00	0.00
293.2099	0.00	0.00
293.5517	0.00	0.00
293.9160	0.00	0.00
294.3199	0.00	0.00
294.6947	0.00	0.00
295.0425	0.00	0.00
295.4459	0.00	0.00
295.8332	0.00	0.00
296.2177	0.00	0.00
296.5601	0.00	0.00
296.9456	0.00	0.00
297.3033	0.00	0.00
297.6943	0.00	0.00
298.0371	0.00	0.00
298.4381	0.00	0.00
298.7994	0.00	0.00
299.2192	0.00	0.00
299.5608	0.00	0.00
299.9524	0.00	0.00
300.3205	0.00	0.00
300.6939	0.00	0.00
301.0400	0.00	0.00
301.4201	0.00	0.00
301.8025	0.00	0.00
302.1907	0.00	0.00
302.5407	0.00	0.00
302.9397	0.00	0.00
303.3044	0.00	0.00
303.6910	0.00	0.00
304.0390	0.00	0.00
304.4249	0.00	0.00
304.7969	0.00	0.00
305.1667	0.00	0.00
305.5146	0.00	0.00
305.8601	0.00	0.00
306.2358	0.00	0.00
306.5690	0.00	0.00
306.9096	0.00	0.00
307.2794	0.00	0.00
307.6125	0.00	0.00
307.9628	0.00	0.00
308.3639	0.00	0.00
308.7283	0.00	0.00
309.0664	0.00	0.00
309.4182	0.00	0.00
309.7986	0.00	0.00
310.1886	0.00	0.00
310.5326	0.00	0.00
310.9163	0.00	0.00
311.3088	0.00	0.00
311.6907	0.00	0.00
312.0366	0.00	0.00
312.4248	0.00	0.00
312.8009	0.00	0.00
313.2458	0.00	0.00
313.6197	0.00	0.00
313.9699	0.00	0.00
314.3663	0.00	0.00
314.7261	0.00	0.00
315.0689	0.00	0.00
315.4300	0.00	0.00
315.8068	0.00	0.00
316.1891	0.00	0.00
316.5311	0.00	0.00
316.9043	0.00	0.00
317.2411	0.00	0.00
317.6164	0.00	0.00
318.0678	0.00	0.00
318.4014	0.00	0.00
318.7317	0.00	0.00
319.0638	0.00	0.00
319.4046	0.00	0.00
319.8071	0.00	0.00
320.1943	0.00	0.00
320.5379	0.00	0.00
320.9176	0.00	0.00
321.2953	0.00	0.00
321.6287	0.00	0.00
321.9694	0.00	0.00
322.3455	0.00	0.00
322.6792	0.00	0.00
323.0258	0.00	0.00
323.4279	0.00	0.00
323.8127	0.00	0.00
324.1887	0.00	0.00
324.5354	0.00	0.00
324.9301	0.00	0.00
325.3085	0.00	0.00
325.6987	0.00	0.00
326.0439	0.00	0.00
326.4222	0.00	0.00
326.7848	0.00	0.00
327.1196	0.00	0.00
327.4703	0.00	0.00
327.8659	0.00	0.00
328.2587	0.00	0.00
328.6329	0.00	0.00
328.9830	0.00	0.00
329.4230	0.00	0.00
329.7952	0.00	0.00
330.1824	0.00	0.00
330.5221	0.00	0.00
330.8524	0.00	0.00
331.2604	0.00	0.00
331.6532	0.00	0.00
332.0053	0.00	0.00
332.3776	0.00	0.00
332.7607	0.00	0.00
333.1531	0.00	0.00
333.4923	0.00	0.00
333.8434	0.00	0.00
334.1973	0.00	0.00
334.5425	0.00	0.00
334.9391	0.00	0.00
335.3142	0.00	0.00
335.6955	0.00	0.00
336.0396	0.00	0.00
336.4356	0.00	0.00
336.8150	0.00	0.00
337.2009	0.00	0.00
337.5475	0.00	0.00
337.9411	0.00	0.00
338.3186	0.00	0.00
338.6838	0.00	0.00
339.0301	0.00	0.00
339.4272	0.00	0.00
339.7976	0.00	0.00
340.2011	0.00	0.00
340.5440	0.00	0.00
340.9533	0.00	0.00
341.2864	0.00	0.00
341.6473	0.00	0.00
341.9991	0.00	0.00
342.3754	0.00	0.00
342.7580	0.00	0.00
343.1395	0.00	0.00
343.4902	0.00	0.00
343.8762	0.00	0.00
344.2588	0.00	0.00
344.6335	0.00	0.00
344.9747	0.00	0.00
345.3439	0.00	0.00
345.6806	0.00	0.00
346.0174	0.00	0.00
346.3504	0.00	0.00
346.6859	0.00	0.00
347.0228	0.00	0.00
347.4017	0.00	0.00
347.7633	0.00	0.00
348.1469	0.00	0.00
348.4869	0.00	0.00
348.8485	0.00	0.00
349.2592	0.00	0.00
349.6315	0.00	0.00
349.9790	0.00	0.00
350.3624	0.00	0.00
350.7482	0.00	0.00
351.1424	0.00	0.00
351.4916	0.00	0.00
351.8726	0.00	0.00
352.2513	0.00	0.00
352.6375	0.00	0.00
352.9772	0.00	0.00
353.3473	0.00	0.00
353.6845	0.00	0.00
354.0331	0.00	0.00
354.4344	0.00	0.00
354.8110	0.00	0.00
355.2041	0.00	0.00
355.5464	0.00	0.00
355.9383	0.00	0.00
356.2959	0.00	0.00
356.7034	0.00	0.00
357.0377	0.00	0.00
357.4028	0.00	0.00
357.7380	0.00	0.00
358.0701	0.00	0.00
358.4136	0.00	0.00
358.8831	0.00	0.00
359.2494	0.00	0.00
359.6194	0.00	0.00
359.9697	0.00	0.00
360.3722	0.00	0.00
360.7669	0.00	0.00
361.1508	0.00	0.00
361.5002	0.00	0.00
361.8622	0.00	0.00
362.2335	0.00	0.00
362.5660	0.00	0.00
362.9276	0.00	0.00
363.3174	0.00	0.00
363.6997	0.00	0.00
364.0433	0.00	0.00
364.4381	0.00	0.00
364.8421	0.00	0.00
365.1972	0.00	0.00
365.5381	0.00	0.00
365.9442	0.00	0.00
366.3341	0.00	0.00
366.6865	0.00	0.00
367.0338	0.00	0.00
367.4466	0.00	0.00
367.8322	0.00	0.00
368.2095	0.00	0.00
368.5439	0.00	0.00
368.9193	0.00	0.00
369.3178	0.00	0.00
369.6989	0.00	0.00
370.0408	0.00	0.00
370.4380	0.00	0.00
370.8117	0.00	0.00
371.2147	0.00	0.00
371.5543	0.00	0.00
371.9447	0.00	0.00
372.3161	0.00	0.00
372.7138	0.00	0.00
373.0578	0.00	0.00
373.4392	0.00	0.00
373.8180	0.00	0.00
374.1803	0.00	0.00
374.5163	0.00	0.00
374.8555	0.00	0.00
375.2391	0.00	0.00
375.6510	0.00	0.00
376.0013	0.00	0.00
376.3896	0.00	0.00
376.7465	0.00	0.00
377.1464	0.00	0.00
377.4891	0.00	0.00
377.8766	0.00	0.00
378.2364	0.00	0.00
378.5678	0.00	0.00
378.9154	0.00	0.00
379.2949	0.00	0.00
379.6880	0.00	0.00
380.0237	0.00	0.00
380.4107	0.00	0.00
380.7960	0.00	0.00
381.1801	0.00	0.00
381.5171	0.00	0.00
381.8591	0.00	0.00
382.2405	0.00	0.00
382.6531	0.00	0.00
383.0026	0.00	0.00
383.3805	0.00	0.00
383.7479	0.00	0.00
384.1259	0.00	0.00
384.4741	0.00	0.00
384.8691	0.00	0.00
385.2337	0.00	0.00
385.5712	0.00	0.00
385.9421	0.00	0.00
386.3331	0.00	0.00
386.7150	0.00	0.00
387.0587	0.00	0.00
387.4387	0.00	0.00
387.8283	0.00	0.00
388.2003	0.00	0.00
388.5437	0.00	0.00
388.9337	0.00	0.00
389.3199	0.00	0.00
389.7027	0.00	0.00
390.0476	0.00	0.00
390.4334	0.00	0.00
390.8253	0.00	0.00
391.2085	0.00	0.00
391.5515	0.00	0.00
391.9495	0.00	0.00
392.3330	0.00	0.00
392.7236	0.00	0.00
393.0652	0.00	0.00
393.4413	0.00	0.00
393.8305	0.00	0.00
394.2165	0.00	0.00
394.5589	0.00	0.00
395.0022	0.00	0.00
395.3842	0.00	0.00
395.7707	0.00	0.00
396.1543	0.00	0.00
396.5027	0.00	0.00
396.8853	0.00	0.00
397.2488	0.00	0.00
397.6409	0.00	0.00
397.9931	0.00	0.00
398.3902	0.00	0.00
398.7745	0.00	0.00
399.1504	0.00	0.00
399.4941	0.00	0.00
399.8856	0.00	0.00
400.2343	0.00	0.00
400.5663	0.00	0.00
400.9100	0.00	0.00
401.2536	0.00	0.00
401.6605	0.00	0.00
402.0110	0.00	0.00
402.3729	0.00	0.00
402.7773	0.00	0.00
403.1521	0.00	0.00
403.5014	0.00	0.00
403.8932	0.00	0.00
404.2758	0.00	0.00
404.6687	0.00	0.00
405.0187	0.00	0.00
405.3814	0.00	0.00
405.7719	0.00	0.00
406.1658	0.00	0.00
406.5140	0.00	0.00
406.8828	0.00	0.00
407.2375	0.00	0.00
407.5686	0.00	0.00
407.9384	0.00	0.00
408.3155	0.00	0.00
408.6908	0.00	0.00
409.0380	0.00	0.00
409.4478	0.00	0.00
409.8328	0.00	0.00
410.2097	0.00	0.00
410.5546	0.00	0.00
410.9529	0.00	0.00
411.3274	0.00	0.00
411.6918	0.00	0.00
412.0397	0.00	0.00
412.4516	0.00	0.00
412.8301	0.00	0.00
413.2111	0.00	0.00
413.5523	0.00	0.00
413.9550	0.00	0.00
414.3229	0.00	0.00
414.7211	0.00	0.00
415.0656	0.00	0.00
415.4511	0.00	0.00
415.8793	0.00	0.00
416.2653	0.00	0.00
416.6633	0.00	0.00
417.0013	0.00	0.00
417.3662	0.00	0.00
417.7463	0.00	0.00
418.1320	0.00	0.00
418.4807	0.00	0.00
418.8706	0.00	0.00
419.2713	0.00	0.00
419.6507	0.00	0.00
420.0007	0.00	0.00
420.3900	0.00	0.00
420.7791	0.00	0.00
421.1564	0.00	0.00
421.5035	0.00	0.00
421.8863	0.00	0.00
422.2455	0.00	0.00
422.6295	0.00	0.00
422.9704	0.00	0.00
423.3657	0.00	0.00
423.7738	0.00	0.00
424.1569	0.00	0.00
424.5003	0.00	0.00
424.8905	0.00	0.00
425.2710	0.00	0.00
425.6468	0.00	0.00
425.9874	0.00	0.00
426.3694	0.00	0.00
426.7722	0.00	0.00
427.1606	0.00	0.00
427.5071	0.00	0.00
427.8857	0.00	0.00
428.2835	0.00	0.00
428.7078	0.00	0.00
429.0524	0.00	0.00
429.4411	0.00	0.00
429.8350	0.00	0.00
430.2256	0.00	0.00
430.5677	0.00	0.00
430.9557	0.00	0.00
431.3926	0.00	0.00
431.7825	0.00	0.00
432.2088	0.00	0.00
432.5537	0.00	0.00
432.9506	0.00	0.00
433.3300	0.00	0.00
433.7250	0.00	0.00
434.0585	0.00	0.00
434.4300	0.00	0.00
434.8025	0.00	0.00
435.1977	0.00	0.00
435.5384	0.00	0.00
435.9620	0.00	0.00
436.3886	0.00	0.00
436.7770	0.00	0.00
437.1606	0.00	0.00
437.5095	0.00	0.00
437.8921	0.00	0.00
438.2711	0.00	0.00
438.6693	0.00	0.00
439.0154	0.00	0.00
439.3882	0.00	0.00
439.8306	0.00	0.00
440.2163	0.00	0.00
440.5599	0.00	0.00
440.9615	0.00	0.00
441.3880	0.00	0.00
441.7854	0.00	0.00
442.2178	0.00	0.00
442.5514	0.00	0.00
442.9357	0.00	0.00
443.3301	0.00	0.00
443.7104	0.00	0.00
444.0529	0.00	0.00
444.4412	0.00	0.00
444.8397	0.00	0.00
445.2773	0.00	0.00
445.6556	0.00	0.00
446.0053	0.00	0.00
446.3902	0.00	0.00
446.7934	0.00	0.00
447.2292	0.00	0.00
447.5717	0.00	0.00
447.9713	0.00	0.00
448.4075	0.00	0.00
448.7992	0.00	0.00
449.1571	0.00	0.00
449.4981	0.00	0.00
449.9020	0.00	0.00
450.2556	0.00	0.00
450.6709	0.00	0.00
451.0175	0.00	0.00
451.4072	0.00	0.00
451.7920	0.00	0.00
452.2344	0.00	0.00
452.5720	0.00	0.00
452.9617	0.00	0.00
453.3462	0.00	0.00
453.7135	0.00	0.00
454.0479	0.00	0.00
454.4429	0.00	0.00
454.8245	0.00	0.00
455.2100	0.00	0.00
455.5558	0.00	0.00
455.9633	0.00	0.00
456.3153	0.00	0.00
456.7064	0.00	0.00
457.0477	0.00	0.00
457.4614	0.00	0.00
457.8371	0.00	0.00
458.2264	0.00	0.00
458.5690	0.00	0.00
458.9669	0.00	0.00
459.4015	0.00	0.00
459.7917	0.00	0.00
460.2313	0.00	0.00
460.6776	0.00	0.00
461.0253	0.00	0.00
461.4461	0.00	0.00
461.8500	0.00	0.00
462.2119	0.00	0.00
462.5547	0.00	0.00
462.9709	0.00	0.00
463.4148	0.00	0.00
463.8561	0.00	0.00
464.2912	0.00	0.00
464.6892	0.00	0.00
465.0236	0.00	0.00
465.4465	0.00	0.00
465.8454	0.00	0.00
466.2410	0.00	0.00
466.6649	0.00	0.00
467.0090	0.00	0.00
467.3912	0.00	0.00
467.7875	0.00	0.00
468.2342	0.00	0.00
468.5770	0.00	0.00
468.9662	0.00	0.00
469.3958	0.00	0.00
469.7971	0.00	0.00
470.2237	0.00	0.00
470.5663	0.00	0.00
470.9698	0.00	0.00
471.3821	0.00	0.00
471.7919	0.00	0.00
472.2338	0.00	0.00
472.5741	0.00	0.00
472.9660	0.00	0.00
473.4060	0.00	0.00
473.8016	0.00	0.00
474.2313	0.00	0.00
474.5737	0.00	0.00
474.9708	0.00	0.00
475.4104	0.00	0.00
475.8439	0.00	0.00
476.2285	0.00	0.00
476.5699	0.00	0.00
476.9655	0.00	0.00
477.3219	0.00	0.00
477.7155	0.00	0.00
478.0615	0.00	0.00
478.4731	0.00	0.00
478.8940	0.00	0.00
479.2990	0.00	0.00
479.7332	0.00	0.00
480.1738	0.00	0.00
480.5226	0.00	0.00
480.9077	0.00	0.00
481.2702	0.00	0.00
481.6853	0.00	0.00
482.0324	0.00	0.00
482.4706	0.00	0.00
482.9014	0.00	0.00
483.2734	0.00	0.00
483.6745	0.00	0.00
484.0204	0.00	0.00
484.4025	0.00	0.00
484.7873	0.00	0.00
485.1607	0.00	0.00
485.5049	0.00	0.00
485.9196	0.00	0.00
486.3507	0.00	0.00
486.7960	0.00	0.00
487.2416	0.00	0.00
487.6903	0.00	0.00
488.0379	0.00	0.00
488.4701	0.00	0.00
488.9197	0.00	0.00
489.3510	0.00	0.00
489.7901	0.00	0.00
490.2393	0.00	0.00
490.6695	0.00	0.00
491.0116	0.00	0.00
491.3987	0.00	0.00
491.7780	0.00	0.00
492.1806	0.00	0.00
492.5244	0.00	0.00
492.9151	0.00	0.00
493.3496	0.00	0.00
493.7239	0.00	0.00
494.0560	0.00	0.00
494.4447	0.00	0.00
494.8522	0.00	0.00
495.2222	0.00	0.00
495.5562	0.00	0.00
495.9520	0.00	0.00
496.3654	0.00	0.00
496.8059	0.00	0.00
497.2301	0.00	0.00
497.5733	0.00	0.00
497.9839	0.00	0.00
498.4054	0.00	0.00
498.7984	0.00	0.00
499.2991	0.00	0.00
499.7372	0.00	0.00
500.1852	0.00	0.00
500.5321	0.00	0.00
500.9775	0.00	0.00
501.4158	0.00	0.00
501.8509	0.00	0.00
502.3559	0.00	0.00
502.7835	0.00	0.00
503.1713	0.00	0.00
503.5167	0.00	0.00
503.9013	0.00	0.00
504.2763	0.00	0.00
504.6642	0.00	0.00
505.0024	0.00	0.00
505.4165	0.00	0.00
505.8356	0.00	0.00
506.2425	0.00	0.00
506.6593	0.00	0.00
506.9978	0.00	0.00
507.3933	0.00	0.00
507.7921	0.00	0.00
508.2442	0.00	0.00
508.6876	0.00	0.00
509.0356	0.00	0.00
509.4729	0.00	0.00
509.8962	0.00	0.00
510.2835	0.00	0.00
510.6701	0.00	0.00
511.0193	0.00	0.00
511.4238	0.00	0.00
511.8679	0.00	0.00
512.2987	0.00	0.00
512.7449	0.00	0.00
513.1845	0.00	0.00
513.5325	0.00	0.00
513.9772	0.00	0.00
514.4175	0.00	0.00
514.8524	0.00	0.00
515.2259	0.00	0.00
515.5655	0.00	0.00
515.9723	0.00	0.00
516.4180	0.00	0.00
516.8498	0.00	0.00
517.3044	0.00	0.00
517.7564	0.00	0.00
518.1891	0.00	0.00
518.5349	0.00	0.00
518.9785	0.00	0.00
519.3966	0.00	0.00
519.7853	0.00	0.00
520.1607	0.00	0.00
520.5059	0.00	0.00
520.9074	0.00	0.00
521.2810	0.00	0.00
521.6793	0.00	0.00
522.0195	0.00	0.00
522.3940	0.00	0.00
522.8011	0.00	0.00
523.2471	0.00	0.00
523.6694	0.00	0.00
524.0604	0.00	0.00
524.4614	0.00	0.00
524.8571	0.00	0.00
525.2795	0.00	0.00
525.6929	0.00	0.00
526.0391	0.00	0.00
526.5792	0.00	0.00
527.2172	0.00	0.00
527.6752	0.00	0.00
528.2471	0.00	0.00
528.8095	0.00	0.00
529.2516	0.00	0.00
529.6907	0.00	0.00
530.0294	0.00	0.00
530.5151	0.00	0.00
530.9176	0.00	0.00
531.3621	0.00	0.00
531.8040	0.00	0.00
532.2500	0.00	0.00
532.7524	0.00	0.00
533.1914	0.00	0.00
533.5380	0.00	0.00
533.9897	0.00	0.00
534.4255	0.00	0.00
534.9155	0.00	0.00
535.3348	0.00	0.00
535.7391	0.00	0.00
536.1900	0.00	0.00
536.5365	0.00	0.00
536.9915	0.00	0.00
537.4351	0.00	0.00
537.8596	0.00	0.00
538.2879	0.00	0.00
538.6792	0.00	0.00
539.0243	0.00	0.00
539.5370	0.00	0.00
539.9790	0.00	0.00
540.4143	0.00	0.00
540.8462	0.00	0.00
541.2529	0.00	0.00
541.7514	0.00	0.00
542.1977	0.00	0.00
542.5388	0.00	0.00
542.9726	0.00	0.00
543.4239	0.00	0.00
543.8649	0.00	0.00
544.3088	0.00	0.00
544.7614	0.00	0.00
545.1867	0.00	0.00
545.5341	0.00	0.00
545.9911	0.00	0.00
546.4191	0.00	0.00
546.8544	0.00	0.00
547.3189	0.00	0.00
547.7537	0.00	0.00
548.1892	0.00	0.00
548.5326	0.00	0.00
548.9824	0.00	0.00
549.4131	0.00	0.00
549.9248	0.00	0.00
550.3605	0.00	0.00
550.8136	0.00	0.00
551.2524	0.00	0.00
551.7061	0.00	0.00
552.0527	0.00	0.00
552.4929	0.00	0.00
552.9380	0.00	0.00
553.3753	0.00	0.00
553.8176	0.00	0.00
554.2451	0.00	0.00
554.6983	0.00	0.00
555.0450	0.00	0.00
555.5068	0.00	0.00
555.9268	0.00	0.00
556.3544	0.00	0.00
556.8269	0.00	0.00
557.2543	0.00	0.00
557.7034	0.00	0.00
558.0385	0.00	0.00
558.4705	0.00	0.00
558.9346	0.00	0.00
559.3630	0.00	0.00
559.7907	0.00	0.00
560.1696	0.00	0.00
560.5152	0.00	0.00
560.9105	0.00	0.00
561.3538	0.00	0.00
561.7330	0.00	0.00
562.0670	0.00	0.00
562.4873	0.00	0.00
562.9165	0.00	0.00
563.3609	0.00	0.00
563.7939	0.00	0.00
564.1683	0.00	0.00
564.5063	0.00	0.00
564.9199	0.00	0.00
565.3618	0.00	0.00
565.8145	0.00	0.00
566.2538	0.00	0.00
566.7049	0.00	0.00
567.0414	0.00	0.00
567.4661	0.00	0.00
567.9368	0.00	0.00
568.3571	0.00	0.00
568.7900	0.00	0.00
569.2529	0.00	0.00
569.7051	0.00	0.00
570.0470	0.00	0.00
570.4849	0.00	0.00
570.9039	0.00	0.00
571.3214	0.00	0.00
571.7481	0.00	0.00
572.2015	0.00	0.00
572.5451	0.00	0.00
572.9878	0.00	0.00
573.4292	0.00	0.00
573.8705	0.00	0.00
574.2958	0.00	0.00
574.6838	0.00	0.00
575.0307	0.00	0.00
575.4902	0.00	0.00
575.9291	0.00	0.00
576.3525	0.00	0.00
576.7895	0.00	0.00
577.2546	0.00	0.00
577.6982	0.00	0.00
578.0436	0.00	0.00
578.4885	0.00	0.00
578.9627	0.00	0.00
579.4272	0.00	0.00
579.8556	0.00	0.00
580.2924	0.00	0.00
580.7592	0.00	0.00
581.2165	0.00	0.00
581.5583	0.00	0.00
582.0531	0.00	0.00
582.4709	0.00	0.00
582.9433	0.00	0.00
583.3737	0.00	0.00
583.8224	0.00	0.00
584.2683	0.00	0.00
584.7037	0.00	0.00
585.0479	0.00	0.00
585.4897	0.00	0.00
585.9376	0.00	0.00
586.3561	0.00	0.00
586.7965	0.00	0.00
587.2656	0.00	0.00
587.6831	0.00	0.00
588.0205	0.00	0.00
588.4676	0.00	0.00
588.9064	0.00	0.00
589.2969	0.00	0.00
589.7360	0.00	0.00
590.0695	0.00	0.00
590.4685	0.00	0.00
590.9128	0.00	0.00
591.3745	0.00	0.00
591.8158	0.00	0.00
592.2603	0.00	0.00
592.6914	0.00	0.00
593.0376	0.00	0.00
593.4913	0.00	0.00
593.9490	0.00	0.00
594.3672	0.00	0.00
594.8362	0.00	0.00
595.2517	0.00	0.00
595.6843	0.00	0.00
596.0298	0.00	0.00
596.4934	0.00	0.00
596.9144	0.00	0.00
597.3733	0.00	0.00
597.8254	0.00	0.00
598.2644	0.00	0.00
598.7075	0.00	0.00
599.0528	0.00	0.00
599.4953	0.00	0.00
599.9973	0.00	0.00
600.4202	0.00	0.00
600.8758	0.00	0.00
601.2597	0.00	0.00
601.6763	0.00	0.00
602.0259	0.00	0.00
602.4682	0.00	0.00
602.8929	0.00	0.00
603.2905	0.00	0.00
603.7183	0.00	0.00
604.0621	0.00	0.00
604.4705	0.00	0.00
604.8953	0.00	0.00
605.2999	0.00	0.00
605.7407	0.00	0.00
606.1769	0.00	0.00
606.5267	0.00	0.00
606.9702	0.00	0.00
607.3778	0.00	0.00
607.7721	0.00	0.00
608.1558	0.00	0.00
608.4950	0.00	0.00
608.8846	0.00	0.00
609.2672	0.00	0.00
609.6491	0.00	0.00
609.9985	0.00	0.00
610.4033	0.00	0.00
610.7973	0.00	0.00
611.2394	0.00	0.00
611.6596	0.00	0.00
611.9987	0.00	0.00
612.3861	0.00	0.00
612.7938	0.00	0.00
613.2081	0.00	0.00
613.5429	0.00	0.00
613.9481	0.00	0.00
614.3535	0.00	0.00
614.7877	0.00	0.00
615.2257	0.00	0.00
615.5686	0.00	0.00
615.9802	0.00	0.00
616.3935	0.00	0.00
616.7855	0.00	0.00
617.2410	0.00	0.00
617.6893	0.00	0.00
618.0347	0.00	0.00
618.4628	0.00	0.00
618.9144	0.00	0.00
619.3398	0.00	0.00
619.7340	0.00	0.00
620.0663	0.00	0.00
620.4332	0.00	0.00
620.8702	0.00	0.00
621.2932	0.00	0.00
621.7332	0.00	0.00
622.0661	0.00	0.00
622.4493	0.00	0.00
622.8522	0.00	0.00
623.2639	0.00	0.00
623.6808	0.00	0.00
624.0271	0.00	0.00
624.4625	0.00	0.00
624.9135	0.00	0.00
625.3178	0.00	0.00
625.7453	0.00	0.00
626.1801	0.00	0.00
626.5273	0.00	0.00
626.9832	0.00	0.00
627.4162	0.00	0.00
627.8629	0.00	0.00
628.3042	0.00	0.00
628.7848	0.00	0.00
629.2434	0.00	0.00
629.6660	0.00	0.00
630.0087	0.00	0.00
630.3920	0.00	0.00
630.7707	0.00	0.00
631.1776	0.00	0.00
631.5142	0.00	0.00
631.9487	0.00	0.00
632.3584	0.00	0.00
632.7740	0.00	0.00
633.1829	0.00	0.00
633.5291	0.00	0.00
633.9718	0.00	0.00
634.4160	0.00	0.00
634.8471	0.00	0.00
635.2754	0.00	0.00
635.6879	0.00	0.00
636.0351	0.00	0.00
636.4713	0.00	0.00
636.9131	0.00	0.00
637.3243	0.00	0.00
637.7385	0.00	0.00
638.1897	0.00	0.00
638.5247	0.00	0.00
639.0065	0.00	0.00
639.3992	0.00	0.00
639.7704	0.00	0.00
640.1824	0.00	0.00
640.5300	0.00	0.00
640.9792	0.00	0.00
641.4175	0.00	0.00
641.8480	0.00	0.00
642.2474	0.00	0.00
642.6941	0.00	0.00
643.0407	0.00	0.00
643.4763	0.00	0.00
643.9145	0.00	0.00
644.3554	0.00	0.00
644.7697	0.00	0.00
645.1870	0.00	0.00
645.5311	0.00	0.00
645.9758	0.00	0.00
646.4123	0.00	0.00
646.8436	0.00	0.00
647.3089	0.00	0.00
647.7435	0.00	0.00
648.1791	0.00	0.00
648.5271	0.00	0.00
648.9767	0.00	0.00
649.4156	0.00	0.00
649.8411	0.00	0.00
650.2433	0.00	0.00
650.6884	0.00	0.00
651.0227	0.00	0.00
651.4457	0.00	0.00
651.8629	0.00	0.00
652.3206	0.00	0.00
652.7588	0.00	0.00
653.1938	0.00	0.00
653.5400	0.00	0.00
653.9879	0.00	0.00
654.4285	0.00	0.00
654.8644	0.00	0.00
655.2886	0.00	0.00
655.6960	0.00	0.00
656.0416	0.00	0.00
656.4769	0.00	0.00
656.9782	0.00	0.00
657.4074	0.00	0.00
657.7892	0.00	0.00
658.2501	0.00	0.00
658.7063	0.00	0.00
659.0506	0.00	0.00
659.4845	0.00	0.00
659.9296	0.00	0.00
660.3659	0.00	0.00
660.8042	0.00	0.00
661.2338	0.00	0.00
661.5705	0.00	0.00
661.9735	0.00	0.00
662.4855	0.00	0.00
662.9308	0.00	0.00
663.3696	0.00	0.00
663.8060	0.00	0.00
664.2486	0.00	0.00
664.6750	0.00	0.00
665.0123	0.00	0.00
665.4051	0.00	0.00
665.7817	0.00	0.00
666.1758	0.00	0.00
666.5226	0.00	0.00
666.9244	0.00	0.00
667.3432	0.00	0.00
667.7570	0.00	0.00
668.1916	0.00	0.00
668.5368	0.00	0.00
668.9872	0.00	0.00
669.4173	0.00	0.00
669.9268	0.00	0.00
670.3603	0.00	0.00
670.8137	0.00	0.00
671.2621	0.00	0.00
671.7091	0.00	0.00
672.0541	0.00	0.00
672.4920	0.00	0.00
672.9316	0.00	0.00
673.3648	0.00	0.00
673.7943	0.00	0.00
674.1781	0.00	0.00
674.5271	0.00	0.00
674.9888	0.00	0.00
675.4098	0.00	0.00
675.8669	0.00	0.00
676.3182	0.00	0.00
676.7576	0.00	0.00
677.1946	0.00	0.00
677.5425	0.00	0.00
677.9895	0.00	0.00
678.3993	0.00	0.00
678.8105	0.00	0.00
679.2339	0.00	0.00
679.5652	0.00	0.00
679.9694	0.00	0.00
680.3512	0.00	0.00
680.7342	0.00	0.00
681.0669	0.00	0.00
681.4599	0.00	0.00
681.8413	0.00	0.00
682.3205	0.00	0.00
682.7496	0.00	0.00
683.1990	0.00	0.00
683.5434	0.00	0.00
683.9932	0.00	0.00
684.4292	0.00	0.00
684.8687	0.00	0.00
685.3146	0.00	0.00
685.7542	0.00	0.00
686.2532	0.00	0.00
686.6984	0.00	0.00
687.0443	0.00	0.00
687.4860	0.00	0.00
687.9081	0.00	0.00
688.2800	0.00	0.00
688.7100	0.00	0.00
689.0432	0.00	0.00
689.4605	0.00	0.00
689.8533	0.00	0.00
690.3106	0.00	0.00
690.7619	0.00	0.00
691.1879	0.00	0.00
691.5301	0.00	0.00
691.9766	0.00	0.00
692.4161	0.00	0.00
692.8782	0.00	0.00
693.3167	0.00	0.00
693.7558	0.00	0.00
694.2012	0.00	0.00
694.5474	0.00	0.00
695.0007	0.00	0.00
695.4293	0.00	0.00
695.8758	0.00	0.00
696.2878	0.00	0.00
696.6800	0.00	0.00
697.0169	0.00	0.00
697.4087	0.00	0.00
697.7957	0.00	0.00
698.3086	0.00	0.00
698.7639	0.00	0.00
699.2056	0.00	0.00
699.5461	0.00	0.00
699.9942	0.00	0.00
700.4208	0.00	0.00
700.8443	0.00	0.00
701.2401	0.00	0.00
701.5715	0.00	0.00
701.9690	0.00	0.00
702.4025	0.00	0.00
702.8181	0.00	0.00
703.2518	0.00	0.00
703.7033	0.00	0.00
704.0475	0.00	0.00
704.4868	0.00	0.00
704.9306	0.00	0.00
705.3519	0.00	0.00
705.8130	0.00	0.00
706.2285	0.00	0.00
706.5723	0.00	0.00
706.9961	0.00	0.00
707.4301	0.00	0.00
707.8852	0.00	0.00
708.3182	0.00	0.00
708.7543	0.00	0.00
709.1766	0.00	0.00
709.5184	0.00	0.00
709.9151	0.00	0.00
710.3651	0.00	0.00
710.8102	0.00	0.00
711.2604	0.00	0.00
711.6804	0.00	0.00
712.0180	0.00	0.00
712.4132	0.00	0.00
712.8701	0.00	0.00
713.3037	0.00	0.00
713.7619	0.00	0.00
714.1998	0.00	0.00
714.5444	0.00	0.00
714.9875	0.00	0.00
715.4246	0.00	0.00
715.8525	0.00	0.00
716.3152	0.00	0.00
716.7668	0.00	0.00
717.2054	0.00	0.00
717.5347	0.00	0.00
717.9745	0.00	0.00
718.4352	0.00	0.00
718.8762	0.00	0.00
719.3215	0.00	0.00
719.7598	0.00	0.00
720.2002	0.00	0.00
720.5460	0.00	0.00
720.9997	0.00	0.00
721.4337	0.00	0.00
721.8805	0.00	0.00
722.3176	0.00	0.00
722.7499	0.00	0.00
723.1780	0.00	0.00
723.5235	0.00	0.00
723.9401	0.00	0.00
724.3783	0.00	0.00
724.8237	0.00	0.00
725.2511	22.63	16.99
725.7096	21.76	11.05
726.0547	24.95	3.21
726.4875	33.39	12.13
726.9205	30.56	10.81
727.3762	40.36	34.58
727.8220	178.88	184.44
728.3248	480.74	443.82
728.7711	616.57	577.06
729.2606	595.40	566.69
729.7083	580.88	559.05
730.0486	578.31	552.79
730.5334	578.18	540.40
730.9844	579.37	552.58
731.4334	576.27	561.13
731.8856	575.08	542.11
732.3175	576.00	548.03
732.7390	576.80	545.43
733.1839	575.22	545.96
733.5265	577.23	560.47
734.0345	576.43	557.24
734.4407	576.16	543.50
734.8900	577.05	546.07
735.3168	577.26	547.69
735.7542	578.17	544.52
736.2155	578.04	541.87
736.5577	580.21	537.46
736.9858	577.11	546.31
737.4047	578.41	545.23
737.7865	574.58	550.31
738.2559	574.80	548.83
738.7041	576.46	541.79
739.0487	576.15	555.48
739.4864	576.99	549.43
739.9367	571.60	545.58
740.3794	572.90	547.86
740.8138	572.70	549.96
741.2588	574.52	553.91
741.7006	575.66	562.42
742.0446	574.69	549.38
742.4982	576.78	560.52
742.9912	574.70	566.79
743.4372	572.21	552.90
743.8782	570.67	550.22
744.3175	567.34	559.25
744.7562	575.34	544.00
745.2057	572.76	550.05
745.5434	572.14	546.03
745.9794	563.16	548.84
746.4355	568.12	550.38
746.8778	565.80	549.67
747.3256	563.94	546.37
747.7686	562.97	550.43
748.1971	564.46	546.35
748.5312	564.05	551.13
748.9628	564.02	546.05
749.3538	560.89	551.64
749.7951	563.34	550.89
750.1835	562.57	552.81
750.5295	562.99	546.24
750.9847	563.61	566.53
751.4118	560.13	555.34
751.8796	555.99	548.45
752.3213	559.66	549.93
752.7414	557.27	547.42
753.2012	558.66	555.01
753.5397	555.96	548.69
753.9802	554.49	541.59
754.4102	552.11	550.55
754.8733	557.83	548.20
755.3186	553.99	545.82
755.7381	552.72	548.82
756.2026	554.38	539.93
756.5442	553.44	535.10
756.9794	551.27	552.00
757.3958	548.30	548.50
757.8008	550.29	542.99
758.2424	554.61	538.78
758.6859	548.99	554.76
759.0138	548.30	542.17
759.4776	548.58	541.68
759.8148	549.63	547.36
760.1491	551.33	535.77
760.4936	547.19	550.66
760.8394	555.79	551.23
761.1778	546.45	550.74
761.5121	547.43	541.86
761.8482	549.11	547.96
762.1748	545.57	545.88
762.4996	543.05	551.69
762.8170	548.70	537.84
763.1550	542.23	546.32
763.4984	546.27	543.23
763.8385	545.65	545.28
764.1774	545.44	544.21
764.5113	549.31	553.29
764.8431	545.60	538.26
765.1786	545.05	549.34
765.5818	543.66	542.77
765.9297	542.13	537.14
766.2732	548.24	549.98
766.6144	543.75	543.24
766.9288	544.76	536.65
767.2624	545.84	545.19
767.5764	541.26	542.32
767.9119	541.01	542.45
768.2511	541.02	540.48
768.5972	538.73	547.29
768.9205	542.13	539.69
769.2616	541.53	541.99
769.6056	538.45	537.46
769.9463	537.78	536.11
770.2917	540.27	543.25
770.6385	543.38	542.67
770.9853	543.78	544.32
771.3323	539.51	542.91
771.6757	540.02	537.47
772.0205	538.68	536.76
772.3603	538.91	537.62
772.6930	536.84	539.69
773.0337	538.76	533.68
773.3800	537.35	536.92
773.7260	541.13	531.31
774.0660	538.33	540.66
774.4145	535.80	533.96
774.7617	538.47	552.38
775.1077	535.39	551.89
775.4569	538.11	553.27
775.7912	537.86	548.46
776.1206	539.30	543.83
776.4676	536.48	552.33
776.8137	538.73	539.49
777.1596	539.97	542.90
777.5040	534.86	530.56
777.8362	536.49	554.03
778.1726	535.33	540.47
778.5150	537.48	544.91
778.8644	533.07	534.58
779.2078	534.58	535.78
779.5497	534.60	542.45
779.8849	534.32	546.75
780.2188	535.04	542.75
780.5638	535.25	535.51
780.9067	531.09	538.87
781.2488	534.49	528.84
781.5964	532.68	539.53
781.9401	533.79	541.68
782.2811	534.30	539.65
782.6188	531.92	529.10
782.9556	533.44	538.79
783.2774	531.20	537.19
783.6136	535.39	537.61
783.9528	533.42	533.05
784.3017	532.73	546.86
784.6451	530.54	531.57
784.9922	532.72	545.53
785.3326	530.47	544.19
785.6712	531.66	536.52
786.0180	533.33	541.83
786.3501	535.06	538.96
786.6889	534.63	546.73
787.0231	530.39	524.95
787.3693	532.13	546.60
787.7146	531.16	546.15
788.0465	531.97	541.51
788.3838	529.40	543.65
788.7173	532.78	542.63
789.0529	528.84	547.63
789.3905	531.60	536.31
789.7375	530.96	541.80
790.0865	531.16	547.84
790.4335	528.47	541.05
790.7833	530.03	540.49
791.1283	532.10	550.21
791.4637	531.06	531.74
791.7998	529.89	542.01
792.1484	528.17	542.76
792.4952	531.36	545.20
792.8314	529.32	533.42
793.1784	529.37	541.21
793.5245	525.01	539.94
793.8739	529.96	534.55
794.2149	528.33	534.00
794.5549	526.41	539.49
794.9030	527.51	543.43
795.2522	531.13	545.07
795.5978	526.64	538.39
795.9454	527.21	541.52
796.2840	528.18	542.68
796.6244	527.00	537.89
796.9716	527.76	539.28
797.3181	530.32	535.18
797.6642	526.55	544.14
798.0111	526.70	541.07
798.3563	528.12	536.84
798.7061	525.31	535.26
799.0560	527.82	530.79
799.4035	527.45	541.07
799.7500	526.19	538.37
800.0987	526.12	540.35
800.4460	525.51	537.66
800.7920	527.22	543.00
801.1407	527.48	537.93
801.4885	525.95	540.33
801.8346	527.32	535.06
802.1846	524.88	541.12
802.5279	525.57	534.51
802.8766	527.18	534.51
803.2249	524.86	538.47
803.5710	526.45	540.65
803.9209	532.22	537.50
804.2607	526.59	531.09
804.6016	523.97	545.41
804.9395	522.44	541.06
805.2772	524.11	546.06
805.6169	529.61	529.88
805.9662	526.45	539.59
806.2871	525.02	523.95
806.6200	523.70	548.93
806.9586	525.25	529.87
807.2968	523.85	539.64
807.8628	527.29	537.98
808.4349	524.52	542.57
808.8945	525.03	542.48
809.3451	525.72	534.60
809.7806	521.02	542.05
810.2193	523.13	537.25
810.5601	523.93	541.20
811.0139	525.61	541.44
811.4462	525.29	542.31
811.8878	525.97	535.84
812.3344	523.96	539.39
812.7866	522.81	547.29
813.2581	525.28	541.78
813.7285	527.81	538.77
814.0687	522.02	535.62
814.5067	523.65	547.30
814.9484	526.96	531.17
815.3611	523.00	549.19
815.8266	525.96	544.32
816.2777	523.82	542.42
816.7235	523.48	541.51
817.0664	523.42	543.23
817.5119	525.05	546.26
817.9499	524.99	538.57
818.3674	525.30	540.07
818.8113	524.12	540.85
819.2753	525.60	535.88
819.7251	521.79	541.27
820.0674	526.37	539.76
820.5153	524.51	539.19
820.9597	523.77	538.72
821.4592	523.06	537.80
821.9447	524.07	532.62
822.3928	523.18	529.82
822.8570	524.04	537.18
823.2788	523.01	535.54
823.7208	524.70	537.87
824.0528	523.36	544.01
824.4778	522.32	539.09
824.9379	524.26	536.56
825.3876	521.49	535.96
825.8346	523.69	536.84
826.3243	523.00	544.66
826.7761	523.01	546.99
827.2321	522.73	534.72
827.5694	525.81	542.31
828.0000	525.60	529.06
828.4291	521.35	541.20
828.9505	524.95	535.31
829.3893	521.82	526.08
829.8381	522.41	532.63
830.2843	523.22	549.02
830.7012	522.53	539.49
831.0424	520.37	538.80
831.5004	522.62	535.18
831.9369	520.87	535.52
832.3853	520.73	536.14
832.8077	521.32	537.89
833.2489	523.13	539.60
833.7021	522.09	541.00
834.0464	524.75	535.00
834.5106	521.09	534.97
834.9544	522.13	542.64
835.3706	522.29	539.83
835.8196	522.09	535.96
836.2803	520.58	526.48
836.7072	521.92	540.52
837.0507	520.31	541.16
837.5129	521.21	537.28
837.9546	522.88	543.78
838.4283	520.21	541.91
838.8916	521.35	538.61
839.3393	521.48	532.06
839.7548	523.32	541.57
840.2194	521.83	535.08
840.5578	519.70	546.17
841.0097	522.15	549.47
841.4304	522.69	524.19
841.8873	519.41	544.82
842.3397	521.97	535.17
842.7612	523.36	546.79
843.2197	519.69	526.74
843.5603	522.21	539.11
844.0184	520.41	526.67
844.4889	520.84	539.17
844.9595	520.91	543.06
845.4508	518.49	545.05
845.9085	520.74	545.54
846.3871	520.56	537.57
846.8124	519.47	536.62
847.2496	520.42	527.10
847.6944	520.24	539.84
848.0414	519.94	542.31
848.5065	519.09	542.80
848.9252	520.88	539.79
849.3884	519.71	545.97
849.8116	521.68	538.81
850.2843	520.92	535.62
850.7257	520.60	540.09
851.0655	521.91	538.83
851.5147	517.56	535.20
851.9518	521.20	538.63
852.4031	518.33	535.30
852.8488	518.93	537.17
853.3433	518.18	526.71
853.7628	517.84	540.10
854.2218	520.22	532.89
854.5615	522.66	546.17
855.0097	518.36	541.26
855.4236	519.24	542.97
855.9078	519.50	540.30
856.3894	519.17	540.89
856.8394	519.76	534.85
857.2631	520.78	530.40
857.7198	517.57	526.25
858.0629	517.22	539.27
858.5213	518.48	541.63
859.2217	517.92	537.09
859.5679	520.83	532.40
860.0134	518.98	529.63
860.4194	517.98	537.51
860.9000	518.22	532.13
861.3410	519.77	539.37
861.7851	516.45	526.88
862.2753	517.63	536.72
862.7227	520.34	534.96
863.0633	518.83	528.53
863.5082	518.75	537.12
863.9332	516.92	531.35
864.3677	519.24	532.21
864.8083	517.76	536.35
865.2943	519.75	523.52
865.7739	518.08	532.96
866.2288	519.62	531.40
866.5703	519.88	530.51
867.0169	518.98	531.00
867.4862	516.99	537.46
867.9374	517.25	539.63
868.3736	518.82	528.28
868.8906	518.19	542.09
869.3393	520.79	533.11
869.7851	519.08	530.53
870.2066	517.71	541.54
870.5503	517.43	541.22
871.0170	517.73	534.70
871.5038	514.82	536.62
871.9524	519.16	530.26
872.3694	519.40	527.40
872.8289	516.87	539.09
873.2554	518.10	531.24
873.7324	517.98	527.82
874.2226	515.68	531.27
874.5669	521.55	538.44
875.2304	516.88	530.31
875.7269	518.70	540.38
876.0665	516.62	537.03
876.5120	517.45	530.41
876.9697	513.92	535.22
877.5102	517.24	534.24
877.9670	516.10	536.05
878.4611	515.36	538.95
878.9522	518.84	532.73
879.4004	516.96	541.06
879.9004	516.79	541.38
880.3953	516.13	527.47
880.8419	516.94	539.11
881.3396	516.16	532.22
881.7870	517.04	539.21
882.2827	517.56	539.57
882.7640	518.54	534.03
883.2579	519.20	532.58
883.7247	517.03	534.21
884.2325	518.25	533.32
884.7309	517.27	525.94
885.0708	519.88	532.12
885.5297	520.07	529.81
886.0262	518.13	530.77
886.5232	518.10	537.84
886.9503	517.95	529.28
887.4084	517.92	533.54
887.8619	518.19	532.20
888.3567	514.86	534.88
888.8509	515.91	544.18
889.2816	515.13	534.04
889.7094	518.09	537.15
890.0552	514.89	531.44
890.5248	517.40	534.53
891.0654	515.26	533.15
891.4594	515.09	526.36
891.9146	516.12	530.95
892.4151	516.09	528.73
892.9229	516.52	535.26
893.4088	515.30	533.94
893.9097	517.06	533.21
894.3403	515.12	537.21
894.7710	516.81	541.10
895.2177	515.38	542.78
895.5570	515.07	525.43
896.0191	515.31	526.88
896.4664	516.40	525.96
896.9205	518.09	528.88
897.4038	515.90	539.56
897.8508	516.94	539.52
898.3547	517.67	538.84
898.7756	516.97	538.43
899.2440	516.93	536.70
899.7160	517.13	524.02
900.0568	516.44	533.34
900.5284	513.09	529.70
900.9717	516.75	536.06
901.4413	515.40	531.01
901.8823	515.57	530.95
902.3059	514.54	542.46
902.7577	515.91	536.86
903.2019	515.56	528.68
903.5465	514.48	533.03
903.9817	515.94	532.81
904.3990	516.12	538.06
904.8683	517.75	544.96
905.3055	515.97	529.25
905.7453	514.28	533.87
906.2023	516.95	534.11
906.5439	515.76	524.26
906.9872	514.42	533.62
907.4326	515.56	538.64
907.8825	514.61	528.88
908.3173	516.43	531.46
908.7594	515.73	532.77
909.2002	514.51	531.79
909.5500	516.04	533.63
909.9955	515.41	531.77
910.4112	513.74	532.38
910.8683	514.36	530.45
911.2960	515.08	529.46
911.6836	513.77	533.30
912.0306	515.13	528.21
912.4879	513.58	534.12
912.9279	512.81	538.26
913.4192	515.58	519.43
913.8639	515.05	523.44
914.3161	514.17	530.72
914.7574	515.52	528.56
915.2038	514.30	525.81
915.5475	515.54	534.85
915.9930	515.39	532.93
916.4355	514.97	536.41
916.8809	514.31	525.49
917.3157	514.63	531.65
917.7598	516.21	533.44
918.1706	514.32	530.55
918.5052	514.31	538.74
918.9052	512.69	526.71
919.2915	514.71	528.59
919.7109	515.30	533.81
920.0563	515.40	536.35
920.4875	514.88	532.80
920.9137	514.14	524.07
921.3439	511.64	535.16
921.7412	513.22	536.24
922.2018	512.96	531.32
922.5448	513.06	533.39
922.9934	512.68	535.96
923.4054	513.20	527.16
923.8143	512.80	531.19
924.2678	515.52	522.44
924.7006	513.21	529.64
925.0442	513.29	534.08
925.4888	513.83	532.31
925.9143	515.22	532.71
926.3688	511.06	530.70
926.8185	514.31	528.89
927.2486	514.25	533.35
927.6992	515.07	535.61
928.0449	515.11	535.31
928.4959	513.71	529.88
928.9306	512.82	531.84
929.3929	514.94	525.57
929.8174	514.48	536.76
930.2617	515.33	528.67
930.7016	514.50	519.96
931.0449	516.48	535.50
931.4954	513.30	525.33
931.9395	514.00	526.09
932.3710	513.51	529.98
932.8106	514.14	523.35
933.2277	512.25	528.28
933.5687	515.37	524.56
933.9906	515.05	526.78
934.4728	514.05	533.10
934.9465	514.38	528.40
935.3702	514.84	523.01
935.8323	516.68	521.93
936.2597	513.96	528.89
936.7006	514.58	524.44
937.0437	516.72	525.43
937.4809	513.50	531.03
937.9078	513.81	528.53
938.2982	513.60	524.26
938.7456	514.29	531.69
939.2102	516.00	525.18
939.5551	514.52	520.81
940.0010	513.88	531.13
940.4357	511.26	526.92
940.8698	513.81	527.73
941.3148	513.46	530.70
941.7685	514.46	518.39
942.2078	515.95	526.97
942.5536	514.21	524.88
942.9933	512.50	531.67
943.3991	516.31	516.85
943.7958	513.83	523.16
944.3179	513.96	523.60
944.7792	514.99	521.21
945.2042	515.55	530.15
945.5541	514.65	521.61
945.9999	513.02	526.09
946.4462	513.25	532.44
946.8793	516.11	528.41
947.3134	514.73	532.96
947.7644	513.70	525.49
948.1987	512.64	529.84
948.5396	515.95	534.82
948.9962	513.28	528.25
949.4349	513.63	521.70
949.8647	514.16	529.00
950.3202	514.34	533.05
950.7667	513.42	519.58
951.2067	512.68	523.12
951.5489	513.89	525.47
951.9802	511.38	522.55
952.4073	514.02	525.52
952.7968	513.20	529.22
953.2316	515.67	524.36
953.5639	512.36	537.71
953.9815	514.14	515.89
954.4217	512.43	528.00
954.8736	514.08	532.49
955.3231	513.16	529.37
955.7689	514.15	522.54
956.2041	513.97	524.83
956.5459	512.86	517.26
957.0033	512.42	526.83
957.4305	509.52	532.26
957.8831	513.09	528.30
958.3038	514.44	520.63
958.7663	511.18	521.01
959.2049	510.81	524.76
959.5395	513.11	526.00
959.9721	513.29	524.62
960.4112	512.42	528.98
960.8735	512.18	530.80
961.3240	513.68	535.85
961.7576	514.21	528.42
962.2030	514.49	525.21
962.5472	513.70	529.53
963.0014	511.56	534.78
963.4389	513.52	517.71
963.8682	512.73	528.60
964.3113	511.94	523.65
964.7528	514.49	526.67
965.1864	512.51	532.83
965.5300	513.60	525.83
966.0039	513.41	531.27
966.4277	512.14	525.15
966.8838	512.40	519.10
967.3299	512.59	525.52
967.7649	513.57	527.97
968.2024	511.15	529.30
968.5427	514.16	528.30
968.9949	514.64	530.83
969.4061	512.69	518.31
969.8768	512.17	527.77
970.3205	513.82	528.70
970.7697	512.79	521.12
971.2007	514.05	530.95
971.5402	513.32	525.43
972.0015	513.31	526.66
972.4388	512.73	526.76
972.8787	512.31	520.54
973.2953	515.86	526.35
973.7465	513.42	516.67
974.2077	512.56	523.46
974.5504	512.93	521.57
975.0117	514.05	527.13
975.4328	511.81	520.64
975.8681	513.71	530.05
976.3027	511.73	519.86
976.7666	512.69	519.46
977.2184	514.04	529.20
977.5585	511.98	530.13
978.0135	514.17	524.84
978.4266	513.28	525.81
978.8801	511.20	527.92
979.2955	514.27	521.14
979.7372	514.88	521.59
980.0680	513.58	525.63
980.4722	511.61	524.95
980.9137	514.01	526.30
981.3579	511.61	529.95
981.8152	511.60	524.16
982.2681	510.85	535.78
982.6929	513.74	525.14
983.0354	514.75	527.83
983.4895	511.62	523.72
983.9467	512.77	531.28
984.3695	513.77	527.49
984.8164	513.98	524.36
985.2594	513.46	515.82
985.6991	514.20	518.86
986.0437	514.34	528.68
986.4973	512.04	517.63
986.9422	512.09	522.41
987.3829	512.48	529.69
987.8086	512.41	523.09
988.2731	514.05	520.27
988.7076	513.49	522.61
989.0480	512.54	526.36
989.4893	510.81	518.39
989.9499	510.59	523.50
990.3781	511.68	525.12
990.8092	512.50	527.97
991.2412	513.63	521.31
991.7054	511.64	524.54
992.0457	514.56	523.63
992.4902	511.96	524.33
992.9009	512.95	520.89
993.2982	511.00	532.05
993.7414	513.17	522.55
994.2051	513.27	514.02
994.5468	510.11	528.55
994.9928	510.71	527.65
995.4109	510.33	519.59
995.8796	510.89	519.94
996.3140	513.64	525.80
996.7405	513.13	514.23
997.2044	510.71	512.30
997.5460	514.09	520.69
997.9958	513.12	512.97
998.4331	512.33	524.26
998.8827	514.02	522.88
999.3251	512.88	514.40
999.7753	513.64	512.02
1000.1870	511.38	520.98
1000.5267	511.94	514.52
1000.9841	512.23	516.34
1001.4262	512.37	523.42
1001.8776	513.58	514.25
1002.3122	510.04	524.03
1002.7574	512.54	516.39
1003.2275	511.50	517.42
1003.5542	512.53	518.82
1004.2110	512.48	520.19
1004.5486	511.70	514.76
1004.9845	511.61	525.70
1005.4422	512.49	525.98
1005.8808	513.00	527.19
1006.3351	512.48	522.43
1006.7680	513.09	527.31
1007.1850	514.15	521.22
1007.5268	514.44	512.93
1007.9811	512.74	526.27
1008.4378	510.84	528.46
1008.9494	513.96	520.20
1009.3918	513.41	523.68
1009.8136	512.33	512.05
1010.2593	511.66	524.22
1010.7097	511.05	532.64
1011.0526	513.12	525.48
1011.4941	513.06	522.53
1011.9371	513.85	533.72
1012.3827	512.19	522.77
1012.8103	512.28	518.53
1013.2793	513.82	518.36
1013.7056	512.93	524.76
1014.0488	510.67	524.47
1014.5049	510.82	521.62
1014.9474	512.14	518.21
1015.3881	510.56	522.74
1015.8216	513.85	518.61
1016.2750	513.14	513.66
1016.7125	511.87	525.11
1017.0612	513.22	522.02
1017.4890	513.73	516.95
1017.9347	511.61	519.01
1018.3832	511.92	518.41
1018.8132	510.81	513.94
1019.2611	513.04	519.90
1019.7208	513.98	525.10
1020.0532	513.91	519.93
1020.4723	514.19	521.42
1020.9400	510.65	527.40
1021.3556	510.46	515.68
1021.7966	510.48	516.91
1022.2456	510.47	524.78
1022.6849	512.91	523.12
1023.0288	514.22	520.36
1023.4847	511.72	523.02
1023.9359	508.76	525.43
1024.3519	512.53	514.76
1024.8047	512.49	517.77
1025.2677	512.77	518.72
1025.7094	512.57	521.48
1026.0431	511.76	527.11
1026.4747	511.38	513.41
1026.9061	511.94	519.28
1027.3102	510.62	522.37
1027.7528	511.28	522.84
1028.2120	513.33	511.77
1028.5516	513.15	514.11
1028.9783	511.42	528.41
1029.4371	511.99	524.81
1029.8899	511.99	521.00
1030.3284	510.27	517.66
1030.7670	511.68	521.37
1031.2171	511.74	526.46
1031.5573	510.55	524.14
1032.0248	513.06	520.99
1032.4950	511.34	517.56
1032.9346	512.22	528.08
1033.3757	513.87	515.71
1033.8207	510.74	520.63
1034.2769	510.43	518.32
1034.7088	511.49	514.38
1035.0503	511.06	531.62
1035.5021	509.33	520.46
1035.9337	512.16	517.97
1036.3792	509.58	515.63
1036.8183	511.46	519.69
1037.2749	508.81	525.42
1037.7171	510.79	523.74
1038.0598	510.81	510.82
1038.5605	511.74	518.02
1039.0088	511.24	514.86
1039.4353	508.75	520.35
1039.8793	511.79	519.31
1040.3186	512.15	519.39
1040.7397	512.37	518.00
1041.1820	512.97	523.87
1041.5285	512.73	523.58
1042.0042	508.55	529.39
1042.4510	510.46	521.83
1042.8506	509.63	520.70
1043.3206	512.99	511.02
1043.7728	511.92	514.62
1044.2181	511.90	519.95
1044.5519	509.12	517.27
1044.9823	509.32	510.84
1045.4080	509.72	524.54
1045.8890	511.26	520.43
1046.3217	510.98	510.40
1046.7755	512.58	526.44
1047.2051	513.06	518.06
1047.5457	512.56	510.64
1048.0118	511.04	514.69
1048.4428	512.16	518.74
1048.8791	510.48	530.91
1049.3243	512.94	515.56
1049.7693	512.92	516.98
1050.2063	510.65	523.54
1050.5467	511.56	514.89
1050.9928	511.86	529.69
1051.4854	511.91	522.95
1051.9453	511.71	515.64
1052.3708	512.24	516.03
1052.8415	509.58	524.70
1053.2811	510.51	517.77
1053.7111	510.81	518.60
1054.0539	510.70	516.10
1054.5093	512.90	516.02
1054.9578	510.55	518.90
1055.3901	511.66	517.01
1055.8498	510.70	512.10
1056.3992	511.33	526.95
1056.8398	509.68	518.63
1057.2768	511.29	516.13
1057.7517	509.85	521.74
1058.2191	510.06	519.64
1058.5638	511.89	513.82
1059.0186	509.09	523.21
1059.4503	509.99	515.76
1059.8940	510.04	521.29
1060.3056	511.17	515.54
1060.7703	511.17	523.74
1061.2224	511.08	521.75
1061.5668	511.13	518.36
1062.0205	511.38	522.06
1062.4440	510.82	513.64
1062.8980	511.35	524.26
1063.3401	509.28	510.58
1063.7946	512.53	513.79
1064.1944	509.39	520.65
1064.5391	510.07	522.01
1065.0186	510.72	520.58
1065.4574	511.68	515.57
1065.8991	513.46	512.58
1066.3346	509.62	526.57
1066.7856	509.65	525.40
1067.2211	509.24	513.92
1067.5637	512.42	515.03
1068.0087	508.83	516.22
1068.4477	510.02	522.29
1068.8935	509.69	514.80
1069.3131	512.58	524.93
1069.7849	511.64	514.11
1070.2198	510.79	518.63
1070.5636	512.04	511.60
1071.0114	509.32	521.70
1071.4562	509.35	521.26
1071.8908	510.71	515.50
1072.3395	510.40	515.29
1072.7822	509.34	509.95
1073.2191	510.43	518.04
1073.5643	510.97	519.31
1074.0166	509.71	516.75
1074.4291	510.89	515.03
1074.8750	509.95	520.22
1075.3458	508.48	526.56
1075.7644	512.85	511.94
1076.2265	512.46	516.06
1076.5676	511.23	513.13
1077.0175	510.82	514.00
1077.4681	511.58	516.26
1077.9547	509.05	521.80
1078.3621	512.09	508.38
1078.8183	512.58	513.51
1079.2747	511.03	518.66
1079.7232	512.59	509.24
1080.0669	512.95	513.07
1080.5214	511.46	511.06
1080.9614	512.05	511.36
1081.3675	509.00	522.47
1081.8198	512.10	518.44
1082.2813	510.31	514.57
1082.7325	510.67	519.31
1083.2255	510.64	517.08
1083.5677	510.39	523.85
1084.0155	509.45	516.90
1084.4615	509.72	507.45
1084.8843	510.81	517.36
1085.3341	509.90	519.49
1085.7901	509.96	521.66
1086.2802	511.59	517.34
1086.7285	510.50	523.20
1087.0710	508.92	519.26
1087.5208	511.05	508.05
1087.9565	510.08	519.29
1088.3925	510.72	518.70
1088.8487	510.30	519.41
1089.3392	511.36	516.61
1089.7826	512.71	515.29
1090.1972	507.61	524.49
1090.5406	508.20	514.91
1091.0112	510.87	514.19
1091.4521	510.73	509.25
1091.8710	510.84	512.66
1092.3381	509.39	513.83
1092.7539	507.83	516.95
1093.1989	509.36	517.65
1093.5394	513.82	520.14
1093.9973	511.05	516.47
1094.4368	510.32	512.76
1094.9060	511.68	515.48
1095.3326	510.66	517.30
1095.7693	509.40	517.27
1096.2230	509.61	520.50
1096.5671	509.47	518.46
1097.0192	509.94	515.98
1097.4480	509.21	519.33
1097.9006	507.59	519.93
1098.3072	511.58	516.63
1098.7845	511.34	517.24
1099.2336	509.73	518.07
1099.5712	510.07	518.92
1099.9975	510.04	508.57
1100.4583	509.33	507.74
1100.8781	509.12	514.85
1101.3395	509.09	512.13
1101.7888	508.91	514.81
1102.2807	509.25	518.28
1102.7318	507.00	521.97
1103.2810	512.68	510.27
1103.7309	510.73	512.92
1104.2240	510.11	512.83
1104.5647	511.99	509.59
1105.0160	510.47	508.21
1105.4645	510.82	514.11
1105.9604	511.19	515.33
1106.4532	510.19	509.10
1106.9035	511.03	508.46
1107.3481	510.60	506.98
1107.7908	510.60	520.29
1108.2839	510.57	511.69
1108.7240	509.37	520.89
1109.0649	509.74	508.34
1109.5174	507.66	520.26
1109.9686	508.91	512.81
1110.4564	508.98	516.57
1110.9024	509.32	499.83
1111.3458	509.95	518.14
1111.7801	508.70	514.13
1112.2312	512.35	509.04
1112.5644	509.20	511.62
1112.9954	511.12	508.64
1113.4360	508.11	518.69
1113.9061	510.20	515.65
1114.4009	511.11	513.28
1114.8241	507.53	525.78
1115.2801	511.55	513.99
1115.7804	509.05	517.79
1116.2403	507.36	512.43
1116.7269	509.99	521.72
1117.0647	511.16	508.62
1117.4996	512.61	508.69
1117.9327	511.29	508.01
1118.4034	510.25	515.06
1118.8428	511.86	509.04
1119.2897	511.06	513.96
1119.7281	512.40	514.10
1120.0691	513.11	516.69
1120.5151	508.57	518.56
1120.9549	509.62	514.39
1121.3775	507.76	518.66
1121.8542	510.08	509.25
1122.3336	512.41	511.38
1122.7548	510.85	514.94
1123.2040	510.22	507.41
1123.5468	512.25	513.83
1124.3472	509.95	517.01
1124.7990	510.81	508.13
1125.2851	509.91	517.36
1125.7270	508.02	507.83
1126.0694	510.01	510.06
1126.5247	512.38	517.37
1126.9894	507.10	520.35
1127.4418	507.74	522.05
1127.8999	509.37	511.00
1128.3165	510.65	508.26
1128.7913	508.72	511.52
1129.2910	511.45	519.00
1129.7893	510.65	514.67
1130.2275	510.82	513.06
1130.5683	509.47	507.45
1131.0282	511.12	514.52
1131.5164	511.05	511.47
1131.9614	509.91	522.50
1132.4600	509.43	516.60
1132.8834	509.29	512.81
1133.3472	510.15	515.37
1133.7933	510.56	513.82
1134.2058	509.91	510.45
1134.5499	511.10	515.83
1135.0246	512.83	518.62
1135.5213	510.34	513.60
1136.0191	508.42	509.28
1136.5238	510.32	508.13
1137.0232	510.30	516.23
1137.5165	509.95	510.22
1137.9607	510.48	517.76
1138.3754	510.23	514.18
1138.8408	509.17	514.69
1139.2894	509.80	516.97
1139.7479	512.25	505.84
1140.2359	512.12	509.66
1140.7371	511.59	517.05
1141.2254	512.13	506.01
1141.5694	512.53	511.83
1142.2356	508.73	517.65
1142.7284	509.58	510.22
1143.0619	511.09	514.01
1143.4926	508.80	509.49
1143.9373	511.26	516.55
1144.4082	509.00	512.30
1144.9016	511.58	510.80
1145.4042	509.01	514.01
1145.8448	507.97	512.45
1146.4031	510.87	517.78
1146.8462	512.02	516.75
1147.3374	510.14	512.64
1147.7898	507.93	515.37
1148.2920	508.85	515.75
1148.7180	508.92	506.58
1149.0521	509.06	516.24
1149.5053	508.65	509.31
1149.9638	510.78	504.20
1150.3872	509.42	514.19
1150.8519	509.87	513.30
1151.3218	509.83	516.77
1151.7855	508.36	514.01
1152.2845	510.09	503.36
1152.7984	509.78	517.76
1153.2912	509.74	513.65
1153.7903	511.65	509.10
1154.2071	507.00	514.99
1154.5520	510.21	515.32
1155.0328	510.07	511.56
1155.5191	510.72	514.75
1155.9664	509.25	512.96
1156.4390	510.16	515.66
1156.8977	509.18	516.62
1157.3308	510.75	515.23
1157.7628	508.26	519.29
1158.2095	508.14	515.43
1158.5511	513.23	510.75
1159.2318	509.34	515.39
1159.7357	512.58	514.50
1160.2359	510.77	508.40
1160.7450	509.67	516.60
1161.2289	508.83	517.27
1161.5719	508.09	516.83
1162.0238	509.58	515.55
1162.4973	512.63	514.86
1162.9694	507.14	513.30
1163.4665	509.24	511.43
1163.9804	508.77	514.18
1164.4642	509.69	514.75
1164.9625	511.30	514.15
1165.3759	510.64	511.08
1165.8289	509.86	514.35
1166.2953	512.33	515.69
1166.7823	511.71	507.16
1167.2376	511.78	500.48
1167.5691	509.20	511.66
1167.9979	509.95	505.17
1168.4346	508.51	513.21
1168.8853	510.54	511.98
1169.3541	510.99	509.74
1169.8426	509.11	511.83
1170.2707	508.75	514.77
1170.7373	509.22	518.19
1171.2306	512.64	512.89
1171.5671	512.16	502.59
1172.0065	508.79	516.34
1172.4639	509.41	512.82
1172.9593	508.20	513.02
1173.4624	510.66	519.93
1173.9642	511.93	508.30
1174.4344	510.11	508.92
1174.8844	512.30	509.47
1175.3526	509.64	511.09
1175.8420	506.69	520.02
1176.3496	509.73	515.82
1176.8553	508.40	510.76
1177.3508	509.50	513.15
1177.8274	510.08	515.59
1178.2939	509.50	513.57
1178.7741	511.20	511.70
1179.2303	510.63	511.48
1179.5708	511.14	512.11
1180.0327	510.85	515.35
1180.5158	509.47	512.87
1180.9463	508.86	515.15
1181.3856	510.70	509.21
1181.8550	508.57	514.05
1182.3436	508.98	511.71
1182.8533	510.57	509.20
1183.3524	513.16	515.53
1183.8252	513.31	512.15
1184.2618	506.89	514.85
1184.7133	508.70	516.05
1185.0557	509.97	511.99
1185.5323	511.12	516.00
1186.0199	509.82	514.51
1186.4961	510.67	514.15
1186.9683	509.38	511.27
1187.4724	510.52	511.39
1187.9397	513.64	510.36
1188.4687	509.22	512.41
1188.9661	509.28	515.37
1189.4424	509.65	510.03
1189.9047	511.45	510.41
1190.4076	509.55	510.00
1190.9112	509.75	513.21
1191.4049	509.79	512.97
1191.9153	510.37	512.37
1192.4127	509.14	513.90
1192.8895	513.66	508.05
1193.3533	510.21	514.04
1193.8246	511.21	510.40
1194.2668	510.98	506.30
1194.7236	512.81	510.88
1195.0651	509.94	519.21
1195.5206	510.73	512.61
1196.0180	508.03	511.43
1196.4743	511.53	509.56
1196.9461	507.76	516.32
1197.3803	512.28	506.55
1197.8524	508.58	510.88
1198.3494	509.73	514.70
1198.7698	513.95	509.81
1199.2347	511.19	512.13
1199.7284	510.23	510.95
1200.2948	511.87	511.93
1200.7956	511.30	510.01
1201.3445	513.74	516.54
1201.8568	511.40	517.14
1202.3154	513.44	508.50
1202.7443	512.09	510.93
1203.1940	507.40	516.74
1203.5394	508.23	517.49
1203.9980	510.70	512.49
1204.4034	510.98	513.07
1204.8756	508.37	513.66
1205.3794	508.46	512.01
1205.8275	511.13	509.05
1206.2595	511.48	510.80
1206.7090	511.99	513.61
1207.0500	510.38	513.17
1207.4954	511.65	508.15
1207.9366	510.30	509.70
1208.3734	508.78	508.38
1208.8336	510.60	508.01
1209.2551	508.36	511.51
1209.7116	509.62	510.84
1210.0585	511.32	506.21
1210.5022	510.38	508.67
1210.9389	510.63	513.12
1211.3849	512.02	509.91
1211.7852	511.07	512.18
1212.1858	511.00	504.93
1212.5292	512.14	505.02
1212.9932	510.30	504.15
1213.4085	510.95	504.88
1213.8771	512.07	508.35
1214.3218	508.34	514.32
1214.7737	509.47	513.55
1215.2011	511.67	504.09
1215.5448	509.30	504.67
1215.9959	508.80	509.11
1216.4354	506.97	512.45
1216.8783	507.32	507.60
1217.3143	510.68	512.44
1217.7533	509.54	509.18
1218.1847	511.56	508.32
1218.5228	508.45	506.00
1218.9756	510.67	511.81
1219.4113	508.35	511.65
1219.8644	508.67	510.44
1220.3077	510.09	510.82
1220.7650	512.12	505.34
1221.2168	509.03	514.19
1221.5597	509.24	510.73
1222.0137	509.67	510.97
1222.4533	511.04	503.25
1222.8991	509.10	506.74
1223.3323	509.89	509.74
1223.7793	507.13	514.43
1224.1909	509.14	507.04
1224.5327	510.77	509.03
1225.0083	511.64	509.91
1225.4473	511.12	501.10
1225.8929	508.85	514.01
1226.3261	508.78	512.13
1226.7718	512.01	511.70
1227.1931	512.70	503.82
1227.5293	510.05	506.21
1227.9771	508.23	511.19
1228.4180	509.41	502.29
1228.8926	509.51	502.73
1229.3274	506.96	514.93
1229.7707	510.42	510.67
1230.2103	510.11	509.73
1230.5441	510.56	508.48
1230.9851	508.28	509.75
1231.4435	507.70	511.35
1231.8880	511.43	505.72
1232.3246	510.76	508.04
1232.7713	510.60	513.30
1233.2164	510.65	504.38
1233.5571	510.49	505.10
1234.0059	505.85	509.61
1234.4446	509.96	504.76
1234.8638	508.00	508.90
1235.3076	510.46	508.73
1235.7788	509.33	510.74
1236.2183	507.49	510.44
1236.5653	511.84	508.01
1237.0088	510.47	509.40
1237.4444	508.47	511.16
1237.8855	509.04	510.69
1238.2969	507.82	510.16
1238.7605	511.49	507.15
1239.2156	509.11	510.89
1239.5577	509.79	502.96
1239.9948	508.99	507.73
1240.4149	508.78	506.83
1240.8971	510.50	509.50
1241.3069	512.00	503.99
1241.7620	509.45	505.23
1242.2146	510.58	506.70
1242.5573	509.99	511.77
1243.0071	509.82	513.99
1243.4276	510.70	506.37
1243.8989	507.72	510.83
1244.3364	509.24	496.87
1244.8422	508.78	510.97
1245.2706	514.38	504.30
1245.7155	509.17	509.92
1246.0571	511.87	505.21
1246.5070	509.18	504.08
1246.9447	507.05	514.61
1247.3933	509.15	509.82
1247.8309	510.60	497.29
1248.2767	509.44	513.37
1248.7084	509.73	506.29
1249.0530	509.76	505.18
1249.5058	512.03	509.68
1249.9487	511.83	505.83
1250.3863	508.50	504.58
1250.8321	508.22	511.15
1251.2508	508.43	510.28
1251.7081	509.29	508.79
1252.0522	510.07	511.68
1252.5006	505.75	502.28
1252.9327	508.89	509.29
1253.3739	508.21	507.65
1253.8319	507.63	506.62
1254.2819	512.14	506.24
1254.7815	509.64	507.96
1255.2137	509.90	508.14
1255.5582	510.16	506.09
1256.0171	509.41	506.72
1256.4568	508.63	509.18
1256.8657	509.26	506.27
1257.3237	510.25	502.36
1257.7656	510.57	505.80
1258.2093	509.21	510.15
1258.5507	508.31	507.29
1258.9999	510.59	506.04
1259.4229	510.27	508.81
1259.9074	510.17	508.06
1260.3850	510.11	510.05
1260.8322	510.32	507.91
1261.2714	508.77	507.21
1261.6938	510.08	505.68
1262.0287	513.60	510.98
1262.4801	510.93	503.27
1262.9513	509.99	503.36
1263.3885	511.41	507.24
1263.8344	508.02	509.26
1264.2732	510.46	507.23
1264.7266	511.43	508.41
1265.0671	508.16	514.23
1265.4946	511.56	504.37
1266.0025	508.85	508.91
1266.4669	509.14	511.12
1266.9498	508.20	511.28
1267.3804	511.10	505.55
1267.8316	509.02	502.39
1268.2482	511.27	511.85
1268.7074	509.01	513.19
1269.0512	511.04	503.30
1269.5104	509.19	510.97
1269.9472	509.49	503.90
1270.3808	511.76	501.65
1270.8404	512.86	502.76
1271.2741	510.24	506.61
1271.7181	508.51	512.59
1272.0603	511.09	508.38
1272.5057	507.36	507.81
1272.9437	510.32	501.05
1273.3997	510.53	503.98
1273.8768	512.15	502.89
1274.3254	511.86	505.63
1274.7814	509.50	502.14
1275.2163	509.91	507.47
1275.5571	508.49	506.72
1276.0059	509.48	505.28
1276.5124	510.23	508.02
1276.9544	510.43	507.83
1277.3925	510.51	509.30
1277.8367	507.82	511.28
1278.2645	509.70	505.54
1278.7050	510.59	508.33
1279.0482	510.53	504.93
1279.5081	510.63	509.75
1279.9557	511.31	510.84
1280.3931	510.86	505.47
1280.8473	509.89	504.60
1281.3231	508.92	509.97
1281.7503	511.76	505.45
1282.2198	510.76	508.22
1282.5628	508.64	508.30
1283.0119	510.87	504.78
1283.4455	511.07	506.14
1283.8666	507.68	507.50
1284.3331	507.15	505.87
1284.7558	507.53	507.44
1285.2180	509.65	507.74
1285.5601	509.04	507.55
1286.0176	509.82	505.99
1286.4598	512.48	505.55
1286.9030	510.90	508.60
1287.3277	509.08	510.22
1287.7561	510.92	504.82
1288.2251	510.80	512.58
1288.5664	511.34	504.48
1289.0121	506.89	511.90
1289.4554	511.26	504.21
1289.9014	511.53	504.17
1290.3293	506.96	510.01
1290.7607	509.65	505.78
1291.2794	512.80	505.48
1291.7249	509.41	504.42
1292.0599	509.59	505.64
1292.4940	507.85	511.19
1292.9410	509.16	510.04
1293.3955	508.99	512.49
1293.8358	507.99	503.19
1294.2815	509.10	506.59
1294.7169	509.66	507.07
1295.0583	514.34	503.76
1295.4991	508.87	504.66
1295.9387	506.90	508.31
1296.4409	510.53	509.55
1296.8953	508.00	505.77
1297.3355	507.46	500.58
1297.7776	510.31	506.19
1298.2181	510.60	509.20
1298.5614	510.15	508.59
1299.0161	509.45	506.25
1299.4502	511.01	502.28
1299.8883	508.28	506.43
1300.3456	511.79	506.32
1300.7568	510.24	506.27
1301.2145	509.90	509.00
1301.5537	508.11	514.37
1301.9925	508.64	501.75
1302.4309	508.73	505.90
1302.8795	508.23	505.88
1303.3058	509.94	499.87
1303.7515	511.25	506.25
1304.2136	511.49	505.59
1304.5626	509.35	504.41
1304.9868	511.19	503.82
1305.4307	509.36	504.89
1305.8974	511.24	505.06
1306.3118	507.53	510.78
1306.7803	508.39	510.05
1307.2761	511.38	502.28
1307.7230	506.61	511.31
1308.0296	510.16	506.04
1308.4951	507.69	506.10
1308.9570	508.88	502.48
1309.3623	509.58	509.32
1309.8092	508.48	506.81
1310.2580	508.40	504.24
1310.7076	514.14	505.70
1311.0488	509.59	505.20
1311.4972	509.94	499.85
1311.9592	512.15	502.42
1312.4383	511.43	506.53
1312.8926	509.70	501.73
1313.3222	510.94	506.00
1313.7653	510.85	508.47
1314.2191	510.01	505.42
1314.5612	513.22	508.12
1315.0072	509.19	503.46
1315.4158	509.40	505.38
1315.8613	510.25	500.58
1316.3082	509.86	508.43
1316.7708	510.75	509.01
1317.2202	509.67	508.72
1317.5582	510.07	497.25
1318.0126	510.87	503.48
1318.4204	507.00	507.35
1318.8918	511.83	502.37
1319.3362	512.07	501.17
1319.7660	510.52	510.24
1320.1927	510.49	500.59
1320.5385	511.62	502.21
1321.0075	510.35	506.83
1321.4323	507.71	501.43
1321.8967	511.29	507.89
1322.3217	511.25	506.68
1322.7860	507.82	510.96
1323.2012	512.52	503.56
1323.5460	510.12	502.96
1324.0175	510.13	504.60
1324.4613	510.56	506.29
1324.9486	507.59	511.07
1325.3736	510.61	498.56
1325.8382	509.71	501.26
1326.2516	508.43	507.03
1326.7228	510.27	505.70
1327.2214	511.52	507.04
1327.5593	511.23	499.32
1328.0028	510.60	504.15
1328.4578	508.13	503.04
1328.9473	509.19	501.42
1329.3873	507.56	510.62
1329.8441	511.02	504.03
1330.3447	509.17	504.31
1330.8414	510.35	504.20
1331.2501	510.07	504.33
1331.7071	509.39	505.40
1332.0505	511.94	510.28
1332.5001	509.42	504.99
1332.9237	512.16	505.35
1333.3680	510.50	501.15
1333.8044	510.64	502.86
1334.2510	510.78	506.59
1334.7261	509.03	510.53
1335.0578	511.31	507.85
1335.4854	509.90	504.64
1335.9525	509.67	502.97
1336.4293	511.24	504.97
1336.8989	509.40	501.61
1337.3166	509.06	504.75
1337.7739	510.34	500.60
1338.2213	509.16	509.10
1338.5601	509.43	501.66
1339.0209	508.41	505.57
1339.5578	513.33	510.18
1340.0541	515.49	511.53
1340.5082	505.08	510.77
1340.9316	510.47	504.18
1341.3846	510.34	502.64
1341.8205	509.17	505.48
1342.2747	507.51	506.55
1342.7042	510.54	505.25
1343.0378	510.92	513.14
1343.4769	511.35	502.09
1343.9327	511.28	505.55
1344.3849	509.61	501.41
1344.8190	506.00	510.34
1345.2635	508.96	503.94
1345.7239	510.79	501.83
1346.0625	510.81	503.27
1346.5142	507.18	516.51
1346.9631	511.14	500.97
1347.4488	510.49	500.73
1347.8670	510.75	505.84
1348.3165	511.09	495.05
1348.7529	508.70	512.93
1349.2088	510.63	506.93
1349.5431	509.82	510.85
1349.9918	509.15	499.49
1350.4228	508.73	502.37
1350.9003	508.50	508.72
1351.3866	510.01	508.11
1351.8436	510.67	506.60
1352.2857	508.91	504.87
1352.7756	509.13	503.30
1353.2239	511.84	502.38
1353.5654	510.38	501.61
1354.0152	511.89	505.65
1354.5078	510.11	499.00
1354.9471	509.39	499.95
1355.3649	510.39	501.68
1355.8081	507.11	511.21
1356.2766	510.35	502.26
1356.7182	510.65	500.54
1357.0508	508.47	501.95
1357.4807	509.71	498.86
1357.9219	510.66	507.90
1358.3888	507.12	491.91
1358.8401	506.74	511.73
1359.2554	509.94	499.44
1359.7273	509.22	500.78
1360.2190	508.41	511.57
1360.5557	511.33	500.61
1361.0107	509.53	506.09
1361.4566	511.84	502.43
1361.9564	508.15	506.59
1362.4485	510.01	502.76
1362.8694	510.15	493.86
1363.3174	509.61	506.25
1363.7608	510.42	506.44
1364.2289	510.08	504.55
1364.5682	508.76	505.48
1365.0159	510.71	499.46
1365.5436	509.13	510.91
1366.0221	510.64	519.25
1366.5013	509.34	509.87
1366.9254	508.96	506.98
1367.3913	512.74	508.83
1367.8326	512.50	504.64
1368.2731	512.17	500.79
1368.7171	510.77	500.34
1369.0499	509.23	501.32
1369.4887	509.79	500.86
1369.9492	509.79	503.92
1370.3782	509.00	500.27
1370.8187	510.35	502.68
1371.2622	508.47	506.13
1371.7221	508.76	506.34
1372.0556	511.93	503.57
1372.4948	509.80	501.82
1372.9593	510.13	500.10
1373.4519	511.66	503.49
1373.8624	510.10	499.41
1374.3088	510.79	509.13
1374.7948	512.20	510.69
1375.2820	510.71	508.49
1375.7264	513.19	507.12
1376.0585	510.64	509.21
1376.4802	509.91	495.71
1376.9632	510.41	496.91
1377.4487	511.11	499.45
1377.8734	512.67	504.63
1378.3182	515.08	502.52
1378.7774	510.35	506.45
1379.1936	511.30	499.01
1379.5376	510.13	502.59
1380.0214	510.57	503.34
1380.5089	510.35	498.44
1380.9353	510.77	505.12
1381.3921	511.36	508.39
1381.8408	509.88	502.41
1382.3351	510.80	505.45
1382.7822	511.16	500.95
1383.2256	510.56	502.73
1383.5673	511.11	498.96
1384.0200	509.31	504.88
1384.5049	508.89	508.14
1384.9570	507.01	502.08
1385.3726	512.18	508.61
1385.8416	505.90	504.05
1386.2772	510.97	505.40
1386.7211	512.35	500.75
1387.0627	510.76	501.77
1387.5194	511.08	499.43
1387.9368	507.94	504.71
1388.4056	508.76	504.38
1388.8506	509.88	503.62
1389.2593	507.82	500.36
1389.7360	511.25	504.15
1390.0760	511.04	504.18
1390.5275	508.62	498.44
1391.0098	511.13	502.14
1391.4664	507.16	503.70
1391.8923	510.31	505.20
1392.3528	510.82	500.19
1392.7876	512.35	503.04
1393.2088	507.85	502.57
1393.5515	508.16	501.53
1394.0334	508.72	504.58
1394.5186	511.19	499.94
1394.9389	509.34	504.57
1395.4142	507.50	505.45
1395.9008	510.15	504.02
1396.3518	511.19	501.01
1396.7633	512.04	502.35
1397.2294	510.21	505.87
1397.5642	510.75	503.95
1398.0073	506.57	503.92
1398.4646	503.19	506.75
1398.9156	511.94	497.66
1399.4052	509.00	496.35
1399.8987	512.32	503.22
1400.3436	510.39	497.37
1400.7705	510.79	510.87
1401.2359	511.19	503.63
1401.5705	513.78	497.37
1402.0141	512.86	511.09
1402.4562	507.79	504.30
1402.9035	506.54	502.82
1403.3498	511.57	508.20
1403.7646	510.95	494.25
1404.2468	508.98	490.77
1404.7335	514.46	498.81
1405.0727	510.37	499.55
1405.5205	510.11	503.54
1405.9459	506.90	504.47
1406.3720	510.66	498.23
1406.8571	510.66	496.70
1407.3269	512.15	500.37
1407.7771	510.55	499.80
1408.2443	509.16	499.51
1408.7485	509.56	500.27
1409.2330	511.12	499.73
1409.5666	508.69	497.01
1410.0071	510.33	501.44
1410.4321	508.47	500.84
1410.8810	510.40	502.45
1411.3504	508.76	500.64
1411.7766	509.12	501.81
1412.2405	512.20	497.58
1412.5712	511.84	497.14
1413.0029	507.13	509.78
1413.5210	512.65	507.82
1413.9665	510.34	509.88
1414.4566	507.79	501.38
1414.9100	510.94	503.46
1415.3863	508.47	501.80
1415.8477	509.98	502.22
1416.3451	509.96	496.73
1416.7993	508.79	505.23
1417.2693	512.04	501.14
1417.7231	510.30	498.31
1418.0636	509.14	501.64
1418.5185	511.14	498.86
1418.9697	507.19	499.27
1419.4691	512.45	499.40
1419.9671	509.51	504.70
1420.4716	510.27	505.04
1420.9598	509.62	499.51
1421.3906	511.18	501.98
1421.8578	508.56	503.63
1422.3600	509.16	503.66
1422.8171	511.83	503.74
1423.2823	510.55	504.87
1423.7469	510.07	504.02
1424.2201	510.44	506.67
1424.5638	510.92	500.81
1425.0310	508.30	497.33
1425.4956	512.07	501.82
1425.9625	510.57	499.69
1426.3774	507.84	499.63
1426.8251	510.54	496.78
1427.2914	512.21	497.30
1427.7128	507.96	507.80
1428.0439	511.78	497.70
1428.4986	510.51	499.01
1429.1043	511.20	502.71
1429.5641	508.30	505.26
1430.0299	509.91	495.06
1430.5132	508.80	497.32
1430.9426	505.59	503.89
1431.4154	510.87	503.14
1431.9093	509.07	501.77
1432.4165	510.13	504.32
1432.9158	509.65	497.85
1433.4017	512.09	497.90
1433.8533	510.57	500.93
1434.3223	510.82	503.52
1434.7864	509.30	503.91
1435.4511	510.90	502.49
1435.9184	510.16	501.00
1436.4015	510.61	492.08
1436.8395	510.25	498.90
1437.2909	512.89	500.60
1437.7474	512.59	496.58
1438.3622	514.99	501.17
1438.8479	509.98	500.18
1439.3566	510.59	503.74
1439.8611	509.60	500.20
1440.3574	510.87	504.84
1440.8569	509.85	502.58
1441.3540	509.16	503.68
1441.8566	506.31	502.49
1442.3460	512.21	508.82
1442.7715	509.73	502.46
1443.2404	512.77	507.28
1443.7378	510.83	504.93
1444.2394	511.39	504.17
1444.7418	513.71	496.71
1445.2174	510.32	498.62
1445.5597	511.33	500.72
1446.0396	507.56	501.37
1446.5291	513.21	498.94
1446.9984	512.42	508.10
1447.4336	512.34	497.36
1447.9062	509.51	494.70
1448.4072	514.44	498.26
1448.9120	510.93	499.54
1449.4136	510.54	501.71
1449.9033	513.33	493.80
1450.3567	508.90	497.94
1450.8542	512.34	493.96
1451.3498	511.38	501.10
1451.8577	508.97	511.95
1452.3454	510.79	507.62
1452.8020	510.26	496.77
1453.2977	511.17	503.68
1453.8075	509.56	505.37
1454.2787	511.20	504.12
1454.7151	508.74	497.49
1455.0595	513.58	497.13
1455.5231	514.37	511.45
1456.0104	513.22	501.77
1456.4746	508.85	512.66
1456.9504	508.75	498.80
1457.4048	511.04	498.91
1457.8259	510.21	496.30
1458.2993	510.96	500.22
1458.7974	513.67	504.14
1459.3007	511.32	501.47
1459.7660	510.93	498.83
1460.2383	511.11	506.38
1460.7155	507.10	509.42
1461.0574	510.24	500.27
1461.5277	511.57	498.06
1462.2395	510.60	498.53
1462.8554	512.04	489.99
1463.3365	512.70	498.99
1463.8068	512.57	501.20
1464.2648	512.87	495.64
1464.7436	514.57	503.39
1465.2431	512.25	498.00
1465.7419	511.96	496.93
1466.2360	508.80	498.76
1466.7461	511.83	509.29
1467.2382	513.85	498.93
1467.7394	511.68	499.76
1468.2432	512.09	502.77
1468.7223	510.57	502.73
1469.0558	513.19	501.50
1469.5043	509.51	501.71
1469.9765	510.74	495.97
1470.5149	513.14	495.07
1470.9592	512.66	497.69
1471.4154	510.90	508.00
1471.8917	507.12	504.03
1472.3507	511.48	496.08
1472.8565	511.93	501.04
1473.3461	509.82	497.70
1473.7972	509.04	508.08
1474.2873	511.77	499.59
1474.7830	515.04	495.21
1475.2933	513.93	499.47
1475.7957	513.05	510.48
1476.2961	509.43	502.12
1476.7944	512.14	501.30
1477.2852	510.44	500.23
1477.7919	514.05	507.95
1478.2911	511.03	503.42
1478.7687	505.77	504.75
1479.2275	513.20	500.48
1479.5665	510.08	504.31
1480.0182	512.65	509.14
1480.4893	506.67	507.60
1480.9415	508.98	496.75
1481.4026	513.30	489.35
1481.8506	512.63	506.12
1482.3503	514.54	494.36
1482.8437	511.97	498.06
1483.3457	512.61	502.12
1483.8517	511.15	501.68
1484.3594	512.61	494.88
1484.8601	511.32	494.73
1485.3435	510.51	494.07
1485.9121	512.83	499.69
1486.4164	508.92	499.71
1486.8973	510.46	522.94
1487.3518	514.68	517.01
1487.8032	514.86	504.92
1488.3105	512.80	528.70
1488.7975	513.09	534.40
1489.3044	514.28	513.31
1489.7903	516.00	520.46
1490.2491	513.18	510.09
1490.7457	516.30	525.49
1491.2547	516.31	527.07
1491.7449	518.19	524.43
1492.2438	514.83	525.58
1492.7418	512.75	517.06
1493.2380	511.73	496.72
1493.7548	513.00	511.10
1494.2385	513.45	504.71
1494.5761	514.31	531.39
1495.0129	510.12	522.22
1495.4575	514.62	515.50
1495.9222	511.17	527.30
1496.4115	510.27	504.98
1496.9193	510.24	508.61
1497.4142	513.91	505.76
1497.8397	514.14	505.00
1498.3091	507.72	496.90
1498.8045	510.44	494.32
1499.3012	509.45	500.52
1499.8047	515.35	509.34
1500.3026	512.84	499.17
1500.8043	512.03	506.06
1501.3039	510.61	496.37
1501.7313	515.51	501.84
1502.0700	511.92	507.86
1502.5061	512.05	507.18
1502.9591	505.96	508.85
1503.3829	512.30	499.07
1503.8356	512.48	501.47
1504.2740	509.46	506.19
1504.6973	510.82	500.87
1505.0421	516.94	503.98
1505.5045	510.41	492.38
1505.9434	508.20	507.69
1506.3837	510.70	490.09
1506.8334	511.82	499.98
1507.2792	513.03	501.58
1507.7002	509.43	494.44
1508.0423	514.15	492.11
1508.5015	511.45	503.41
1508.9418	512.23	492.92
1509.3946	512.22	509.47
1509.8296	512.43	504.38
1510.2795	512.31	501.15
1510.7228	512.89	491.63
1511.0657	513.18	509.43
1511.5013	513.04	493.17
1511.9283	508.59	503.40
1512.3765	511.42	495.40
1512.8110	508.38	504.96
1513.2659	508.61	499.52
1513.7040	510.54	499.45
1514.0147	510.92	502.60
1514.4146	510.02	493.37
1514.8098	513.26	496.05
1515.2132	510.64	500.67
1515.5399	514.25	499.30
1516.0132	511.39	502.46
1516.4227	509.26	522.34
1516.8626	514.43	499.59
1517.3359	513.13	512.53
1517.7573	514.09	503.49
1518.2205	510.20	500.20
1518.5614	511.75	492.75
1518.9981	510.74	498.99
1519.4491	511.42	498.10
1519.9634	512.47	498.70
1520.3871	511.66	498.09
1520.8341	511.42	502.72
1521.2798	513.84	513.00
1521.7127	508.63	499.10
1522.0404	514.12	494.71
1522.4718	509.40	509.54
1522.9041	512.01	503.62
1523.3254	509.17	496.90
1523.7487	510.98	510.42
1524.2167	514.34	522.03
1524.5559	510.73	501.69
1525.0119	516.15	498.18
1525.4611	506.65	498.44
1525.9553	513.35	513.14
1526.3933	515.70	497.26
1526.8349	510.95	519.73
1527.2794	514.69	522.47
1527.7251	510.30	502.13
1528.0661	512.26	499.35
1528.5181	511.69	491.14
1528.9415	510.47	496.03
1529.3540	511.95	496.66
1529.7558	508.83	499.70
1530.2249	513.72	529.04
1530.5657	514.08	499.96
1531.0120	509.50	507.46
1531.4568	508.61	497.32
1531.8848	513.52	498.65
1532.3213	517.13	503.89
1532.7545	515.85	505.31
1533.2291	515.78	506.27
1533.5684	517.99	517.82
1534.0142	514.19	527.97
1534.4615	515.55	513.64
1534.9431	515.01	525.56
1535.3915	513.63	503.17
1535.8465	516.93	528.37
1536.3364	513.69	520.10
1536.7762	516.34	515.82
1537.2251	514.25	512.80
1537.5741	517.71	521.12
1538.0110	510.93	515.08
1538.4281	513.42	516.40
1538.8840	515.01	514.50
1539.3384	510.61	520.94
1539.7813	511.63	515.50
1540.2311	514.58	500.92
1540.5657	513.46	493.84
1540.9963	511.71	520.71
1541.4354	514.05	518.88
1541.8943	513.13	504.01
1542.3288	513.64	499.29
1542.7816	514.62	513.38
1543.2286	514.94	523.85
1543.5686	508.52	510.46
1544.0158	514.51	489.84
1544.4529	514.01	523.05
1544.8658	514.39	517.33
1545.3274	513.18	510.85
1545.7567	517.23	496.44
1546.2314	514.10	518.32
1546.5718	516.23	516.52
1547.0185	513.61	510.88
1547.4479	514.85	533.27
1547.8680	514.70	525.25
1548.2996	513.42	527.00
1548.7778	512.99	507.93
1549.2212	514.24	498.00
1549.5621	513.93	497.11
1550.0115	514.24	512.64
1550.4500	512.64	502.92
1550.8993	512.95	499.13
1551.3390	510.08	512.64
1551.7749	514.68	499.43
1552.2217	512.88	496.83
1552.5577	513.16	490.36
1553.0145	514.65	503.62
1553.4561	513.88	502.14
1553.8780	508.96	497.20
1554.3374	510.91	492.40
1554.7790	511.60	497.39
1555.2275	514.09	508.52
1555.5680	512.99	491.20
1556.0167	512.73	500.24
1556.4453	511.76	504.42
1556.8908	512.33	492.09
1557.3414	511.38	493.84
1557.7847	513.63	494.84
1558.2327	510.85	492.30
1558.5736	512.42	498.28
1559.0260	513.53	496.60
1559.5085	515.65	501.11
1559.9600	513.33	497.16
1560.4520	508.95	498.17
1560.8899	514.90	499.72
1561.3358	512.87	497.62
1561.7919	515.03	497.93
1562.2791	516.75	502.37
1562.7320	513.11	495.91
1563.0724	514.17	504.89
1563.5087	514.30	519.79
1563.9192	511.39	500.56
1564.3623	516.02	511.00
1564.8225	513.94	525.68
1565.2681	514.91	501.31
1565.7217	512.76	502.01
1566.0625	514.99	499.75
1566.5050	508.54	502.43
1566.9316	513.19	498.82
1567.3974	515.47	513.76
1567.8187	512.14	520.01
1568.2534	517.28	509.68
1568.7266	511.10	499.75
1569.2217	511.62	499.31
1569.5618	514.19	498.03
1569.9987	511.14	501.75
1570.4572	513.53	499.51
1570.8762	512.45	501.41
1571.3373	512.58	507.08
1571.7806	514.58	522.07
1572.2186	514.63	530.93
1572.5593	510.90	498.70
1573.0157	511.99	496.98
1573.4518	515.57	513.33
1573.9057	517.00	505.68
1574.3111	511.62	512.00
1574.7806	513.62	514.06
1575.1989	514.52	520.50
1575.5401	510.68	496.65
1576.0115	511.75	516.54
1576.4503	511.05	496.70
1576.9514	513.40	498.57
1577.3924	513.08	500.16
1577.8435	510.83	502.18
1578.2735	510.16	495.34
1578.7087	512.07	496.95
1579.0512	512.74	499.08
1579.5154	513.10	495.64
1579.9555	512.40	496.83
1580.3951	510.70	495.77
1580.8311	512.89	493.13
1581.2778	513.82	495.68
1581.7386	512.30	497.05
1582.0678	512.86	499.50
1582.4887	511.29	496.03
1582.9241	514.01	499.54
1583.3914	510.07	497.56
1583.8467	512.59	500.82
1584.3301	510.48	496.43
1584.7627	510.65	497.31
1585.2249	512.61	496.75
1585.5519	513.12	494.34
1585.9843	514.29	500.45
1586.4210	511.06	495.78
1586.8950	516.41	494.51
1587.3911	511.26	498.17
1587.8484	509.68	503.77
1588.3374	513.10	499.20
1588.7830	510.64	496.04
1589.2330	512.45	496.76
1589.7188	517.06	494.11
1590.0593	515.39	492.80
1590.5144	512.83	500.61
1590.9541	512.16	496.18
1591.4012	512.22	495.97
1591.8422	512.14	498.55
1592.3450	513.44	493.73
1592.7823	510.61	496.46
1593.2219	510.99	495.51
1593.5639	513.55	497.33
1594.0176	513.15	492.93
1594.5018	510.74	498.02
1594.9410	508.43	500.72
1595.3647	513.71	490.42
1595.8126	514.78	499.53
1596.2779	513.62	494.82
1596.7010	514.60	520.40
1597.0431	511.95	497.78
1597.4942	513.74	498.47
1597.9221	514.72	506.54
1598.3935	513.20	496.63
1598.8344	512.46	499.35
1599.2853	518.30	503.36
1599.7287	513.06	491.22
1600.0676	512.28	502.11
1600.5015	513.64	493.74
1600.9175	512.41	495.97
1601.3653	514.01	501.15
1601.8289	512.63	497.88
1602.3145	514.79	495.48
1602.7939	511.41	496.80
1603.1980	514.36	499.35
1603.5274	515.30	491.70
1603.9736	514.28	495.55
1604.4265	512.15	492.71
1604.9040	511.16	499.34
1605.3902	514.46	501.84
1605.8490	510.81	498.01
1606.3601	508.60	496.02
1606.8347	512.47	494.37
1607.2872	513.34	497.98
1607.7061	515.02	494.49
1608.0482	515.75	500.18
1608.5135	513.64	493.20
1608.9560	511.22	498.10
1609.3713	512.63	495.48
1609.8309	512.95	493.36
1610.2535	515.58	495.93
1610.7276	514.79	494.44
1611.0658	510.52	487.88
1611.4985	510.48	499.37
1611.9659	511.87	497.51
1612.4507	510.86	496.70
1612.9018	511.77	493.96
1613.3959	512.50	504.43
1613.8432	514.91	514.84
1614.2737	510.98	491.60
1614.7278	516.68	496.36
1615.0679	512.47	496.00
1615.5205	516.81	497.47
1616.0130	512.41	502.95
1616.4520	511.90	492.89
1616.9082	512.47	497.46
1617.3987	512.14	491.97
1617.8404	516.82	500.33
1618.2626	514.55	495.93
1618.7244	512.64	507.82
1619.0638	516.05	505.90
1619.5036	515.01	539.62
1619.9193	513.58	500.21
1620.3888	513.55	517.48
1620.8524	516.42	510.45
1621.3359	514.33	515.37
1621.7807	510.41	499.13
1622.2250	510.59	495.53
1622.5662	511.63	493.18
1623.0094	511.81	498.90
1623.4192	514.02	497.48
1623.8700	510.01	491.93
1624.3371	510.88	495.00
1624.7760	511.62	498.57
1625.2129	512.92	493.63
1625.5414	511.17	500.24
1625.9912	511.63	498.27
1626.4439	513.08	501.80
1626.8735	512.60	506.11
1627.3375	514.71	502.40
1627.7682	512.30	501.03
1628.2258	513.56	501.22
1628.5629	514.10	498.20
1628.9932	515.95	514.11
1629.4190	513.27	497.36
1629.8937	516.43	509.58
1630.3420	512.84	489.06
1630.7804	512.83	498.68
1631.2231	510.56	499.40
1631.5625	511.48	497.79
1632.0212	511.13	496.19
1632.4996	513.13	502.50
1632.9403	514.46	515.52
1633.3971	512.47	504.50
1633.8348	517.03	498.38
1634.2518	514.47	507.03
1634.7221	515.56	506.98
1635.0554	512.15	488.48
1635.4811	512.63	502.80
1635.9504	514.18	496.80
1636.3956	511.69	500.95
1636.8320	513.53	496.34
1637.2578	515.29	497.65
1637.7191	514.53	491.58
1638.0488	512.46	497.42
1638.4870	512.64	497.91
1638.9576	514.34	496.01
1639.5127	515.60	502.03
1639.9642	517.59	508.81
1640.4494	511.03	499.01
1640.8965	516.61	515.07
1641.3379	512.16	501.69
1641.7912	514.29	499.69
1642.2747	515.51	494.77
1642.7281	513.03	502.16
1643.2266	513.22	497.80
1643.5651	515.13	509.81
1644.0202	515.40	493.00
1644.5194	514.34	498.00
1644.9695	513.40	497.32
1645.4332	515.39	499.32
1645.8877	513.77	498.84
1646.3380	509.69	493.49
1646.7550	514.65	493.52
1647.1999	512.71	495.76
1647.5405	513.31	491.49
1648.0114	513.72	503.57
1648.5120	513.03	496.41
1648.9547	514.88	495.19
1649.4536	515.06	497.66
1649.8758	514.48	501.57
1650.3111	512.91	494.74
1650.7909	515.23	494.66
1651.2804	515.70	518.71
1651.7245	515.94	498.89
1652.0665	515.45	520.98
1652.5208	518.11	524.19
1653.0166	513.93	531.37
1653.5104	516.27	499.14
1653.9633	513.59	488.00
1654.4503	515.52	538.01
1654.9015	513.39	513.87
1655.3413	511.75	507.07
1655.7751	519.21	515.77
1656.2151	517.22	513.16
1656.5564	515.60	532.44
1657.0281	516.71	505.78
1657.5246	513.06	497.88
1657.9435	514.92	508.97
1658.3750	516.35	509.19
1658.8601	517.56	498.23
1659.3473	516.74	492.54
1659.7888	513.25	501.54
1660.2406	511.73	497.01
1660.7335	513.97	499.12
1661.0725	512.87	497.68
1661.5215	514.52	500.70
1661.9632	513.95	500.70
1662.3887	513.54	505.50
1662.8195	515.73	496.97
1663.2899	513.14	494.92
1663.7368	515.28	498.07
1664.2314	516.15	492.84
1664.5699	517.58	511.92
1665.0361	520.08	501.02
1665.5225	514.58	516.14
1665.9668	517.53	501.74
1666.3856	511.35	503.71
1666.8744	510.85	494.32
1667.3433	515.83	500.56
1667.7902	512.15	504.44
1668.2405	513.14	494.15
1668.7334	514.24	494.80
1669.0739	512.88	498.22
1669.5373	515.94	500.38
1670.0761	514.48	504.68
1670.5286	513.62	494.80
1671.0156	515.28	523.57
1671.4352	516.41	505.02
1671.9004	515.28	508.61
1672.3481	514.71	497.41
1672.7962	512.64	503.29
1673.2890	516.82	522.15
1673.7203	517.84	507.83
1674.0626	514.82	522.15
1674.5256	518.71	516.25
1675.0191	512.62	494.04
1675.4649	515.56	498.39
1675.8944	515.89	509.04
1676.3500	512.40	498.13
1676.7867	514.72	500.43
1677.2420	512.56	494.33
1677.7378	516.14	519.32
1678.2467	512.60	495.60
1678.7281	515.71	504.09
1679.0726	512.27	501.91
1679.5110	513.70	494.13
1679.9458	514.76	499.02
1680.3987	515.40	503.65
1680.8554	514.40	494.73
1681.3459	514.25	496.42
1681.8391	517.23	502.55
1682.2966	513.80	513.14
1682.7996	514.50	492.19
1683.2942	516.66	497.65
1683.8493	512.13	497.36
1684.3576	515.06	496.92
1684.8592	514.61	486.57
1685.3469	512.38	502.09
1685.8393	515.43	516.80
1686.2857	513.52	492.06
1686.7360	513.93	500.98
1687.2407	515.18	516.38
1687.7393	517.38	498.24
1688.2296	516.89	497.93
1688.5711	515.05	490.13
1689.0372	513.77	493.74
1689.5069	515.53	500.68
1689.9376	513.10	494.29
1690.4149	513.28	505.05
1690.9081	514.31	500.21
1691.4001	515.62	497.95
1691.8684	515.04	499.96
1692.3508	512.93	491.00
1692.8461	512.56	497.55
1693.3017	515.07	493.96
1693.7785	515.35	494.66
1694.2294	514.56	505.08
1694.5651	512.45	494.93
1695.0134	514.90	495.41
1695.4621	516.15	494.28
1695.8766	514.44	500.99
1696.3234	517.42	499.11
1696.8023	513.79	500.46
1697.2882	515.59	504.18
1697.7125	517.57	489.85
1698.0451	514.22	497.24
1698.4999	512.17	492.13
1698.9620	514.87	495.54
1699.3765	515.24	492.41
1699.8183	511.99	495.05
1700.2683	512.09	495.88
1700.7376	514.64	494.15
1701.0661	514.73	503.07
1701.4935	512.44	494.19
1701.9391	514.62	501.94
1702.4141	514.83	498.21
1702.8914	515.41	491.76
1703.3290	515.26	492.31
1703.7827	511.95	492.71
1704.2401	513.62	492.76
1704.7380	514.06	500.06
1705.0656	515.14	495.41
1705.5000	515.65	507.03
1705.9738	513.01	505.86
1706.4580	512.92	504.60
1706.8745	513.64	493.78
1707.3279	513.25	504.00
1707.8378	515.52	492.14
1708.2974	515.86	497.82
1708.7930	515.70	498.70
1709.2889	514.85	501.54
1709.7440	514.38	498.27
1710.2367	512.79	501.25
1710.7389	515.96	490.97
1711.2387	512.09	496.46
1711.7363	515.05	502.23
1712.2330	517.07	503.54
1712.5687	515.19	498.20
1713.0051	514.90	492.25
1713.4356	514.46	502.66
1713.9129	512.92	492.36
1714.4053	516.57	495.18
1714.8423	514.63	501.59
1715.2770	513.55	489.56
1715.7404	519.53	497.85
1716.2353	517.71	494.52
1716.7334	515.09	501.52
1717.0700	512.66	495.26
1717.4977	513.32	498.87
1718.0277	515.22	498.92
1718.5185	517.33	503.15
1718.9649	513.12	495.92
1719.3858	516.91	497.24
1719.8516	518.42	518.72
1720.3506	516.75	517.46
1720.7756	513.98	506.57
1721.2322	510.66	509.25
1721.5725	516.89	516.05
1722.0280	518.44	519.02
1722.5247	517.51	508.17
1723.0302	519.68	515.50
1723.5249	517.58	516.49
1723.9781	516.39	502.60
1724.4712	513.46	502.57
1724.9663	515.75	499.47
1725.3808	512.00	502.12
1725.8520	515.14	497.88
1726.3538	516.27	497.22
1726.8641	514.03	510.61
1727.3485	514.52	504.21
1727.7697	515.91	499.41
1728.2152	518.79	492.00
1728.5519	519.22	491.09
1729.0023	516.57	499.06
1729.4628	514.93	504.33
1729.9698	514.59	499.24
1730.4665	513.21	497.67
1730.9766	515.40	496.72
1731.4748	518.46	498.54
1731.9646	516.97	503.78
1732.3901	513.76	493.38
1732.8598	511.27	502.54
1733.4127	513.94	492.85
1733.9094	514.15	491.74
1734.4135	514.76	490.99
1734.9067	515.35	495.50
1735.4061	515.82	497.44
1735.8288	514.34	499.79
1736.2953	515.45	499.38
1736.7224	513.94	496.78
1737.0634	515.60	511.61
1737.5206	514.21	490.92
1737.9724	515.93	493.36
1738.4331	514.64	499.38
1738.9041	515.96	494.78
1739.3562	513.85	498.03
1739.8576	514.42	499.68
1740.3433	513.03	491.47
1740.7843	514.96	496.42
1741.2207	515.22	492.97
1741.5624	517.76	496.91
1742.0366	519.41	505.04
1742.5155	515.28	490.31
1742.9361	515.04	495.35
1743.3844	514.27	504.25
1743.8189	518.21	504.00
1744.2691	515.80	512.32
1744.7432	515.64	492.18
1745.2397	514.59	501.62
1745.7387	521.11	489.98
1746.2355	513.54	494.75
1746.7372	515.90	493.70
1747.2382	514.82	487.47
1747.5653	513.58	494.70
1748.0027	515.13	499.65
1748.4496	516.70	491.59
1748.9210	517.44	507.00
1749.3985	514.44	520.74
1749.8532	517.24	510.70
1750.3593	516.28	505.85
1750.8310	513.09	524.78
1751.2983	517.30	522.90
1751.7985	514.40	509.84
1752.2933	514.24	504.51
1752.7963	514.51	515.19
1753.2918	513.91	521.21
1753.7313	516.32	522.40
1754.2423	514.50	499.37
1754.7383	513.70	503.37
1755.2384	518.16	514.37
1755.5682	515.33	493.53
1756.0093	515.37	512.28
1756.4591	515.38	498.88
1756.9142	514.28	498.75
1757.4398	517.50	521.78
1757.9067	516.19	512.99
1758.3348	510.99	501.69
1758.7706	516.72	511.18
1759.2363	516.00	508.40
1759.5679	514.98	506.22
1760.0365	517.78	518.23
1760.5205	516.81	499.40
1760.9945	514.04	496.01
1761.4410	518.91	512.39
1761.9124	514.87	496.94
1762.4695	514.21	509.04
1762.9616	517.07	507.55
1763.3809	516.95	502.85
1763.8546	516.70	502.92
1764.3471	514.59	491.84
1764.7767	515.48	503.40
1765.2512	520.86	539.82
1765.7381	520.87	534.40
1766.2383	515.72	499.27
1766.7233	516.66	513.56
1767.0639	516.83	540.02
1767.5340	516.37	496.93
1768.0335	517.57	504.87
1768.5203	516.06	501.74
1769.0060	515.95	491.63
1769.4674	517.27	512.16
1769.9754	516.55	517.08
1770.4606	516.23	511.81
1770.8899	522.18	526.44
1771.3489	520.09	529.11
1771.7778	518.01	528.21
1772.2189	518.30	508.81
1772.5593	514.81	539.77
1773.0355	515.09	530.59
1773.5135	518.69	540.77
1773.9504	518.06	527.87
1774.4088	519.15	515.59
1774.8946	516.23	502.84
1775.3583	515.27	493.13
1775.8259	515.39	518.29
1776.2706	519.12	531.62
1776.7439	517.30	499.81
1777.2357	516.02	508.85
1777.7404	517.84	498.26
1778.2437	515.78	519.54
1778.7207	519.52	540.68
1779.0617	518.03	517.75
1779.5281	512.22	504.57
1780.0261	518.35	526.88
1780.5315	516.61	497.83
1781.0111	514.73	503.84
1781.4534	515.81	499.97
1781.8826	517.27	490.74
1782.3269	518.55	498.87
1782.7760	517.13	500.33
1783.2413	514.18	503.95
1783.7261	518.95	497.80
1784.0535	517.62	523.20
1784.5011	520.37	508.74
1784.9786	513.50	509.91
1785.4624	517.83	509.90
1785.8831	516.92	497.84
1786.3650	518.70	518.81
1786.8412	521.64	528.20
1787.3391	516.16	498.26
1787.7734	515.41	511.39
1788.2419	516.84	514.19
1788.7399	520.46	528.85
1789.2432	514.11	501.49
1789.7336	519.13	521.75
1790.2387	516.12	492.50
1790.7394	516.30	508.13
1791.0658	519.49	500.29
1791.4934	514.94	493.15
1791.9461	518.21	511.22
1792.4032	515.84	507.71
1792.9111	517.37	511.45
1793.4140	515.69	493.00
1793.9160	516.41	494.58
1794.4052	515.22	505.23
1794.8247	515.35	488.24
1795.2858	515.75	503.10
1795.7372	514.40	504.72
1796.2489	514.64	506.67
1796.7322	515.70	504.80
1797.2354	517.16	505.34
1797.7432	518.14	510.42
1798.2746	521.33	515.72
1798.7364	516.89	512.03
1799.3055	516.45	509.15
1799.7938	516.31	497.44
1800.2967	519.44	499.32
1800.8047	517.01	511.35
1801.3061	518.45	520.43
1801.7811	518.97	509.42
1802.2437	513.88	506.82
1802.7171	516.70	509.78
1803.0581	519.29	524.20
1803.4916	516.06	509.30
1803.9232	516.33	496.32
1804.3696	519.80	514.56
1804.8204	514.45	505.91
1805.2767	514.75	496.59
1805.7258	517.54	504.29
1806.0535	517.96	506.61
1806.4635	518.33	493.31
1806.9120	518.62	497.61
1807.3793	515.76	498.89
1807.8276	514.09	501.06
1808.2746	516.36	505.97
1808.7166	517.50	506.44
1809.0520	514.93	503.44
1809.4860	517.38	520.91
1809.9539	519.19	494.34
1810.4366	513.63	509.40
1810.8812	512.86	509.69
1811.3257	515.88	502.49
1811.7796	516.48	494.89
1812.2253	514.75	498.21
1812.5529	515.65	499.82
1812.9776	520.03	508.91
1813.4047	515.04	492.58
1813.8098	518.85	496.72
1814.2631	513.61	492.45
1814.7243	517.71	495.61
1815.0638	516.00	489.82
1815.5083	516.19	496.11
1815.9387	516.39	497.38
1816.3985	516.27	497.98
1816.8315	515.23	495.07
1817.2711	514.93	494.34
1817.6960	519.68	496.71
1818.0381	518.27	494.52
1818.5043	515.39	490.50
1818.9567	516.32	492.56
1819.4370	517.04	493.96
1819.9471	516.65	490.35
1820.3989	514.54	504.41
1820.8280	514.89	495.70
1821.2690	517.81	499.02
1821.7206	517.59	489.30
1822.0492	516.55	495.39
1822.4890	521.69	503.58
1822.9496	513.57	496.88
1823.3979	515.56	495.47
1823.8409	517.61	493.72
1824.2636	516.76	496.78
1824.7285	516.92	505.64
1825.0712	513.69	492.63
1825.5190	520.24	495.20
1825.9471	518.66	492.50
1826.3935	516.15	492.88
1826.8414	519.19	494.75
1827.2786	515.60	495.83
1827.7209	519.80	498.90
1828.0651	519.74	499.73
1828.5223	516.33	502.98
1828.9731	517.36	495.22
1829.4472	514.42	493.95
1829.8854	519.50	494.71
1830.3195	515.32	501.14
1830.7827	520.64	509.14
1831.2345	521.26	513.36
1831.5749	517.05	506.40
1832.0097	513.17	508.15
1832.4346	519.09	508.19
1832.9055	518.53	494.00
1833.3445	517.07	495.17
1833.7710	514.76	509.83
1834.2256	515.25	512.36
1834.5644	517.56	524.86
1835.0235	518.22	512.34
1835.4574	517.33	526.80
1835.9016	517.89	512.75
1836.3045	520.00	543.78
1836.7774	520.48	528.04
1837.2298	519.86	510.24
1837.5688	518.38	505.49
1838.0174	520.27	531.34
1838.4590	518.45	535.15
1838.8837	518.03	518.27
1839.3489	517.78	515.68
1839.7794	516.06	506.30
1840.2311	521.50	502.61
1840.5707	519.47	493.41
1841.0192	514.94	494.17
1841.4498	516.60	492.11
1841.9058	515.78	488.07
1842.3345	516.28	493.99
1842.7647	517.35	500.75
1843.2026	519.56	502.98
1843.5465	515.17	492.63
1844.0171	518.90	497.76
1844.4378	518.79	505.49
1844.9056	516.57	500.50
1845.3302	519.50	499.42
1845.7536	515.56	500.94
1846.1997	513.73	494.18
1846.5437	518.05	491.02
1847.0137	515.99	494.47
1847.4185	515.65	501.90
1847.8922	520.12	493.81
1848.3381	516.33	494.85
1848.7828	517.06	497.89
1849.2322	519.05	496.04
1849.5696	517.99	500.50
1850.0141	514.82	496.71
1850.4476	518.94	496.13
1850.8963	519.29	498.67
1851.3221	518.63	500.68
1851.7592	515.09	501.71
1852.2224	516.77	501.55
1852.5635	520.04	504.74
1853.0085	516.45	493.76
1853.4257	516.03	498.79
1853.8988	517.75	493.45
1854.3139	514.62	497.68
1854.7752	516.57	498.36
1855.2321	516.93	501.28
1855.5594	519.31	497.43
1855.9875	515.98	503.66
1856.4274	516.89	502.05
1856.8956	516.85	493.06
1857.3433	517.68	501.92
1857.7799	518.87	503.26
1858.2261	517.42	508.64
1858.5636	518.04	491.32
1858.9910	517.21	503.00
1859.4336	518.94	494.51
1859.9034	516.34	488.56
1860.3476	515.25	495.06
1860.7884	516.82	490.08
1861.2881	516.32	492.93
1861.7227	518.46	504.42
1862.0651	514.93	495.86
1862.5211	516.86	502.50
1862.9643	519.33	494.84
1863.4558	515.47	493.48
1863.8979	515.63	493.24
1864.3177	516.83	501.14
1864.7911	518.84	501.00
1865.2766	515.75	495.75
1865.7331	516.23	496.70
1866.0609	517.43	503.33
1866.5007	519.48	506.03
1866.9515	515.95	495.81
1867.3607	515.47	500.42
1867.8130	515.37	506.90
1868.2634	516.69	490.63
1868.7267	519.98	491.82
1869.0666	516.92	497.89
1869.5140	515.88	497.93
1870.0199	516.42	493.70
1870.4529	520.38	505.60
1870.8642	519.74	501.84
1871.3374	518.70	496.96
1871.7584	518.63	490.98
1872.2019	519.45	494.16
1872.5325	516.19	502.05
1872.9806	515.42	489.58
1873.4289	516.27	502.41
1873.9011	516.33	498.82
1874.3379	519.90	499.73
1874.8483	516.90	500.98
1875.3343	516.39	499.69
1875.7525	520.18	491.83
1876.2010	519.42	498.48
1876.5319	515.38	498.35
1876.9842	517.09	499.12
1877.4261	518.51	491.39
1877.9001	517.73	496.46
1878.3289	515.96	500.21
1878.7809	517.32	502.61
1879.2497	519.07	492.32
1879.7130	520.33	493.07
1880.0543	518.51	490.93
1880.5218	518.87	496.64
1880.9574	518.93	504.12
1881.3623	516.48	500.13
1881.8374	516.13	494.92
1882.2846	514.37	495.09
1882.7312	517.37	496.87
1883.2222	519.40	497.79
1883.5508	521.44	502.54
1883.9827	517.96	494.65
1884.4320	515.39	494.13
1884.8949	516.75	488.51
1885.3484	517.04	492.76
1885.8374	516.31	494.41
1886.2617	516.44	495.08
1886.7320	518.37	497.27
1887.0720	518.86	495.08
1887.5186	517.45	496.04
1887.9585	517.93	494.49
1888.3618	514.06	492.59
1888.8202	518.76	500.76
1889.2639	520.08	501.80
1889.7275	518.22	488.36
1890.0687	517.73	511.58
1890.5203	516.12	504.02
1890.9569	514.50	510.07
1891.5178	516.78	510.30
1891.9684	522.68	498.65
1892.4508	520.18	490.83
1892.8681	515.97	493.48
1893.3189	517.97	502.01
1893.7864	516.49	495.23
1894.2017	519.15	490.88
1894.5432	518.98	494.15
1895.0059	519.28	499.15
1895.4316	517.58	495.09
1895.9025	518.58	501.60
1896.3371	518.90	491.85
1896.7898	518.70	491.56
1897.2858	518.96	494.60
1897.7335	521.15	497.65
1898.0723	520.77	499.35
1898.5207	518.09	506.70
1899.0171	520.08	502.82
1899.4619	516.62	490.26
1899.9571	518.91	495.07
1900.3947	517.04	494.38
1900.8557	519.32	492.53
1901.3327	519.98	491.25
1901.7585	519.83	494.83
1902.2363	518.95	497.65
1902.5653	516.68	496.11
1902.9934	516.99	520.81
1903.4524	518.46	513.97
1903.9166	523.53	510.34
1904.3921	518.73	504.04
1904.8260	520.04	492.89
1905.3071	521.21	507.88
1905.7854	520.76	509.26
1906.2139	519.19	509.24
1906.5535	519.99	500.17
1907.2269	517.65	501.49
1907.5586	517.95	499.55
1908.0552	521.80	530.46
1908.5265	522.07	527.86
1909.0174	522.14	504.10
1909.5084	519.47	508.03
1909.9589	521.68	511.49
1910.3737	521.21	541.49
1910.8371	519.90	513.68
1911.2872	520.39	536.15
1911.7277	517.55	509.15
1912.0708	522.79	522.58
1912.5215	518.68	506.78
1912.9733	517.77	510.86
1913.4531	514.25	501.87
1913.8985	516.57	509.45
1914.3224	520.53	543.23
1914.8647	525.48	525.88
1915.7534	524.87	534.59
