sep= 
Time [s]	R2_m5 [ng/cm^2]	C1_m [ng/cm^2]
0.0000	Failed	Failed
1.0991	Failed	Failed
2.1753	Failed	Failed
3.3047	Failed	Failed
4.4399	Failed	Failed
5.5638	Failed	Failed
6.6929	Failed	Failed
7.8302	Failed	Failed
8.9643	Failed	Failed
10.0985	Failed	Failed
11.2328	Failed	Failed
12.3731	Failed	Failed
13.5117	Failed	Failed
14.6536	Failed	Failed
15.7892	Failed	Failed
16.8903	Failed	Failed
18.0183	Failed	Failed
19.1352	Failed	Failed
20.2672	Failed	Failed
21.3910	Failed	Failed
22.5215	Failed	Failed
23.6422	Failed	Failed
24.7712	Failed	Failed
25.8987	Failed	Failed
27.0306	Failed	Failed
28.1680	Failed	Failed
29.2895	Failed	Failed
30.4171	Failed	Failed
31.5438	Failed	Failed
32.6656	Failed	Failed
33.7992	Failed	Failed
34.9300	Failed	Failed
36.0645	Failed	Failed
37.1887	Failed	Failed
38.3187	Failed	Failed
39.4405	Failed	Failed
40.5695	Failed	Failed
41.6957	Failed	Failed
42.8044	Failed	Failed
43.9115	Failed	Failed
45.0407	Failed	Failed
46.1625	Failed	Failed
47.2882	Failed	Failed
48.4151	Failed	Failed
49.5332	Failed	Failed
50.6690	Failed	Failed
51.7935	Failed	Failed
52.9265	Failed	Failed
54.0424	Failed	Failed
55.1779	Failed	Failed
56.3013	Failed	Failed
57.4292	Failed	Failed
58.5540	Failed	Failed
59.6701	Failed	Failed
60.7974	Failed	Failed
61.9174	Failed	Failed
63.0430	Failed	Failed
64.1726	Failed	Failed
65.3001	Failed	Failed
66.4184	Failed	Failed
67.5479	Failed	Failed
68.6761	Failed	Failed
69.7960	Failed	Failed
70.9226	Failed	Failed
72.0461	Failed	Failed
73.1752	Failed	Failed
74.2931	Failed	Failed
75.4126	Failed	Failed
76.5186	Failed	Failed
77.6399	Failed	Failed
78.7698	Failed	Failed
79.8872	Failed	Failed
81.0227	Failed	Failed
82.1525	Failed	Failed
83.2817	Failed	Failed
84.4069	Failed	Failed
85.5421	Failed	Failed
86.6669	Failed	Failed
87.7577	Failed	Failed
88.8606	Failed	Failed
89.9807	Failed	Failed
91.1017	Failed	Failed
92.2281	Failed	Failed
93.3455	Failed	Failed
94.4653	Failed	Failed
95.5938	Failed	Failed
96.7250	Failed	Failed
97.8544	Failed	Failed
98.9719	Failed	Failed
100.0992	Failed	Failed
101.2282	Failed	Failed
102.3395	Failed	Failed
103.4613	Failed	Failed
104.5670	Failed	Failed
105.6943	Failed	Failed
106.8090	Failed	Failed
107.9202	Failed	Failed
109.0259	Failed	Failed
110.1543	Failed	Failed
111.2651	Failed	Failed
112.3781	Failed	Failed
113.5031	Failed	Failed
114.6206	Failed	Failed
115.7548	Failed	Failed
116.8697	Failed	Failed
117.9922	Failed	Failed
119.1009	Failed	Failed
120.2309	Failed	Failed
121.3449	Failed	Failed
122.4662	Failed	Failed
123.5966	Failed	Failed
124.7070	Failed	Failed
125.8370	Failed	Failed
126.9569	Failed	Failed
128.0799	Failed	Failed
129.2052	Failed	Failed
130.3289	Failed	Failed
131.4439	Failed	Failed
132.5581	Failed	Failed
133.6835	Failed	Failed
134.7939	Failed	Failed
135.9241	Failed	Failed
137.0062	Failed	Failed
138.1169	Failed	Failed
139.2279	Failed	Failed
140.3445	Failed	Failed
141.4765	Failed	Failed
142.6088	Failed	Failed
143.7322	Failed	Failed
144.8469	Failed	Failed
145.9763	Failed	Failed
147.0894	Failed	Failed
148.2060	Failed	Failed
149.3102	Failed	Failed
150.4196	Failed	Failed
151.5335	Failed	Failed
152.6452	Failed	Failed
153.7488	Failed	Failed
154.8671	Failed	Failed
155.9755	Failed	Failed
157.0853	Failed	Failed
158.1982	Failed	Failed
159.3024	Failed	Failed
160.4143	Failed	Failed
161.5247	Failed	Failed
162.6446	Failed	Failed
163.7444	Failed	Failed
164.8508	Failed	Failed
165.9655	Failed	Failed
167.0743	Failed	Failed
168.1845	Failed	Failed
169.3010	Failed	Failed
170.4136	Failed	Failed
172.7846	0.00	0.00
176.8390	0.00	0.00
178.0538	0.00	0.00
178.3933	0.00	0.00
178.7492	0.00	0.00
179.1049	0.00	0.00
179.4557	0.00	0.00
179.7953	0.00	0.00
180.1358	0.00	0.00
180.4966	0.00	0.00
180.8463	0.00	0.00
181.1800	0.00	0.00
181.5313	0.00	0.00
181.8836	0.00	0.00
182.2254	0.00	0.00
182.5756	0.00	0.00
182.9306	0.00	0.00
183.2641	0.00	0.00
183.6093	0.00	0.00
183.9681	0.00	0.00
184.3074	0.00	0.00
184.6706	0.00	0.00
185.0332	0.00	0.00
185.3627	0.00	0.00
185.7047	0.00	0.00
186.0672	0.00	0.00
186.4006	0.00	0.00
186.7389	0.00	0.00
187.0967	0.00	0.00
187.4369	0.00	0.00
187.7837	0.00	0.00
188.1277	0.00	0.00
188.4876	0.00	0.00
188.8360	0.00	0.00
189.1886	0.00	0.00
189.5327	0.00	0.00
189.8786	0.00	0.00
190.2148	0.00	0.00
190.5769	0.00	0.00
190.9346	0.00	0.00
191.2737	0.00	0.00
191.6193	0.00	0.00
191.9697	0.00	0.00
192.3057	0.00	0.00
192.6557	0.00	0.00
193.0137	0.00	0.00
193.3535	0.00	0.00
193.6763	0.00	0.00
194.0463	0.00	0.00
194.3911	0.00	0.00
194.7346	0.00	0.00
195.0999	0.00	0.00
195.4405	0.00	0.00
195.7858	0.00	0.00
196.1357	0.00	0.00
196.4853	0.00	0.00
196.7954	0.00	0.00
197.1356	0.00	0.00
197.4773	0.00	0.00
197.8106	0.00	0.00
198.1674	0.00	0.00
198.5125	0.00	0.00
198.8529	0.00	0.00
199.1947	0.00	0.00
199.5382	0.00	0.00
199.8766	0.00	0.00
200.2150	0.00	0.00
200.5690	0.00	0.00
200.9202	0.00	0.00
201.2786	0.00	0.00
201.6328	0.00	0.00
201.9796	0.00	0.00
202.3192	0.00	0.00
202.6778	0.00	0.00
203.0285	0.00	0.00
203.3771	0.00	0.00
203.7125	0.00	0.00
204.0738	0.00	0.00
204.4289	0.00	0.00
204.7723	0.00	0.00
205.1500	0.00	0.00
205.4867	0.00	0.00
205.8112	0.00	0.00
206.1806	0.00	0.00
206.5199	0.00	0.00
206.8736	0.00	0.00
207.2300	0.00	0.00
207.5918	0.00	0.00
207.9288	0.00	0.00
208.2604	0.00	0.00
208.6089	0.00	0.00
208.9550	0.00	0.00
209.3151	0.00	0.00
209.6627	0.00	0.00
209.9994	0.00	0.00
210.3349	0.00	0.00
210.6991	0.00	0.00
211.0435	0.00	0.00
211.3803	0.00	0.00
211.7363	0.00	0.00
212.0835	0.00	0.00
212.4301	0.00	0.00
212.7933	0.00	0.00
213.1586	0.00	0.00
213.4980	0.00	0.00
213.8317	0.00	0.00
214.1915	0.00	0.00
214.5248	0.00	0.00
214.8762	0.00	0.00
215.2363	0.00	0.00
215.5755	0.00	0.00
215.9106	0.00	0.00
216.2712	0.00	0.00
216.6201	0.00	0.00
216.9601	0.00	0.00
217.3134	0.00	0.00
217.6686	0.00	0.00
218.0120	0.00	0.00
218.3540	0.00	0.00
218.7075	0.00	0.00
219.0455	0.00	0.00
219.3827	0.00	0.00
219.7350	0.00	0.00
220.0766	0.00	0.00
220.4165	0.00	0.00
220.7710	0.00	0.00
221.1288	0.00	0.00
221.4640	0.00	0.00
221.8335	0.00	0.00
222.1885	0.00	0.00
222.5337	0.00	0.00
222.8763	0.00	0.00
223.2311	0.00	0.00
223.5808	0.00	0.00
223.9136	0.00	0.00
224.2738	0.00	0.00
224.6122	0.00	0.00
224.9625	0.00	0.00
225.3107	0.00	0.00
225.6554	0.00	0.00
225.9882	0.00	0.00
226.3345	0.00	0.00
226.7005	0.00	0.00
227.0369	0.00	0.00
227.3798	0.00	0.00
227.7338	0.00	0.00
228.0706	0.00	0.00
228.4150	0.00	0.00
228.7768	0.00	0.00
229.1120	0.00	0.00
229.4459	0.00	0.00
229.7962	0.00	0.00
230.1228	0.00	0.00
230.4564	0.00	0.00
230.8206	0.00	0.00
231.1603	0.00	0.00
231.4919	0.00	0.00
231.8354	0.00	0.00
232.1788	0.00	0.00
232.5833	0.00	0.00
232.9169	0.00	0.00
233.2858	0.00	0.00
233.6332	0.00	0.00
233.9877	0.00	0.00
234.3212	0.00	0.00
234.6603	0.00	0.00
235.0085	0.00	0.00
235.3624	0.00	0.00
235.7136	0.00	0.00
236.0496	0.00	0.00
236.3824	0.00	0.00
236.7364	0.00	0.00
237.0910	0.00	0.00
237.4301	0.00	0.00
237.7866	0.00	0.00
238.1211	0.00	0.00
238.4506	0.00	0.00
238.8065	0.00	0.00
239.1464	0.00	0.00
239.4786	0.00	0.00
239.8394	0.00	0.00
240.1775	0.00	0.00
240.5254	0.00	0.00
240.8926	0.00	0.00
241.2384	0.00	0.00
241.5696	0.00	0.00
241.9318	0.00	0.00
242.2717	0.00	0.00
242.6054	0.00	0.00
242.9489	0.00	0.00
243.3252	0.00	0.00
243.6686	0.00	0.00
244.0020	0.00	0.00
244.3604	0.00	0.00
244.6977	0.00	0.00
245.0388	0.00	0.00
245.4034	0.00	0.00
245.7354	0.00	0.00
246.0854	0.00	0.00
246.4444	0.00	0.00
246.7941	0.00	0.00
247.1662	0.00	0.00
247.5163	0.00	0.00
247.8718	0.00	0.00
248.2490	0.00	0.00
248.5756	0.00	0.00
248.9307	0.00	0.00
249.2760	0.00	0.00
249.6099	0.00	0.00
249.9755	0.00	0.00
250.3219	0.00	0.00
250.6524	0.00	0.00
251.0003	0.00	0.00
251.3550	0.00	0.00
251.7051	0.00	0.00
252.0463	0.00	0.00
252.4055	0.00	0.00
252.7478	0.00	0.00
253.0865	0.00	0.00
253.4418	0.00	0.00
253.7828	0.00	0.00
254.1357	0.00	0.00
254.4743	0.00	0.00
254.8308	0.00	0.00
255.1895	0.00	0.00
255.5476	0.00	0.00
255.9094	0.00	0.00
256.2459	0.00	0.00
256.5805	0.00	0.00
256.9276	0.00	0.00
257.2419	0.00	0.00
257.5821	0.00	0.00
257.9401	0.00	0.00
258.3246	0.00	0.00
258.6476	0.00	0.00
259.0036	0.00	0.00
259.3487	0.00	0.00
259.6797	0.00	0.00
260.0309	0.00	0.00
260.3725	0.00	0.00
260.7034	0.00	0.00
261.0631	0.00	0.00
261.4218	0.00	0.00
261.7514	0.00	0.00
262.0901	0.00	0.00
262.4425	0.00	0.00
262.7834	0.00	0.00
263.1178	0.00	0.00
263.4760	0.00	0.00
263.8135	0.00	0.00
264.1438	0.00	0.00
264.5034	0.00	0.00
264.8644	0.00	0.00
265.2005	0.00	0.00
265.5526	0.00	0.00
265.9091	0.00	0.00
266.2530	0.00	0.00
266.5952	0.00	0.00
266.9554	0.00	0.00
267.2904	0.00	0.00
267.6272	0.00	0.00
267.9795	0.00	0.00
268.3354	0.00	0.00
268.6675	0.00	0.00
269.0214	0.00	0.00
269.3608	0.00	0.00
269.6894	0.00	0.00
270.0534	0.00	0.00
270.4027	0.00	0.00
270.7324	0.00	0.00
271.0988	0.00	0.00
271.4998	0.00	0.00
271.8395	0.00	0.00
272.1718	0.00	0.00
272.5223	0.00	0.00
272.8536	0.00	0.00
273.1927	0.00	0.00
273.5553	0.00	0.00
273.9290	0.00	0.00
274.2630	0.00	0.00
274.6293	0.00	0.00
275.0673	0.00	0.00
275.4503	0.00	0.00
275.7835	0.00	0.00
276.1343	0.00	0.00
276.5003	0.00	0.00
276.8273	0.00	0.00
277.1672	0.00	0.00
277.5141	0.00	0.00
277.8403	0.00	0.00
278.1817	0.00	0.00
278.5304	0.00	0.00
278.8595	0.00	0.00
279.2016	0.00	0.00
279.5514	0.00	0.00
279.8859	0.00	0.00
280.2695	0.00	0.00
280.6273	0.00	0.00
280.9617	0.00	0.00
281.2945	0.00	0.00
281.6690	0.00	0.00
282.0564	0.00	0.00
282.4290	0.00	0.00
282.8032	0.00	0.00
283.1613	0.00	0.00
283.5427	0.00	0.00
283.9101	0.00	0.00
284.2495	0.00	0.00
284.6102	0.00	0.00
284.9766	0.00	0.00
285.3431	0.00	0.00
285.6981	0.00	0.00
286.0554	0.00	0.00
286.4209	0.00	0.00
286.7543	0.00	0.00
287.1226	0.00	0.00
287.4607	0.00	0.00
287.7987	0.00	0.00
288.1559	0.00	0.00
288.5271	0.00	0.00
288.9066	0.00	0.00
289.2636	0.00	0.00
289.6364	0.00	0.00
290.0194	0.00	0.00
290.3495	0.00	0.00
290.7246	0.00	0.00
291.0885	0.00	0.00
291.4480	0.00	0.00
291.7831	0.00	0.00
292.1522	0.00	0.00
292.5247	0.00	0.00
292.8554	0.00	0.00
293.2137	0.00	0.00
293.5826	0.00	0.00
293.9523	0.00	0.00
294.2907	0.00	0.00
294.6603	0.00	0.00
295.0164	0.00	0.00
295.3783	0.00	0.00
295.7568	0.00	0.00
296.1470	0.00	0.00
296.5046	0.00	0.00
296.8392	0.00	0.00
297.1849	0.00	0.00
297.5428	0.00	0.00
297.9118	0.00	0.00
298.2769	0.00	0.00
298.6391	0.00	0.00
298.9655	0.00	0.00
299.3264	0.00	0.00
299.6796	0.00	0.00
300.0803	0.00	0.00
300.4205	0.00	0.00
300.7785	0.00	0.00
301.1213	0.00	0.00
301.4518	0.00	0.00
301.8104	0.00	0.00
302.1678	0.00	0.00
302.5164	0.00	0.00
302.8693	0.00	0.00
303.2062	0.00	0.00
303.5378	0.00	0.00
303.8876	0.00	0.00
304.2607	0.00	0.00
304.6003	0.00	0.00
304.9660	0.00	0.00
305.3246	0.00	0.00
305.6593	0.00	0.00
306.0060	0.00	0.00
306.3716	0.00	0.00
306.7046	0.00	0.00
307.0319	0.00	0.00
307.3805	0.00	0.00
307.7218	0.00	0.00
308.1045	0.00	0.00
308.4654	0.00	0.00
308.8389	0.00	0.00
309.1768	0.00	0.00
309.5252	0.00	0.00
309.8744	0.00	0.00
310.2182	0.00	0.00
310.5550	0.00	0.00
310.8965	0.00	0.00
311.2325	0.00	0.00
311.5768	0.00	0.00
311.9217	0.00	0.00
312.2786	0.00	0.00
312.6440	0.00	0.00
312.9692	0.00	0.00
313.3133	0.00	0.00
313.6426	0.00	0.00
313.9743	0.00	0.00
314.3397	0.00	0.00
314.6942	0.00	0.00
315.0270	0.00	0.00
315.3665	0.00	0.00
315.7145	0.00	0.00
316.0541	0.00	0.00
316.4016	0.00	0.00
316.7501	0.00	0.00
317.0819	0.00	0.00
317.3783	0.00	0.00
317.7110	0.00	0.00
318.0619	0.00	0.00
318.4033	0.00	0.00
318.7467	0.00	0.00
319.0970	0.00	0.00
319.4283	0.00	0.00
319.7872	0.00	0.00
320.1219	0.00	0.00
320.4599	0.00	0.00
320.8143	0.00	0.00
321.1500	0.00	0.00
321.4848	0.00	0.00
321.8512	0.00	0.00
322.2008	0.00	0.00
322.5430	0.00	0.00
322.9064	0.00	0.00
323.2687	0.00	0.00
323.6006	0.00	0.00
323.9584	0.00	0.00
324.3056	0.00	0.00
324.6648	0.00	0.00
325.0089	0.00	0.00
325.3528	0.00	0.00
325.7191	0.00	0.00
326.0837	0.00	0.00
326.4330	0.00	0.00
326.7674	0.00	0.00
327.1054	0.00	0.00
327.4544	0.00	0.00
327.8091	0.00	0.00
328.1561	0.00	0.00
328.5001	0.00	0.00
328.8381	0.00	0.00
329.1691	0.00	0.00
329.5019	0.00	0.00
329.8508	0.00	0.00
330.1864	0.00	0.00
330.5228	0.00	0.00
330.8818	0.00	0.00
331.2502	0.00	0.00
331.5833	0.00	0.00
331.9385	0.00	0.00
332.2913	0.00	0.00
332.6289	0.00	0.00
332.9855	0.00	0.00
333.3329	0.00	0.00
333.6518	0.00	0.00
334.0046	0.00	0.00
334.3791	0.00	0.00
334.7455	0.00	0.00
335.0920	0.00	0.00
335.4507	0.00	0.00
335.7636	0.00	0.00
336.0564	0.00	0.00
336.4153	0.00	0.00
336.7417	0.00	0.00
337.0769	0.00	0.00
337.4389	0.00	0.00
337.7651	0.00	0.00
338.1106	0.00	0.00
338.4708	0.00	0.00
338.8443	0.00	0.00
339.2028	0.00	0.00
339.5539	0.00	0.00
339.8951	0.00	0.00
340.2268	0.00	0.00
340.6148	0.00	0.00
340.9739	0.00	0.00
341.3585	0.00	0.00
341.7098	0.00	0.00
342.0733	0.00	0.00
342.4235	0.00	0.00
342.7923	0.00	0.00
343.1587	0.00	0.00
343.5224	0.00	0.00
343.8443	0.00	0.00
344.2184	0.00	0.00
344.5857	0.00	0.00
344.9397	0.00	0.00
345.2918	0.00	0.00
345.6623	0.00	0.00
346.0134	0.00	0.00
346.3454	0.00	0.00
346.6762	0.00	0.00
347.0297	0.00	0.00
347.3969	0.00	0.00
347.7237	0.00	0.00
348.0689	0.00	0.00
348.4262	0.00	0.00
348.7645	0.00	0.00
349.0487	0.00	0.00
349.3322	0.00	0.00
349.6292	0.00	0.00
349.9665	0.00	0.00
350.2971	0.00	0.00
350.6360	0.00	0.00
350.9857	0.00	0.00
351.3342	0.00	0.00
351.6739	0.00	0.00
352.0330	0.00	0.00
352.4193	0.00	0.00
352.7826	0.00	0.00
353.1380	0.00	0.00
353.4866	0.00	0.00
353.8362	0.00	0.00
354.1950	0.00	0.00
354.5641	0.00	0.00
354.8945	0.00	0.00
355.2549	0.00	0.00
355.6152	0.00	0.00
355.9665	0.00	0.00
356.3238	0.00	0.00
356.7041	0.00	0.00
357.0701	0.00	0.00
357.4187	0.00	0.00
357.7778	0.00	0.00
358.1290	0.00	0.00
358.5146	0.00	0.00
358.8816	0.00	0.00
359.2154	0.00	0.00
359.5849	0.00	0.00
359.9261	0.00	0.00
360.2706	0.00	0.00
360.6151	0.00	0.00
360.9770	0.00	0.00
361.3302	0.00	0.00
361.6654	0.00	0.00
362.0123	0.00	0.00
362.3693	0.00	0.00
362.7060	0.00	0.00
363.0683	0.00	0.00
363.4070	0.00	0.00
363.7366	0.00	0.00
364.0913	0.00	0.00
364.4440	0.00	0.00
364.8032	0.00	0.00
365.1712	0.00	0.00
365.5440	0.00	0.00
365.8721	0.00	0.00
366.2053	0.00	0.00
366.5667	0.00	0.00
366.9009	0.00	0.00
367.2439	0.00	0.00
367.5955	0.00	0.00
367.9362	0.00	0.00
368.2613	0.00	0.00
368.6180	0.00	0.00
368.9761	0.00	0.00
369.3186	0.00	0.00
369.6877	0.00	0.00
370.0333	0.00	0.00
370.3593	0.00	0.00
370.7312	0.00	0.00
371.1016	0.00	0.00
371.4866	0.00	0.00
371.8466	0.00	0.00
372.1934	0.00	0.00
372.5363	0.00	0.00
372.8650	0.00	0.00
373.2195	0.00	0.00
373.6002	0.00	0.00
373.9628	0.00	0.00
374.2951	0.00	0.00
374.6733	0.00	0.00
375.0653	0.00	0.00
375.3964	0.00	0.00
375.7398	0.00	0.00
376.0921	0.00	0.00
376.4150	0.00	0.00
376.7868	0.00	0.00
377.1468	0.00	0.00
377.4784	0.00	0.00
377.7968	0.00	0.00
378.1517	0.00	0.00
378.5071	0.00	0.00
378.8434	0.00	0.00
379.1926	0.00	0.00
379.5400	0.00	0.00
379.9083	0.00	0.00
380.2484	0.00	0.00
380.6040	0.00	0.00
380.9650	0.00	0.00
381.3619	0.00	0.00
381.7192	0.00	0.00
382.0880	0.00	0.00
382.4182	0.00	0.00
382.7552	0.00	0.00
383.0998	0.00	0.00
383.4848	0.00	0.00
383.8525	0.00	0.00
384.2220	0.00	0.00
384.6069	0.00	0.00
384.9620	0.00	0.00
385.2931	0.00	0.00
385.6551	0.00	0.00
386.0091	0.00	0.00
386.3422	0.00	0.00
386.6998	0.00	0.00
387.0406	0.00	0.00
387.4077	0.00	0.00
387.7577	0.00	0.00
388.1264	0.00	0.00
388.4936	0.00	0.00
388.8340	0.00	0.00
389.2025	0.00	0.00
389.5920	0.00	0.00
389.9470	0.00	0.00
390.2914	0.00	0.00
390.6443	0.00	0.00
390.9739	0.00	0.00
391.3287	0.00	0.00
391.6991	0.00	0.00
392.0728	0.00	0.00
392.4676	0.00	0.00
392.8382	0.00	0.00
393.1970	0.00	0.00
393.5690	0.00	0.00
393.9328	0.00	0.00
394.2860	0.00	0.00
394.6210	0.00	0.00
394.9544	0.00	0.00
395.3151	0.00	0.00
395.6599	0.00	0.00
395.9808	0.00	0.00
396.3249	0.00	0.00
396.6985	0.00	0.00
397.0261	0.00	0.00
397.3663	0.00	0.00
397.7239	0.00	0.00
398.0572	0.00	0.00
398.4120	0.00	0.00
398.7550	0.00	0.00
399.1087	0.00	0.00
399.4708	0.00	0.00
399.8277	0.00	0.00
400.1673	0.00	0.00
400.5388	0.00	0.00
400.8841	0.00	0.00
401.2409	0.00	0.00
401.6010	0.00	0.00
401.9322	0.00	0.00
402.2941	0.00	0.00
402.6433	0.00	0.00
402.9807	0.00	0.00
403.3301	0.00	0.00
403.6689	0.00	0.00
404.0643	0.00	0.00
404.4274	0.00	0.00
404.7830	0.00	0.00
405.1274	0.00	0.00
405.4855	0.00	0.00
405.8489	0.00	0.00
406.1915	0.00	0.00
406.5581	0.00	0.00
406.9047	0.00	0.00
407.2709	0.00	0.00
407.6668	0.00	0.00
408.0358	0.00	0.00
408.3917	0.00	0.00
408.7667	0.00	0.00
409.1195	0.00	0.00
409.4700	0.00	0.00
409.8357	0.00	0.00
410.1647	0.00	0.00
410.5374	0.00	0.00
410.8826	0.00	0.00
411.2382	0.00	0.00
411.6148	0.00	0.00
411.9824	0.00	0.00
412.3389	0.00	0.00
412.6639	0.00	0.00
413.0060	0.00	0.00
413.3817	0.00	0.00
413.7299	0.00	0.00
414.0761	0.00	0.00
414.4221	0.00	0.00
414.7607	0.00	0.00
415.0891	0.00	0.00
415.4341	0.00	0.00
415.8202	0.00	0.00
416.1513	0.00	0.00
416.5253	0.00	0.00
416.8783	0.00	0.00
417.2119	0.00	0.00
417.5659	0.00	0.00
417.9399	0.00	0.00
418.3099	0.00	0.00
418.6444	0.00	0.00
418.9689	0.00	0.00
419.3161	0.00	0.00
419.6570	0.00	0.00
419.9955	0.00	0.00
420.3556	0.00	0.00
420.7437	0.00	0.00
421.0870	0.00	0.00
421.4301	0.00	0.00
421.8119	0.00	0.00
422.1642	0.00	0.00
422.5007	0.00	0.00
422.8390	0.00	0.00
423.1696	0.00	0.00
423.5530	0.00	0.00
423.9206	0.00	0.00
424.2763	0.00	0.00
424.6244	0.00	0.00
424.9686	0.00	0.00
425.3275	0.00	0.00
425.6609	0.00	0.00
425.9976	0.00	0.00
426.3430	0.00	0.00
426.7060	0.00	0.00
427.0483	0.00	0.00
427.4048	0.00	0.00
427.7965	0.00	0.00
428.1314	0.00	0.00
428.4913	0.00	0.00
428.8394	0.00	0.00
429.1703	0.00	0.00
429.5390	0.00	0.00
429.8877	0.00	0.00
430.2162	0.00	0.00
430.5537	0.00	0.00
430.9037	0.00	0.00
431.2494	0.00	0.00
431.6167	0.00	0.00
431.9737	0.00	0.00
432.3457	0.00	0.00
432.7163	0.00	0.00
433.0563	0.00	0.00
433.4190	0.00	0.00
433.7471	0.00	0.00
434.0776	0.00	0.00
434.4267	0.00	0.00
434.7658	0.00	0.00
435.1226	0.00	0.00
435.4716	0.00	0.00
435.8011	0.00	0.00
436.1340	0.00	0.00
436.4846	0.00	0.00
436.8215	0.00	0.00
437.2013	0.00	0.00
437.5433	0.00	0.00
437.8422	0.00	0.00
438.1656	0.00	0.00
438.5392	0.00	0.00
438.8972	0.00	0.00
439.2203	0.00	0.00
439.5786	0.00	0.00
439.9358	0.00	0.00
440.2923	0.00	0.00
440.6307	0.00	0.00
440.9769	0.00	0.00
441.3670	0.00	0.00
441.7518	0.00	0.00
442.1031	0.00	0.00
442.5140	0.00	0.00
442.8766	0.00	0.00
443.2257	0.00	0.00
443.5747	0.00	0.00
443.9090	0.00	0.00
444.2304	0.00	0.00
444.5738	0.00	0.00
444.9298	0.00	0.00
445.2934	0.00	0.00
445.6323	0.00	0.00
445.9806	0.00	0.00
446.3570	0.00	0.00
446.7489	0.00	0.00
447.1061	0.00	0.00
447.4596	0.00	0.00
447.7952	0.00	0.00
448.1259	0.00	0.00
448.4862	0.00	0.00
448.8421	0.00	0.00
449.2021	0.00	0.00
449.5545	0.00	0.00
449.9407	0.00	0.00
450.2770	0.00	0.00
450.6239	0.00	0.00
451.0157	0.00	0.00
451.3908	0.00	0.00
451.7176	0.00	0.00
452.0697	0.00	0.00
452.4112	0.00	0.00
452.7368	0.00	0.00
453.0865	0.00	0.00
453.4124	0.00	0.00
453.7720	0.00	0.00
454.1306	0.00	0.00
454.5429	0.00	0.00
454.9257	0.00	0.00
455.3058	0.00	0.00
455.6750	0.00	0.00
456.0645	0.00	0.00
456.4238	0.00	0.00
456.7960	0.00	0.00
457.1654	0.00	0.00
457.5300	0.00	0.00
457.8580	0.00	0.00
458.2017	0.00	0.00
458.5372	0.00	0.00
458.9183	0.00	0.00
459.2519	0.00	0.00
459.6030	0.00	0.00
459.9988	0.00	0.00
460.3321	0.00	0.00
460.6897	0.00	0.00
461.0250	0.00	0.00
461.3718	0.00	0.00
461.7439	0.00	0.00
462.1382	0.00	0.00
462.5128	0.00	0.00
462.9118	0.00	0.00
463.2495	0.00	0.00
463.6184	0.00	0.00
463.9557	0.00	0.00
464.2956	0.00	0.00
464.6533	0.00	0.00
465.0373	0.00	0.00
465.4250	0.00	0.00
465.7823	0.00	0.00
466.1466	0.00	0.00
466.5322	0.00	0.00
466.9253	0.00	0.00
467.2890	0.00	0.00
467.6726	0.00	0.00
468.0261	0.00	0.00
468.3675	0.00	0.00
468.7384	0.00	0.00
469.1152	0.00	0.00
469.5033	0.00	0.00
469.8396	0.00	0.00
470.2319	0.00	0.00
470.6168	0.00	0.00
470.9757	0.00	0.00
471.3417	0.00	0.00
471.7328	0.00	0.00
472.1193	0.00	0.00
472.4855	0.00	0.00
472.8533	0.00	0.00
473.2467	0.00	0.00
473.5958	0.00	0.00
473.9350	0.00	0.00
474.3073	0.00	0.00
474.6714	0.00	0.00
475.0628	0.00	0.00
475.4104	0.00	0.00
475.7534	0.00	0.00
476.1440	0.00	0.00
476.4736	0.00	0.00
476.8282	0.00	0.00
477.1987	0.00	0.00
477.5263	0.00	0.00
477.8847	0.00	0.00
478.2543	0.00	0.00
478.6494	0.00	0.00
479.0385	0.00	0.00
479.3950	0.00	0.00
479.7624	0.00	0.00
480.1431	0.00	0.00
480.5457	0.00	0.00
480.9018	0.00	0.00
481.2563	0.00	0.00
481.6124	0.00	0.00
481.9634	0.00	0.00
482.3475	0.00	0.00
482.7500	0.00	0.00
483.1088	0.00	0.00
483.4635	0.00	0.00
483.8499	0.00	0.00
484.2610	0.00	0.00
484.6138	0.00	0.00
484.9776	0.00	0.00
485.3443	0.00	0.00
485.6987	0.00	0.00
486.0791	0.00	0.00
486.4447	0.00	0.00
486.8137	0.00	0.00
487.1902	0.00	0.00
487.5293	0.00	0.00
487.8968	0.00	0.00
488.2425	0.00	0.00
488.5992	0.00	0.00
488.9718	0.00	0.00
489.3514	0.00	0.00
489.7307	0.00	0.00
490.1048	0.00	0.00
490.4575	0.00	0.00
490.8838	0.00	0.00
491.2351	0.00	0.00
491.6166	0.00	0.00
491.9634	0.00	0.00
492.3637	0.00	0.00
492.7330	0.00	0.00
493.1181	0.00	0.00
493.4770	0.00	0.00
493.8239	0.00	0.00
494.1585	0.00	0.00
494.5039	0.00	0.00
494.8977	0.00	0.00
495.2905	0.00	0.00
495.6895	0.00	0.00
496.0275	0.00	0.00
496.4127	0.00	0.00
496.8075	0.00	0.00
497.1709	0.00	0.00
497.5133	0.00	0.00
497.8843	0.00	0.00
498.2220	0.00	0.00
498.6252	0.00	0.00
498.9991	0.00	0.00
499.3480	0.00	0.00
499.7252	0.00	0.00
500.1188	0.00	0.00
500.4768	0.00	0.00
500.8773	0.00	0.00
501.2357	0.00	0.00
501.6318	0.00	0.00
501.9741	0.00	0.00
502.3432	0.00	0.00
502.7339	0.00	0.00
503.1238	0.00	0.00
503.4796	0.00	0.00
503.8386	0.00	0.00
504.2197	0.00	0.00
504.6250	0.00	0.00
504.9799	0.00	0.00
505.3308	0.00	0.00
505.6794	0.00	0.00
506.0430	0.00	0.00
506.3992	0.00	0.00
506.7993	0.00	0.00
507.1717	0.00	0.00
507.5145	0.00	0.00
507.9136	0.00	0.00
508.2870	0.00	0.00
508.6611	0.00	0.00
509.0429	0.00	0.00
509.4400	0.00	0.00
509.8252	0.00	0.00
510.1981	0.00	0.00
510.5373	0.00	0.00
510.8920	0.00	0.00
511.2862	0.00	0.00
511.6817	0.00	0.00
512.0346	0.00	0.00
512.4024	0.00	0.00
512.8054	0.00	0.00
513.1850	0.00	0.00
513.5465	0.00	0.00
513.9258	0.00	0.00
514.2994	0.00	0.00
514.6928	0.00	0.00
515.0606	0.00	0.00
515.4259	0.00	0.00
515.8089	0.00	0.00
516.2099	0.00	0.00
516.5598	0.00	0.00
516.9668	0.00	0.00
517.3291	0.00	0.00
517.7136	0.00	0.00
518.0687	0.00	0.00
518.4506	0.00	0.00
518.8317	0.00	0.00
519.2170	0.00	0.00
519.5729	0.00	0.00
519.9689	0.00	0.00
520.3514	0.00	0.00
520.7385	0.00	0.00
521.0915	0.00	0.00
521.4684	0.00	0.00
521.8568	0.00	0.00
522.2461	0.00	0.00
522.6019	0.00	0.00
522.9869	0.00	0.00
523.3424	0.00	0.00
523.7360	0.00	0.00
524.0887	0.00	0.00
524.4637	0.00	0.00
524.8522	0.00	0.00
525.2381	0.00	0.00
525.5960	0.00	0.00
525.9916	0.00	0.00
526.3727	0.00	0.00
526.7630	0.00	0.00
527.1151	0.00	0.00
527.4916	0.00	0.00
527.8469	0.00	0.00
528.1923	0.00	0.00
528.5987	0.00	0.00
528.9920	0.00	0.00
529.3767	0.00	0.00
529.7126	0.00	0.00
530.1202	0.00	0.00
530.5032	0.00	0.00
530.8959	0.00	0.00
531.2539	0.00	0.00
531.6342	0.00	0.00
531.9972	0.00	0.00
532.3702	0.00	0.00
532.7200	0.00	0.00
533.1096	0.00	0.00
533.4857	0.00	0.00
533.8915	0.00	0.00
534.2499	0.00	0.00
534.6037	0.00	0.00
535.0068	0.00	0.00
535.3937	0.00	0.00
535.7327	0.00	0.00
536.1298	0.00	0.00
536.4926	0.00	0.00
536.8889	0.00	0.00
537.2271	0.00	0.00
537.6086	0.00	0.00
538.0200	0.00	0.00
538.4217	0.00	0.00
538.7515	0.00	0.00
539.1245	0.00	0.00
539.5108	0.00	0.00
539.8974	0.00	0.00
540.2545	0.00	0.00
540.6162	0.00	0.00
540.9972	0.00	0.00
541.3909	0.00	0.00
541.7306	0.00	0.00
542.1275	0.00	0.00
542.5007	0.00	0.00
542.9065	0.00	0.00
543.2606	0.00	0.00
543.6635	0.00	0.00
544.0327	0.00	0.00
544.4355	0.00	0.00
544.7754	0.00	0.00
545.1669	0.00	0.00
545.5537	0.00	0.00
545.9346	0.00	0.00
546.2925	0.00	0.00
546.6552	0.00	0.00
547.0507	0.00	0.00
547.4371	0.00	0.00
547.7752	0.00	0.00
548.1696	0.00	0.00
548.5252	0.00	0.00
548.9220	0.00	0.00
549.2827	0.00	0.00
549.6847	0.00	0.00
550.0558	0.00	0.00
550.4042	0.00	0.00
550.7496	0.00	0.00
551.1569	0.00	0.00
551.5347	0.00	0.00
551.9246	0.00	0.00
552.2837	0.00	0.00
552.6564	0.00	0.00
553.0000	0.00	0.00
553.3420	0.00	0.00
553.7271	0.00	0.00
554.1539	0.00	0.00
554.5519	0.00	0.00
554.9611	0.00	0.00
555.3037	0.00	0.00
555.6877	0.00	0.00
556.0885	0.00	0.00
556.4922	0.00	0.00
556.8327	0.00	0.00
557.2802	0.00	0.00
557.6699	0.00	0.00
558.0563	0.00	0.00
558.3496	0.00	0.00
558.7277	0.00	0.00
559.1131	0.00	0.00
559.5037	0.00	0.00
559.8656	0.00	0.00
560.2497	0.00	0.00
560.6219	0.00	0.00
561.0266	0.00	0.00
561.3761	0.00	0.00
561.7425	0.00	0.00
562.1187	0.00	0.00
562.5189	0.00	0.00
562.8496	0.00	0.00
563.2489	0.00	0.00
563.6172	0.00	0.00
564.0326	0.00	0.00
564.4567	0.00	0.00
564.7872	0.00	0.00
565.1901	0.00	0.00
565.5549	0.00	0.00
565.9425	0.00	0.00
566.3061	0.00	0.00
566.6787	0.00	0.00
567.0776	0.00	0.00
567.4489	0.00	0.00
567.7989	0.00	0.00
568.2030	0.00	0.00
568.5614	0.00	0.00
568.9526	0.00	0.00
569.3190	0.00	0.00
569.6964	0.00	0.00
570.0677	0.00	0.00
570.4781	0.00	0.00
570.8201	0.00	0.00
571.2069	0.00	0.00
571.5868	0.00	0.00
571.9947	0.00	0.00
572.3583	0.00	0.00
572.7473	0.00	0.00
573.1071	0.00	0.00
573.5167	0.00	0.00
573.8697	0.00	0.00
574.2363	0.00	0.00
574.6109	0.00	0.00
575.0055	0.00	0.00
575.3640	0.00	0.00
575.7354	0.00	0.00
576.1291	0.00	0.00
576.5276	0.00	0.00
576.8797	0.00	0.00
577.2819	0.00	0.00
577.6836	0.00	0.00
578.0615	0.00	0.00
578.4090	0.00	0.00
578.8130	0.00	0.00
579.2491	0.00	0.00
579.6428	0.00	0.00
580.0801	0.00	0.00
580.4451	0.00	0.00
580.8171	0.00	0.00
581.2027	0.00	0.00
581.5999	0.00	0.00
581.9626	0.00	0.00
582.3553	0.00	0.00
582.7172	0.00	0.00
583.1115	0.00	0.00
583.4675	0.00	0.00
583.8398	0.00	0.00
584.2420	0.00	0.00
584.6285	0.00	0.00
584.9821	0.00	0.00
585.3904	0.00	0.00
585.7916	0.00	0.00
586.1778	0.00	0.00
586.5138	0.00	0.00
586.9164	0.00	0.00
587.3150	0.00	0.00
587.7127	0.00	0.00
588.0625	0.00	0.00
588.4432	0.00	0.00
588.8299	0.00	0.00
589.2181	0.00	0.00
589.5898	0.00	0.00
589.9603	0.00	0.00
590.3758	0.00	0.00
590.7812	0.00	0.00
591.1867	0.00	0.00
591.5538	0.00	0.00
591.9375	0.00	0.00
592.3358	0.00	0.00
592.7333	0.00	0.00
593.0805	0.00	0.00
593.4562	0.00	0.00
593.8348	0.00	0.00
594.2102	0.00	0.00
594.5583	0.00	0.00
594.9470	0.00	0.00
595.3333	0.00	0.00
595.7385	0.00	0.00
596.0918	0.00	0.00
596.5109	0.00	0.00
596.9107	0.00	0.00
597.3236	0.00	0.00
597.7226	0.00	0.00
598.0680	0.00	0.00
598.4441	0.00	0.00
598.8262	0.00	0.00
599.2246	0.00	0.00
599.5914	0.00	0.00
599.9469	0.00	0.00
600.3299	0.00	0.00
600.7069	0.00	0.00
601.0623	0.00	0.00
601.4466	0.00	0.00
601.8487	0.00	0.00
602.2591	0.00	0.00
602.6145	0.00	0.00
603.0103	0.00	0.00
603.3584	0.00	0.00
603.7016	0.00	0.00
604.0571	0.00	0.00
604.4418	0.00	0.00
604.8313	0.00	0.00
605.2125	0.00	0.00
605.5610	0.00	0.00
605.9408	0.00	0.00
606.3228	0.00	0.00
606.7128	0.00	0.00
607.0667	0.00	0.00
607.4322	0.00	0.00
607.8202	0.00	0.00
608.2132	0.00	0.00
608.5842	0.00	0.00
608.9507	0.00	0.00
609.3220	0.00	0.00
609.7132	0.00	0.00
610.0619	0.00	0.00
610.4446	0.00	0.00
610.8114	0.00	0.00
611.1923	0.00	0.00
611.5443	0.00	0.00
611.9340	0.00	0.00
612.3358	0.00	0.00
612.7044	0.00	0.00
613.0663	0.00	0.00
613.4333	0.00	0.00
613.8256	0.00	0.00
614.2160	0.00	0.00
614.5823	0.00	0.00
614.9829	0.00	0.00
615.3657	0.00	0.00
615.7388	0.00	0.00
616.1081	0.00	0.00
616.5090	0.00	0.00
616.8739	0.00	0.00
617.2651	0.00	0.00
617.6112	0.00	0.00
617.9828	0.00	0.00
618.3371	0.00	0.00
618.6410	0.00	0.00
619.0511	0.00	0.00
619.4231	0.00	0.00
619.8149	0.00	0.00
620.1565	0.00	0.00
620.5503	0.00	0.00
620.9274	0.00	0.00
621.3287	0.00	0.00
621.6790	0.00	0.00
622.1024	0.00	0.00
622.4751	0.00	0.00
622.8608	0.00	0.00
623.2925	0.00	0.00
623.6362	0.00	0.00
624.0393	0.00	0.00
624.4174	0.00	0.00
624.8018	0.00	0.00
625.1683	0.00	0.00
625.5465	0.00	0.00
625.9230	0.00	0.00
626.3201	0.00	0.00
626.6858	0.00	0.00
627.0719	0.00	0.00
627.4604	0.00	0.00
627.8322	0.00	0.00
628.1798	0.00	0.00
628.5528	0.00	0.00
628.9634	0.00	0.00
629.3304	0.00	0.00
629.6746	0.00	0.00
630.0668	0.00	0.00
630.4697	0.00	0.00
630.8183	0.00	0.00
631.1693	0.00	0.00
631.5711	0.00	0.00
631.9395	0.00	0.00
632.3283	0.00	0.00
632.6940	0.00	0.00
633.0902	0.00	0.00
633.4644	0.00	0.00
633.8248	0.00	0.00
634.1817	0.00	0.00
634.5535	0.00	0.00
634.9523	0.00	0.00
635.3442	0.00	0.00
635.7042	0.00	0.00
636.0844	0.00	0.00
636.4660	0.00	0.00
636.8323	0.00	0.00
637.1874	0.00	0.00
637.5785	0.00	0.00
637.9609	0.00	0.00
638.4044	0.00	0.00
638.7493	0.00	0.00
639.1215	0.00	0.00
639.5197	0.00	0.00
639.9064	0.00	0.00
640.3339	0.00	0.00
640.6913	0.00	0.00
641.0697	0.00	0.00
641.4649	0.00	0.00
641.8319	0.00	0.00
642.1866	0.00	0.00
642.5826	0.00	0.00
642.9690	0.00	0.00
643.3544	0.00	0.00
643.7064	0.00	0.00
644.1014	0.00	0.00
644.4703	0.00	0.00
644.8663	0.00	0.00
645.2320	0.00	0.00
645.6203	0.00	0.00
646.0240	0.00	0.00
646.4382	0.00	0.00
646.7468	0.00	0.00
647.1152	0.00	0.00
647.5270	0.00	0.00
647.9233	0.00	0.00
648.2751	0.00	0.00
648.6434	0.00	0.00
649.0264	0.00	0.00
649.4139	0.00	0.00
649.7702	0.00	0.00
650.1465	0.00	0.00
650.5524	0.00	0.00
650.9509	0.00	0.00
651.3307	0.00	0.00
651.7531	0.00	0.00
652.1325	0.00	0.00
652.5203	0.00	0.00
652.8601	0.00	0.00
653.2522	0.00	0.00
653.6200	0.00	0.00
654.0081	0.00	0.00
654.3583	0.00	0.00
654.7462	0.00	0.00
655.1318	0.00	0.00
655.5423	0.00	0.00
655.8844	0.00	0.00
656.2556	0.00	0.00
656.6482	0.00	0.00
657.0578	0.00	0.00
657.4193	0.00	0.00
657.7809	0.00	0.00
658.1763	0.00	0.00
658.5748	0.00	0.00
658.9171	0.00	0.00
659.3281	0.00	0.00
659.7292	0.00	0.00
660.1443	0.00	0.00
660.5707	0.00	0.00
660.9056	0.00	0.00
661.3154	0.00	0.00
661.7123	0.00	0.00
662.0713	0.00	0.00
662.4162	0.00	0.00
662.8041	0.00	0.00
663.2294	0.00	0.00
663.6067	0.00	0.00
663.9483	0.00	0.00
664.3511	0.00	0.00
664.7221	0.00	0.00
665.1239	0.00	0.00
665.5556	0.00	0.00
665.9050	0.00	0.00
666.2936	0.00	0.00
666.6778	0.00	0.00
667.0806	0.00	0.00
667.4511	0.00	0.00
667.8453	0.00	0.00
668.2135	0.00	0.00
668.6038	0.00	0.00
668.9457	0.00	0.00
669.3553	0.00	0.00
669.7426	0.00	0.00
670.1224	0.00	0.00
670.4692	0.00	0.00
670.8541	0.00	0.00
671.2472	0.00	0.00
671.6286	0.00	0.00
671.9636	0.00	0.00
672.3573	0.00	0.00
672.7485	0.00	0.00
673.1402	0.00	0.00
673.5636	0.00	0.00
673.9155	0.00	0.00
674.2901	0.00	0.00
674.6827	0.00	0.00
675.0502	0.00	0.00
675.4035	0.00	0.00
675.7922	0.00	0.00
676.1765	0.00	0.00
676.5835	0.00	0.00
676.9355	0.00	0.00
677.3604	0.00	0.00
677.7217	0.00	0.00
678.1222	0.00	0.00
678.4474	0.00	0.00
678.8118	0.00	0.00
679.2331	0.00	0.00
679.6306	0.00	0.00
679.9705	0.00	0.00
680.3623	0.00	0.00
680.7271	0.00	0.00
681.1089	0.00	0.00
681.4532	0.00	0.00
681.8614	0.00	0.00
682.2853	0.00	0.00
682.6458	0.00	0.00
682.9982	0.00	0.00
683.3871	0.00	0.00
683.7504	0.00	0.00
684.1562	0.00	0.00
684.5826	0.00	0.00
684.9474	0.00	0.00
685.3482	0.00	0.00
685.7679	0.00	0.00
686.1586	0.00	0.00
686.5013	0.00	0.00
686.8834	0.00	0.00
687.2597	0.00	0.00
687.6614	0.00	0.00
687.9959	0.00	0.00
688.3860	0.00	0.00
688.7525	0.00	0.00
689.1628	0.00	0.00
689.5979	0.00	0.00
689.9538	0.00	0.00
690.3503	0.00	0.00
690.7051	0.00	0.00
691.0952	0.00	0.00
691.4589	0.00	0.00
691.8247	0.00	0.00
692.2120	0.00	0.00
692.6387	0.00	0.00
692.9852	0.00	0.00
693.3989	0.00	0.00
693.8139	0.00	0.00
694.2246	0.00	0.00
694.6431	0.00	0.00
694.9828	0.00	0.00
695.4070	0.00	0.00
695.8279	0.00	0.00
696.2246	0.00	0.00
696.6531	0.00	0.00
696.9893	0.00	0.00
697.4061	0.00	0.00
697.8212	0.00	0.00
698.2321	0.00	0.00
698.6708	0.00	0.00
699.0005	0.00	0.00
699.4214	0.00	0.00
699.8275	0.00	0.00
700.2103	0.00	0.00
700.5957	0.00	0.00
700.9465	0.00	0.00
701.3113	0.00	0.00
701.6972	0.00	0.00
702.0984	0.00	0.00
702.4640	0.00	0.00
702.8852	0.00	0.00
703.2660	0.00	0.00
703.6600	0.00	0.00
703.9912	0.00	0.00
704.3941	0.00	0.00
704.7831	0.00	0.00
705.2113	0.00	0.00
705.6128	0.00	0.00
705.9599	0.00	0.00
706.3788	0.00	0.00
706.7621	0.00	0.00
707.1795	0.00	0.00
707.5127	0.00	0.00
707.9444	0.00	0.00
708.3469	0.00	0.00
708.7608	0.00	0.00
709.1498	0.00	0.00
709.5100	0.00	0.00
709.9524	0.00	0.00
710.3720	0.00	0.00
710.7651	0.00	0.00
711.1985	0.00	0.00
711.5481	0.00	0.00
711.9479	0.00	0.00
712.3653	0.00	0.00
712.7750	0.00	0.00
713.1757	0.00	0.00
713.5392	0.00	0.00
713.9335	0.00	0.00
714.3304	0.00	0.00
714.7144	0.00	0.00
715.0736	0.00	0.00
715.4906	0.00	0.00
715.8823	0.00	0.00
716.2903	0.00	0.00
716.7168	0.00	0.00
717.0713	0.00	0.00
717.4776	0.00	0.00
717.8950	0.00	0.00
718.2795	0.00	0.00
718.6199	0.00	0.00
719.0200	0.00	0.00
719.3921	0.00	0.00
719.7765	0.00	0.00
720.1152	0.00	0.00
720.5400	0.00	0.00
720.9389	0.00	0.00
721.3570	0.00	0.00
721.7676	0.00	0.00
722.1196	0.00	0.00
722.5356	0.00	0.00
722.9527	0.00	0.00
723.3381	0.00	0.00
723.7390	0.00	0.00
724.0948	0.00	0.00
724.5144	0.00	0.00
724.8823	0.00	0.00
725.2792	0.00	0.00
725.6193	0.00	0.00
726.0321	0.00	0.00
726.4226	0.00	0.00
726.7996	0.00	0.00
727.1412	0.00	0.00
727.5330	0.00	0.00
727.9253	0.00	0.00
728.3210	0.00	0.00
728.7661	0.00	0.00
729.1073	0.00	0.00
729.5160	0.00	0.00
729.9320	0.00	0.00
730.3202	0.00	0.00
730.6704	0.00	0.00
731.0780	0.00	0.00
731.5155	0.00	0.00
731.8880	0.00	0.00
732.2943	0.00	0.00
732.6584	0.00	0.00
733.0659	0.00	0.00
733.4545	0.00	0.00
733.8485	0.00	0.00
734.2012	0.00	0.00
734.6431	0.00	0.00
735.0353	0.00	0.00
735.4200	0.00	0.00
735.8161	0.00	0.00
736.1626	0.00	0.00
736.5674	0.00	0.00
736.9337	0.00	0.00
737.3320	0.00	0.00
737.6966	0.00	0.00
738.0805	0.00	0.00
738.4595	0.00	0.00
738.9164	0.00	0.00
739.3421	0.00	0.00
739.6878	0.00	0.00
740.0809	0.00	0.00
740.4785	0.00	0.00
740.9010	0.00	0.00
741.2404	0.00	0.00
741.6579	0.00	0.00
742.0769	0.00	0.00
742.4683	0.00	0.00
742.8810	0.00	0.00
743.2260	0.00	0.00
743.6609	0.00	0.00
744.0355	0.00	0.00
744.4579	0.00	0.00
744.8823	0.00	0.00
745.2163	0.00	0.00
745.6252	0.00	0.00
746.0000	0.00	0.00
746.4074	0.00	0.00
746.7624	0.00	0.00
747.1751	0.00	0.00
747.5936	0.00	0.00
748.0210	0.00	0.00
748.4530	0.00	0.00
748.7921	0.00	0.00
749.2083	0.00	0.00
749.6350	0.00	0.00
750.0064	0.00	0.00
750.4253	0.00	0.00
750.7765	0.00	0.00
751.1974	0.00	0.00
751.5882	0.00	0.00
752.0134	0.00	0.00
752.4241	0.00	0.00
752.7925	0.00	0.00
753.2247	0.00	0.00
753.6242	0.00	0.00
754.0133	0.00	0.00
754.4720	0.00	0.00
754.8331	0.00	0.00
755.2515	0.00	0.00
755.6225	0.00	0.00
756.0189	0.00	0.00
756.3655	0.00	0.00
756.7760	0.00	0.00
757.1338	0.00	0.00
757.5361	0.00	0.00
757.8872	0.00	0.00
758.2873	0.00	0.00
758.6974	0.00	0.00
759.0814	0.00	0.00
759.4815	0.00	0.00
759.8422	0.00	0.00
760.2495	0.00	0.00
760.6563	0.00	0.00
761.0391	0.00	0.00
761.3800	0.00	0.00
761.7870	0.00	0.00
762.1744	0.00	0.00
762.6018	0.00	0.00
763.0069	0.00	0.00
763.3738	0.00	0.00
763.8105	0.00	0.00
764.1759	0.00	0.00
764.5895	0.00	0.00
765.0234	0.00	0.00
765.3997	0.00	0.00
765.8591	0.00	0.00
766.2912	0.00	0.00
766.6709	0.00	0.00
767.0667	0.00	0.00
767.4175	0.00	0.00
767.8238	0.00	0.00
768.2098	0.00	0.00
768.6038	0.00	0.00
768.9457	0.00	0.00
769.3288	0.00	0.00
769.7320	0.00	0.00
770.1734	0.00	0.00
770.6269	0.00	0.00
770.9755	0.00	0.00
771.4276	0.00	0.00
771.8644	0.00	0.00
772.3033	0.00	0.00
772.7280	0.00	0.00
773.1127	0.00	0.00
773.4868	0.00	0.00
773.9272	0.00	0.00
774.3244	0.00	0.00
774.7553	0.00	0.00
775.1614	0.00	0.00
775.5277	0.00	0.00
775.9428	0.00	0.00
776.3248	0.00	0.00
776.7640	0.00	0.00
777.1706	0.00	0.00
777.5207	0.00	0.00
777.9239	0.00	0.00
778.3584	0.00	0.00
778.8049	0.00	0.00
779.2044	0.00	0.00
779.5542	0.00	0.00
779.9948	0.00	0.00
780.4369	0.00	0.00
780.8703	0.00	0.00
781.2571	0.00	0.00
781.5984	0.00	0.00
782.0196	0.00	0.00
782.4508	0.00	0.00
782.8951	0.00	0.00
783.3154	0.00	0.00
783.7500	0.00	0.00
784.1887	0.00	0.00
784.5343	0.00	0.00
784.9248	0.00	0.00
785.3144	0.00	0.00
785.7306	0.00	0.00
786.0790	0.00	0.00
786.5201	0.00	0.00
786.9529	0.00	0.00
787.3671	0.00	0.00
787.8111	0.00	0.00
788.2387	0.00	0.00
788.6058	0.00	0.00
789.0222	0.00	0.00
789.4210	0.00	0.00
789.8558	0.00	0.00
790.2765	0.00	0.00
790.7230	0.00	0.00
791.0674	0.00	0.00
791.4620	0.00	0.00
791.8963	0.00	0.00
792.2855	0.00	0.00
792.7550	0.00	0.00
793.1000	0.00	0.00
793.5521	0.00	0.00
793.9695	0.00	0.00
794.4229	0.00	0.00
794.8726	0.00	0.00
795.2899	0.00	0.00
795.6270	0.00	0.00
796.0512	0.00	0.00
796.4799	0.00	0.00
796.9387	0.00	0.00
797.3501	0.00	0.00
797.7783	0.00	0.00
798.1150	0.00	0.00
798.5253	0.00	0.00
798.9148	0.00	0.00
799.2894	0.00	0.00
799.7413	0.00	0.00
800.0856	0.00	0.00
800.5458	0.00	0.00
800.9751	0.00	0.00
801.4163	0.00	0.00
801.8528	0.00	0.00
802.2378	0.00	0.00
802.5984	0.00	0.00
803.0454	0.00	0.00
803.4872	0.00	0.00
803.8883	0.00	0.00
804.2970	0.00	0.00
804.7511	0.00	0.00
805.1047	0.00	0.00
805.5608	0.00	0.00
805.9708	0.00	0.00
806.3958	0.00	0.00
806.8141	0.00	0.00
807.1554	0.00	0.00
807.5939	0.00	0.00
807.9955	0.00	0.00
808.3930	0.00	0.00
808.7897	0.00	0.00
809.1372	0.00	0.00
809.5843	0.00	0.00
810.0064	0.00	0.00
810.3979	0.00	0.00
810.8410	0.00	0.00
811.1717	0.00	0.00
811.5827	0.00	0.00
811.9981	0.00	0.00
812.4090	0.00	0.00
812.8295	0.00	0.00
813.2753	0.00	0.00
813.6373	0.00	0.00
814.0548	0.00	0.00
814.4527	0.00	0.00
814.8931	0.00	0.00
815.2821	0.00	0.00
815.6448	0.00	0.00
816.0614	0.00	0.00
816.5035	0.00	0.00
816.9466	0.00	0.00
817.3942	0.00	0.00
817.8515	0.00	0.00
818.1996	0.00	0.00
818.5913	0.00	0.00
819.0414	0.00	0.00
819.4803	0.00	0.00
819.9321	0.00	0.00
820.3800	0.00	0.00
820.7342	0.00	0.00
821.1678	0.00	0.00
821.6191	0.00	0.00
822.0351	0.00	0.00
822.4357	0.00	0.00
822.8701	0.00	0.00
823.2250	0.00	0.00
823.6348	0.00	0.00
824.0588	0.00	0.00
824.4798	0.00	0.00
824.9270	0.00	0.00
825.2725	0.00	0.00
825.7302	0.00	0.00
826.1301	0.00	0.00
826.5271	0.00	0.00
826.9790	0.00	0.00
827.3165	0.00	0.00
827.7723	0.00	0.00
828.1694	0.00	0.00
828.5893	0.00	0.00
829.0249	0.00	0.00
829.4626	0.00	0.00
829.8053	0.00	0.00
830.2429	0.00	0.00
830.6324	0.00	0.00
831.0763	0.00	0.00
831.4586	0.00	0.00
831.8122	0.00	0.00
832.2618	0.00	0.00
832.7070	0.00	0.00
833.1429	0.00	0.00
833.5734	0.00	0.00
833.9634	0.00	0.00
834.3078	0.00	0.00
834.7229	0.00	0.00
835.1666	0.00	0.00
835.6119	0.00	0.00
836.0404	0.00	0.00
836.4929	0.00	0.00
836.8419	0.00	0.00
837.2801	0.00	0.00
837.7164	0.00	0.00
838.1029	0.00	0.00
838.4942	0.00	0.00
838.8406	0.00	0.00
839.2861	0.00	0.00
839.7597	0.00	0.00
840.1673	0.00	0.00
840.6193	0.00	0.00
841.0519	0.00	0.00
841.4031	0.00	0.00
841.8319	0.00	0.00
842.2605	0.00	0.00
842.6596	0.00	0.00
843.0858	0.00	0.00
843.6127	0.00	0.00
844.3759	0.00	0.00
844.8375	816.01	804.66
845.2581	769.10	765.90
845.6743	731.72	730.91
846.1175	702.35	702.85
846.5669	678.45	678.57
847.0284	659.52	660.26
847.3650	644.81	646.94
847.7682	634.30	636.93
848.2214	626.40	628.45
848.6599	618.69	622.01
849.0925	612.06	618.21
849.5363	610.52	616.23
849.8881	606.61	613.89
850.3222	608.02	613.56
850.7308	608.04	613.48
851.1552	606.51	612.87
851.5605	607.63	613.09
851.9252	607.51	613.54
852.3641	606.68	612.60
852.7599	607.40	613.06
853.2012	605.03	612.06
853.6591	607.45	612.73
854.0949	606.41	612.15
854.4522	606.46	611.14
854.8786	602.72	609.17
855.2830	601.79	609.12
855.6726	602.37	608.73
856.1377	601.85	607.83
856.4766	601.34	608.10
856.9086	598.80	606.75
857.3436	597.69	604.70
857.7345	598.19	604.55
858.1770	598.33	602.06
858.4986	595.18	601.72
858.9379	595.30	601.09
859.3148	593.37	600.76
859.7498	594.06	599.19
860.1619	590.11	597.03
860.6164	591.50	597.98
860.9846	589.01	596.49
861.4266	589.20	596.19
861.8646	587.75	593.51
862.2855	585.88	592.75
862.6919	584.40	591.98
863.1157	584.66	590.81
863.4628	582.74	590.20
863.9368	584.04	589.20
864.3565	580.91	588.12
864.7925	581.68	587.92
865.2307	580.05	585.26
865.6779	579.16	585.67
866.1238	577.77	584.19
866.4664	576.64	583.92
866.9242	577.04	583.02
867.3635	576.17	581.67
867.8006	576.33	582.41
868.2426	574.41	581.41
868.6616	575.30	581.13
868.9942	574.26	579.37
869.4149	568.22	576.57
869.8484	566.57	574.66
870.2857	566.16	573.27
870.7361	565.56	570.71
871.1803	563.48	571.14
871.6498	564.81	570.68
872.1239	561.16	569.01
872.4639	561.62	568.45
872.8509	560.85	566.96
873.2498	560.29	567.82
873.6802	559.04	565.67
874.0362	557.99	565.69
874.4602	558.01	565.24
874.8939	557.52	564.14
875.3420	556.76	562.84
875.7904	556.67	563.14
876.2227	554.79	562.42
876.6753	556.20	562.44
877.0163	556.09	562.26
877.4597	554.79	561.27
877.9018	555.21	561.28
878.2990	554.23	560.45
878.7079	554.61	560.09
879.0431	553.41	559.13
879.4439	551.92	559.41
879.8867	552.79	559.08
880.3255	552.49	558.91
880.7737	553.22	559.39
881.2170	552.41	557.82
881.5621	552.08	557.36
881.9681	550.15	556.83
882.3600	551.29	556.97
882.7526	550.74	556.38
883.1048	550.57	556.77
883.5681	549.58	555.57
883.9666	549.05	555.55
884.4351	548.71	555.25
884.8505	549.72	555.36
885.2983	546.91	554.49
885.7646	549.18	554.53
886.1228	546.98	554.06
886.5537	546.37	553.46
886.9745	546.86	553.69
887.4285	546.65	553.46
887.8697	547.45	553.11
888.3125	548.97	552.94
888.7424	547.47	553.93
889.0854	549.08	553.51
889.5474	547.24	553.12
889.9939	545.88	552.08
890.4122	547.69	552.72
890.8620	546.28	551.84
891.2745	546.57	552.54
891.6264	546.77	551.70
892.0525	543.87	551.23
892.4893	545.94	551.31
892.8973	544.71	550.80
893.2922	545.16	551.58
893.6311	543.89	550.78
894.0554	545.62	550.79
894.4716	545.56	551.34
894.9267	545.16	551.38
895.3545	545.92	550.46
895.8030	546.40	552.22
896.1439	544.74	551.55
896.5952	545.76	551.23
897.0300	545.92	551.80
897.4602	545.70	551.81
897.9311	544.57	551.42
898.3437	545.72	551.23
898.7945	546.30	552.55
899.1323	545.58	552.02
899.5436	545.57	551.44
899.9865	547.49	552.99
900.4255	546.38	553.53
900.8212	546.61	553.26
901.1702	545.96	552.29
901.5456	545.37	550.54
901.9358	544.84	549.89
902.3185	544.47	550.39
902.6759	543.33	550.32
903.0980	542.97	549.66
903.4811	546.17	550.64
903.8873	544.24	551.57
904.3088	543.18	550.17
904.6550	544.87	550.00
905.0677	544.89	550.78
905.5022	544.29	550.02
905.9067	543.35	550.12
906.3725	545.76	552.00
906.7398	544.48	550.03
907.1633	544.92	550.43
907.5924	543.91	550.13
907.9720	545.88	550.66
908.4058	544.00	550.90
908.7486	544.43	550.56
909.1653	546.49	551.37
909.5544	544.59	550.80
909.9642	545.52	551.32
910.3908	545.42	551.02
910.7390	544.91	552.28
911.1427	544.43	551.58
911.5065	545.57	551.52
911.8956	546.84	551.78
912.2631	544.51	551.15
912.6649	544.54	551.83
913.0650	547.30	551.81
913.4847	546.06	553.08
913.8296	550.17	553.90
914.2558	547.08	554.12
914.6695	548.49	554.28
915.0780	546.64	553.14
915.5029	544.31	551.90
915.9409	545.85	551.35
916.2892	545.69	550.99
916.7031	548.45	552.29
917.1284	547.29	551.93
917.5190	546.99	551.82
917.8574	547.60	551.28
918.2762	545.15	551.72
918.6738	546.05	551.69
919.0996	545.78	552.43
919.4914	546.59	552.61
919.8160	547.79	553.57
920.2497	548.82	554.60
920.6806	548.58	553.76
921.0738	547.94	553.72
921.4112	546.88	552.92
921.8360	547.74	553.58
922.2567	548.86	553.28
922.6467	547.77	552.86
923.0407	548.39	553.96
923.3843	548.50	553.73
923.8046	548.45	553.96
924.2312	549.65	553.43
924.6470	549.78	553.88
925.0299	547.76	553.12
925.3810	547.58	553.03
925.7988	548.87	553.49
926.2203	548.41	553.64
926.6290	547.27	553.26
927.0905	549.37	554.51
927.4413	549.71	554.73
927.8974	549.94	554.94
928.3028	550.08	554.42
928.6675	550.07	554.33
929.0750	551.07	555.20
929.4320	550.72	555.72
929.8684	551.51	555.46
930.2914	551.20	555.98
930.6814	552.39	557.12
931.0658	554.71	558.16
931.4285	551.34	556.98
931.8593	551.96	556.60
932.2405	553.48	557.37
932.6234	552.70	557.54
932.9597	552.06	556.49
933.3613	550.84	556.17
933.7612	549.71	555.69
934.1946	552.72	556.08
934.5948	549.53	555.15
934.9363	550.80	555.79
935.3798	552.21	555.54
935.7930	550.39	555.96
936.2263	552.59	556.28
936.6583	550.76	556.25
937.0780	549.23	555.96
937.4307	551.10	555.89
937.8237	552.22	555.96
938.2555	550.26	555.84
938.6620	550.89	555.72
938.9997	550.82	556.37
939.4275	549.88	555.97
939.8384	552.68	555.76
940.2160	550.94	555.56
940.6131	550.62	555.63
940.9593	551.61	556.64
941.3939	551.87	556.47
941.7903	550.34	556.86
942.2273	552.74	557.21
942.6266	553.11	558.34
942.9882	555.35	559.45
943.3838	555.79	559.65
943.7794	553.72	557.66
944.1767	554.67	558.30
944.6083	553.77	558.40
944.9539	553.67	558.32
945.3428	551.83	558.17
945.7772	554.59	558.45
946.1945	554.91	559.03
946.5892	553.23	559.40
947.0146	554.86	560.07
947.4380	554.21	559.15
947.8881	556.30	561.74
948.3146	558.00	561.64
948.7252	555.91	561.00
949.0834	554.60	559.86
949.5033	556.15	560.81
949.9283	553.65	560.59
950.3211	556.82	560.99
950.7560	556.37	560.71
951.1849	555.66	560.29
951.5572	556.20	560.64
951.9813	555.08	560.55
952.3872	554.25	560.22
952.8815	555.27	560.21
953.2832	554.82	560.10
953.6194	555.72	558.61
954.0528	552.83	558.34
954.4606	553.86	558.73
954.8503	555.95	560.16
955.2725	556.30	559.90
955.6776	554.90	560.10
956.0844	556.43	560.77
956.5234	555.28	560.14
956.9650	556.73	561.00
957.3643	555.78	560.12
957.7942	554.35	560.88
958.2350	556.84	561.07
958.6604	554.43	560.85
959.1028	557.39	561.70
959.5199	557.54	561.22
959.9712	556.81	562.20
960.4190	557.04	561.84
960.8107	557.16	562.03
961.2707	557.86	561.65
961.6236	558.53	563.24
962.0110	558.42	562.42
962.4173	558.63	562.46
962.8205	560.01	562.24
963.1762	558.44	563.12
963.5878	557.67	562.34
964.0276	559.21	563.21
964.4693	558.82	564.53
964.8998	562.50	565.72
965.2500	560.59	564.30
965.6570	560.16	564.08
966.0292	558.13	562.31
966.4313	558.93	562.85
966.8707	557.28	561.71
967.2105	558.51	561.48
967.6438	558.35	562.71
968.0199	557.43	562.06
968.4136	558.68	561.81
968.7483	558.30	562.72
969.1805	557.16	563.28
969.5839	557.92	562.67
969.9626	560.52	563.27
970.4063	560.28	562.65
970.7489	560.94	563.43
971.1803	558.87	562.93
971.5901	558.79	563.53
971.9592	560.66	564.28
972.3624	559.42	563.45
972.7054	560.43	564.14
973.1053	559.70	563.47
973.5526	558.53	564.04
973.9715	561.64	565.03
974.3748	561.11	563.15
974.7231	559.96	563.61
975.1866	559.58	563.04
975.5911	560.44	563.10
975.9929	559.77	563.67
976.3993	560.60	563.74
976.7474	559.82	562.93
977.1396	561.34	564.02
977.5355	560.79	564.34
977.9295	561.49	564.53
978.2749	558.54	564.33
978.6892	561.33	564.57
979.1205	560.21	565.49
979.5859	562.59	565.52
979.9518	560.68	565.20
980.2989	563.32	565.66
980.6976	563.68	566.66
981.1483	562.35	566.30
981.5250	563.06	565.91
981.8748	562.21	565.55
982.3004	559.28	564.98
982.7236	561.25	564.71
983.1218	558.50	564.16
983.5446	560.89	565.13
983.9821	564.19	565.25
984.3302	562.23	565.84
984.7124	559.86	564.07
985.1125	563.08	565.98
985.5378	562.95	565.87
985.8718	561.46	565.27
986.2698	561.37	565.88
986.6723	560.74	565.37
987.0965	562.14	565.71
987.4821	562.37	565.99
987.8355	563.17	566.28
988.2286	562.77	566.80
988.6673	563.51	566.91
989.1264	562.75	566.98
989.5447	565.85	567.64
989.9940	564.62	568.12
990.3283	563.10	567.59
990.7254	563.45	567.96
991.1790	565.63	569.53
991.6116	566.21	569.22
992.0498	564.42	568.29
992.4800	565.82	568.44
992.8189	566.37	568.17
993.2080	564.21	568.37
993.6151	563.66	566.63
994.0538	566.30	567.88
994.4890	564.31	567.78
994.8400	564.46	567.89
995.2790	565.38	567.74
995.6644	564.85	568.22
996.1029	565.96	568.70
996.4923	564.23	567.39
996.8307	564.07	567.20
997.2899	564.70	568.23
997.7185	563.69	567.82
998.1561	565.85	568.16
998.5359	564.69	567.75
998.8713	564.91	567.92
999.3185	565.20	568.30
999.7160	566.33	569.78
1000.1617	567.01	569.17
1000.5461	565.29	568.55
1000.8787	566.31	568.29
1001.3058	564.65	567.24
1001.7381	566.49	568.42
1002.1690	566.54	567.93
1002.6024	565.67	568.82
1002.9935	566.40	568.15
1003.3347	565.26	567.37
1003.7707	564.85	567.50
1004.1661	566.36	567.78
1004.6129	566.82	567.94
1005.0528	565.19	568.37
1005.4851	565.02	568.24
1005.8337	566.38	568.56
1006.2617	565.16	568.36
1006.6633	566.79	568.37
1007.0763	566.14	568.66
1007.5063	566.82	567.92
1007.8565	566.63	568.72
1008.2973	564.93	568.47
1008.7065	565.65	568.51
1009.1533	567.73	568.99
1009.5840	566.40	568.59
1010.0252	565.60	568.77
1010.3787	568.15	569.04
1010.8264	569.38	570.31
1011.2574	565.75	569.27
1011.6389	567.23	568.96
1012.0453	567.73	569.74
1012.4051	567.70	570.39
1012.8142	568.32	570.85
1013.2483	568.37	571.37
1013.6844	568.70	571.29
1014.1458	570.99	572.07
1014.6063	569.00	571.58
1014.9407	567.79	570.46
1015.3686	569.11	569.67
1015.7511	567.31	570.95
1016.1529	568.98	570.30
1016.5939	569.00	571.43
1016.9294	568.92	570.31
1017.3305	568.08	570.22
1017.7738	566.25	569.67
1018.2276	567.04	569.94
1018.6790	568.45	570.30
1019.1110	568.69	569.57
1019.4460	570.68	570.31
1019.8581	565.74	569.39
1020.3025	567.65	570.65
1020.7300	566.70	569.80
1021.1229	570.61	570.96
1021.4679	568.31	570.08
1021.8962	567.46	569.30
1022.3016	568.57	571.01
1022.7546	568.87	570.81
1023.1769	570.99	571.90
1023.6063	569.67	572.17
1023.9480	571.79	572.95
1024.3764	570.04	571.95
1024.7802	570.62	571.93
1025.2196	569.10	571.48
1025.6845	569.26	571.01
1026.1250	570.76	571.87
1026.4867	571.48	571.29
1026.8925	569.99	571.32
1027.2861	568.74	570.23
1027.7322	570.64	571.46
1028.1942	569.28	571.21
1028.6345	568.71	570.29
1028.9792	569.37	571.56
1029.4250	571.28	571.18
1029.8421	569.90	571.56
1030.2280	568.04	570.81
1030.6184	569.96	571.99
1030.9641	569.76	571.89
1031.3865	569.58	571.64
1031.7812	570.78	571.68
1032.1808	569.95	571.90
1032.6131	570.67	572.33
1032.9510	571.36	572.49
1033.3566	570.14	571.87
1033.8034	570.24	571.06
1034.2395	570.07	571.87
1034.6646	571.08	571.99
1035.0029	573.54	573.04
1035.4296	571.59	572.16
1035.8427	570.85	571.73
1036.2371	570.25	571.58
1036.6426	569.01	571.36
1036.9983	570.67	572.58
1037.4546	570.39	571.53
1037.8942	570.68	571.98
1038.3379	572.70	571.99
1038.7931	572.43	572.83
1039.2215	572.18	572.69
1039.5573	571.20	572.56
1039.9424	570.60	571.76
1040.3692	571.02	571.77
1040.7924	572.60	573.32
1041.1905	572.70	572.83
1041.5424	570.89	572.70
1041.9503	572.47	572.92
1042.3899	572.32	572.90
1042.8232	573.48	572.11
1043.2668	570.56	571.83
1043.7159	572.56	572.36
1044.0588	572.58	572.64
1044.5014	573.67	572.87
1044.9291	571.63	572.73
1045.3192	573.89	573.58
1045.7668	571.98	573.53
1046.2288	572.09	573.10
1046.5952	572.46	572.85
1047.0303	572.04	572.87
1047.4189	572.67	573.17
1047.8763	574.80	573.91
1048.2906	573.33	574.17
1048.6202	572.96	573.55
1049.0241	573.14	574.31
1049.4702	572.76	574.33
1049.9358	574.60	573.96
1050.3562	573.35	573.93
1050.7995	574.59	575.06
1051.2647	575.24	575.59
1051.6068	575.42	575.23
1052.0345	574.32	574.89
1052.5098	574.75	574.84
1052.9051	575.61	574.72
1053.3162	573.27	575.54
1053.8359	576.10	576.74
1054.3073	577.49	576.59
1054.7551	578.18	576.08
1055.0923	573.20	574.88
1055.5433	575.15	575.06
1056.0174	576.33	576.17
1056.4242	573.38	574.59
1056.8647	575.86	576.35
1057.2550	575.75	575.85
1057.6073	575.92	576.40
1058.0560	576.24	576.02
1058.4782	576.13	576.36
1058.9119	577.48	576.78
1059.3621	578.62	576.97
1059.7967	577.36	576.73
1060.1507	577.37	577.24
1060.6096	576.10	576.83
1061.0019	577.60	577.58
1061.4199	578.92	577.92
1061.8466	577.10	576.22
1062.2852	573.42	575.06
1062.6286	575.58	575.55
1063.0746	575.31	575.98
1063.5137	574.49	573.94
1063.9043	574.54	574.41
1064.3437	574.95	573.53
1064.7932	573.83	573.94
1065.1486	574.99	574.27
1065.5827	575.07	574.96
1066.0245	574.81	573.55
1066.4259	575.25	574.64
1066.8282	576.93	575.72
1067.1637	575.30	574.69
1067.5569	575.32	575.35
1068.0029	575.93	575.53
1068.4486	575.98	575.33
1068.8723	577.02	575.88
1069.2152	576.45	575.85
1069.6557	575.84	575.48
1070.0965	577.04	576.10
1070.5439	578.30	576.73
1070.9851	577.35	576.65
1071.4295	574.85	576.35
1071.8890	576.64	576.78
1072.2436	579.63	577.10
1072.6736	577.94	576.87
1073.1034	579.41	577.28
1073.5645	578.72	577.27
1073.9779	578.22	577.05
1074.4343	577.13	576.92
1074.8668	579.74	577.47
1075.2141	576.49	576.69
1075.6949	576.64	576.51
1076.1033	576.94	576.49
1076.5714	577.79	577.00
1077.0032	576.52	577.67
1077.4223	575.35	576.67
1077.7853	578.26	577.99
1078.2290	577.01	578.29
1078.6589	579.02	578.69
1079.0550	578.13	578.47
1079.4623	580.49	578.22
1079.8162	577.93	577.12
1080.2895	576.87	576.92
1080.7306	579.20	576.44
1081.1719	575.68	576.48
1081.6204	577.73	576.33
1082.0883	577.40	576.67
1082.5586	580.18	577.43
1083.0171	576.88	577.19
1083.3687	578.02	577.76
1083.7955	576.96	576.25
1084.2375	577.05	576.62
1084.6726	578.15	577.17
1085.0746	578.07	577.07
1085.5293	579.89	577.49
1085.8895	579.88	577.49
1086.3100	575.99	576.55
1086.7645	577.00	576.91
1087.2070	579.68	577.82
1087.6569	578.95	578.03
1088.0555	582.27	579.78
1088.4113	581.57	579.15
1088.8540	578.53	578.58
1089.2994	579.31	578.22
1089.7474	579.04	579.04
1090.2006	580.58	579.08
1090.5930	579.82	577.80
1090.9280	581.21	577.94
1091.3421	579.80	578.58
1091.8155	579.68	578.58
1092.2161	579.29	578.66
1092.6761	580.37	578.74
1093.1134	579.85	579.04
1093.5664	581.96	580.04
1093.9270	581.11	580.04
1094.3472	583.77	580.33
1094.8018	580.05	580.43
1095.2468	579.77	580.04
1095.6430	583.02	581.49
1096.0914	582.48	581.23
1096.4501	582.55	580.76
1096.9246	580.91	580.59
1097.3651	582.75	579.84
1097.8254	581.62	580.01
1098.2454	582.35	580.47
1098.6802	580.88	580.32
1099.1303	583.32	581.89
1099.4855	582.66	581.39
1099.9479	581.62	581.34
1100.3298	581.98	580.56
1100.7545	582.22	580.65
1101.1744	582.68	580.72
1101.6243	583.97	582.10
1101.9713	583.03	581.05
1102.4176	581.62	581.10
1102.8683	582.35	581.41
1103.3024	582.37	581.88
1103.7488	584.08	581.90
1104.1800	586.26	582.72
1104.6181	585.37	581.99
1104.9571	581.71	582.08
1105.3599	583.94	582.60
1105.7899	586.00	584.22
1106.1893	583.93	583.05
1106.6278	582.02	582.24
1106.9710	584.38	582.76
1107.4320	583.79	582.25
1107.9076	582.02	580.58
1108.3140	582.69	581.77
1108.7651	583.08	581.66
1109.1964	582.21	581.37
1109.6507	585.08	582.81
1109.9935	585.54	583.04
1110.4262	583.59	581.86
1110.8889	582.78	582.22
1111.3248	583.35	582.77
1111.7594	584.74	583.53
1112.1863	584.07	582.84
1112.6323	583.94	583.43
1112.9980	583.66	583.10
1113.4305	584.53	584.02
1113.8671	584.85	583.38
1114.3030	583.99	582.87
1114.7612	585.18	583.87
1115.1818	585.22	583.15
1115.6415	585.30	583.95
1115.9780	585.37	583.53
1116.4265	584.69	582.68
1116.8628	584.93	583.52
1117.2630	584.92	582.82
1117.7128	586.73	583.78
1118.1592	585.50	583.18
1118.5161	586.48	584.62
1118.9585	587.02	585.64
1119.4275	586.92	584.33
1119.8298	588.35	584.14
1120.2898	584.89	583.21
1120.7276	585.25	584.06
1121.0618	584.82	583.66
1121.4749	585.28	583.96
1121.9070	586.76	583.71
1122.3099	586.01	583.02
1122.7456	586.22	583.48
1123.0809	585.23	583.08
1123.5091	584.73	582.38
1123.9313	582.47	581.90
1124.3422	582.27	581.72
1124.7845	584.04	581.31
1125.2273	583.64	581.63
1125.5807	582.15	581.43
1126.0337	583.41	581.19
1126.4991	581.36	581.66
1126.9393	584.68	581.69
1127.3678	583.86	581.80
1127.8133	585.29	582.81
1128.2557	584.39	582.78
1128.6031	586.34	583.01
1129.0528	583.74	582.43
1129.5182	585.83	582.36
1129.9294	584.41	582.67
1130.3996	585.98	583.63
1130.8161	584.71	582.52
1131.2719	583.01	581.54
1131.6287	585.61	581.95
1132.0429	583.97	581.16
1132.5193	584.10	581.40
1132.9504	583.61	581.33
1133.3967	584.58	581.61
1133.8641	584.85	581.80
1134.3265	582.94	582.24
1134.6739	584.25	582.18
1135.0979	583.01	581.72
1135.5257	583.56	581.41
1135.9775	585.49	581.87
1136.4183	583.82	581.33
1136.8562	586.23	582.02
1137.3012	584.13	582.10
1137.6492	586.12	582.32
1138.0935	584.31	582.05
1138.5557	585.60	582.15
1138.9872	584.93	583.25
1139.4409	585.82	583.27
1139.8807	585.21	583.74
1140.3261	587.69	584.61
1140.6723	586.52	584.52
1141.0832	585.31	583.96
1141.5203	584.87	583.10
1141.9868	586.89	584.30
1142.4053	585.08	583.61
1142.8751	586.48	584.93
1143.2186	586.04	584.22
1143.6397	585.40	584.66
1144.0917	585.48	583.98
1144.5403	588.35	585.06
1144.9794	587.38	585.08
1145.3983	588.62	585.80
1145.8409	589.78	586.55
1146.1830	588.71	585.49
1146.6551	587.74	585.58
1147.0709	589.03	585.75
1147.4947	590.44	587.81
1147.9374	589.82	588.25
1148.3959	590.30	587.99
1148.7533	589.90	585.91
1149.1691	587.78	585.83
1149.6334	587.19	585.25
1150.0608	586.42	584.55
1150.5054	587.88	584.78
1150.9558	587.85	584.65
1151.4168	587.28	584.44
1151.7615	588.52	584.43
1152.2290	586.00	584.00
1152.6833	586.15	583.49
1153.1157	586.05	582.96
1153.5349	586.64	583.88
1153.9791	586.51	583.75
1154.4477	586.44	583.25
1154.9288	586.68	583.46
1155.2686	585.50	582.54
1155.7491	585.94	583.22
1156.1664	586.83	583.60
1156.6377	586.96	584.10
1157.0635	586.64	584.54
1157.4887	587.60	585.39
1157.9337	587.72	584.91
1158.2767	587.71	584.25
1158.7476	587.60	584.65
1159.1938	587.62	584.80
1159.6411	588.14	585.41
1160.1042	586.80	585.90
1160.5643	589.54	587.11
1161.0170	591.74	587.52
1161.4711	590.84	587.56
1161.8253	590.40	586.67
1162.2542	590.01	587.48
1162.7277	591.66	587.35
1163.1402	589.83	586.66
1163.6111	590.40	586.52
1164.0461	590.79	585.98
1164.3787	589.26	586.44
1164.8079	589.19	585.82
1165.2572	590.14	586.14
1165.6939	589.40	586.69
1166.1200	590.84	586.48
1166.5927	591.63	586.73
1167.0655	591.19	587.10
1167.5120	589.41	586.69
1167.8675	589.65	586.65
1168.2950	590.01	587.10
1168.7702	590.15	587.37
1169.1868	590.31	587.23
1169.6503	590.36	587.43
1170.1270	589.96	587.54
1170.5740	590.83	588.00
1171.0167	592.72	589.16
1171.3568	592.83	589.17
1171.8069	591.34	588.17
1172.2548	590.37	587.61
1172.7331	590.31	587.38
1173.1499	592.82	588.50
1173.6063	591.45	588.11
1174.0480	591.01	589.03
1174.3856	590.31	587.88
1174.8435	589.67	588.01
1175.2937	590.87	588.55
1175.7752	590.48	588.06
1176.1971	592.83	588.48
1176.6650	593.62	589.38
1177.0995	593.51	589.45
1177.4434	591.47	588.96
1177.9153	592.64	589.61
1178.3403	593.02	589.66
1178.8069	592.28	590.29
1179.2241	593.13	590.18
1179.6792	593.45	590.57
1180.1856	593.57	590.69
1180.6268	593.95	590.48
1181.1083	594.08	591.05
1181.4560	596.44	591.23
1181.9160	593.29	589.86
1182.3469	593.98	590.14
1182.7978	592.99	590.66
1183.2550	593.51	589.93
1183.6933	594.61	591.12
1184.1517	594.45	591.83
1184.4841	596.47	592.03
1184.9597	596.33	591.94
1185.4250	595.17	591.19
1185.8716	595.40	591.45
1186.3220	593.05	589.65
1186.7586	594.14	589.84
1187.1996	595.02	590.96
1187.6670	593.90	591.36
1188.1423	594.86	591.98
1188.4948	596.83	591.09
1188.9924	593.65	590.95
1189.4026	594.19	591.00
1189.8676	596.69	591.52
1190.2926	594.19	590.60
1190.7402	592.17	589.26
1191.1988	592.92	588.68
1191.5331	591.60	588.02
1191.9808	590.61	587.92
1192.4266	590.27	587.26
1192.8933	591.35	587.13
1193.3532	591.47	588.24
1193.7922	591.57	587.42
1194.2374	591.25	587.58
1194.5838	591.31	587.49
1195.0560	590.83	587.73
1195.5235	591.34	587.81
1195.9745	591.49	588.23
1196.4417	590.72	587.49
1196.8814	592.53	587.75
1197.3095	590.44	586.83
1197.7610	591.72	587.56
1198.1218	591.96	587.15
1198.5487	591.57	587.30
1199.0068	590.82	588.05
1199.4315	590.70	587.71
1199.9040	590.42	588.13
1200.3633	590.93	587.67
1200.7761	593.36	589.04
1201.1194	590.24	587.66
1201.5145	592.09	587.85
1201.9041	591.16	587.86
1202.2884	592.71	587.99
1202.6330	593.07	588.35
1203.0588	592.13	588.70
1203.4685	592.36	588.56
1203.8766	591.96	587.97
1204.2940	591.81	587.98
1204.7250	590.81	588.40
1205.0828	592.15	588.11
1205.5141	592.51	588.50
1205.9182	594.26	588.87
1206.3378	592.28	588.17
1206.7439	592.40	588.75
1207.0926	592.49	588.39
1207.5257	591.29	587.98
1207.9235	591.05	587.13
1208.3445	590.77	587.56
1208.7847	592.18	587.70
1209.1287	593.35	588.39
1209.5447	592.04	588.70
1210.0041	592.49	588.40
1210.4016	592.81	587.97
1210.8067	592.21	588.40
1211.2391	592.64	588.95
1211.5922	591.47	587.82
1212.0217	592.64	588.28
1212.4243	591.36	587.86
1212.8520	592.23	587.39
1213.2958	594.51	587.93
1213.6322	593.33	587.87
1214.0355	591.41	587.64
1214.4304	590.83	587.68
1214.8370	592.42	588.70
1215.2669	594.41	589.31
1215.6100	591.47	588.66
1216.0094	592.90	588.37
1216.4344	594.53	589.18
1216.8603	593.66	589.09
1217.2856	594.51	589.91
1217.6371	591.78	589.17
1218.0346	593.76	588.62
1218.4527	593.98	589.93
1218.8536	595.03	590.35
1219.1833	595.36	591.10
1219.6003	595.06	591.11
1220.0497	595.54	591.68
1220.4885	595.85	591.79
1220.8728	595.77	591.95
1221.2156	596.20	591.95
1221.6353	595.81	591.27
1222.0715	597.37	592.17
1222.4990	595.55	590.81
1222.9055	595.72	590.56
1223.3482	595.10	590.64
1223.6945	595.96	591.15
1224.1559	594.52	590.62
1224.5915	593.28	589.39
1224.9758	594.19	589.55
1225.4049	594.41	589.36
1225.7456	596.00	590.15
1226.1838	594.66	589.67
1226.5874	593.06	589.39
1226.9702	593.11	588.99
1227.3562	593.70	589.15
1227.6942	591.79	588.75
1228.1211	594.36	589.53
1228.5504	594.65	589.52
1228.9779	595.12	590.10
1229.4075	595.10	590.04
1229.7509	595.48	589.81
1230.1912	594.59	590.33
1230.5897	594.49	589.13
1231.0029	595.18	590.37
1231.4285	595.76	590.85
1231.8677	595.15	591.05
1232.2134	595.06	590.28
1232.6141	595.45	590.02
1233.0645	593.95	589.95
1233.4344	595.24	590.59
1233.7720	593.86	589.39
1234.1864	591.94	589.23
1234.5788	593.36	589.58
1235.0226	594.71	589.38
1235.4226	595.35	589.97
1235.7861	595.88	590.67
1236.2228	595.18	590.16
1236.6438	594.81	590.42
1237.0961	595.34	590.62
1237.5218	595.64	590.73
1237.9784	594.74	590.90
1238.3256	594.84	590.42
1238.7663	595.61	590.71
1239.1921	594.38	589.92
1239.5825	597.11	590.77
1239.9784	595.57	590.63
1240.3204	597.83	590.64
1240.7495	595.07	590.77
1241.1545	596.84	590.51
1241.5385	598.28	591.81
1241.9810	596.35	590.90
1242.3307	597.71	592.15
1242.7678	597.69	591.73
1243.1831	597.51	591.22
1243.5945	596.84	591.98
1244.0012	597.27	592.03
1244.3646	598.64	592.90
1244.7987	596.96	592.89
1245.2410	595.86	592.30
1245.6708	597.31	592.54
1246.1105	595.16	592.35
1246.5472	597.39	592.34
1246.9887	597.88	592.48
1247.3378	595.91	591.16
1247.7264	596.41	591.55
1248.1647	596.40	591.07
1248.5976	596.87	591.90
1248.9968	596.71	592.03
1249.3526	597.14	592.24
1249.8158	596.90	591.63
1250.1863	596.71	591.33
1250.5767	597.13	592.35
1251.0056	595.95	591.55
1251.4927	597.47	592.79
1251.8491	597.80	592.12
1252.3141	598.98	592.85
1252.7196	595.05	591.86
1253.1074	596.72	592.24
1253.5530	597.40	592.53
1253.9942	598.21	593.58
1254.3307	597.86	592.78
1254.7784	596.76	592.69
1255.2156	597.33	592.94
1255.6117	598.31	593.09
1256.0585	599.85	593.48
1256.4860	597.32	592.71
1256.8315	597.44	593.45
1257.2254	597.09	593.21
1257.6394	599.47	593.86
1258.0688	598.77	593.63
1258.5202	597.43	593.72
1258.8798	599.89	594.06
1259.3151	597.44	594.09
1259.7497	599.73	594.30
1260.1915	599.49	595.11
1260.6123	599.15	594.31
1261.0451	602.27	595.56
1261.4030	598.04	594.59
1261.8311	599.57	594.40
1262.2643	599.24	595.22
1262.7130	601.75	596.78
1263.1564	600.76	596.95
1263.5849	600.22	596.03
1264.0344	601.95	596.06
1264.3846	603.17	596.04
1264.8409	600.58	594.80
1265.2720	599.75	594.89
1265.7346	600.92	595.35
1266.1630	601.88	595.52
1266.5916	601.08	595.18
1266.9221	600.87	595.95
1267.3455	599.63	595.30
1267.7928	599.12	594.41
1268.2123	600.48	594.52
1268.6519	601.54	594.83
1269.1006	601.49	595.01
1269.4429	599.54	594.16
1269.8793	600.55	595.55
1270.3194	599.87	594.26
1270.7643	599.02	594.22
1271.2026	600.93	594.85
1271.6609	600.59	594.49
1272.0893	599.77	595.00
1272.4432	599.68	594.57
1272.8789	601.66	594.97
1273.3270	600.56	594.40
1273.7496	597.78	595.02
1274.1668	601.88	595.47
1274.6241	600.51	596.03
1274.9640	598.67	595.09
1275.4139	600.07	594.53
1275.8010	601.26	595.66
1276.2547	602.01	596.61
1276.6714	602.71	596.73
1277.1322	600.92	597.07
1277.4904	602.13	596.80
1277.9053	601.78	597.55
1278.3837	600.22	596.32
1278.7925	601.75	596.27
1279.2357	601.04	597.01
1279.6305	603.85	598.01
1279.9669	602.99	598.30
1280.4217	602.18	597.57
1280.7863	600.78	595.75
1281.1796	601.73	595.42
1281.6182	601.70	595.76
1281.9527	601.42	595.28
1282.4034	600.53	594.76
1282.8015	599.37	594.69
1283.2302	601.78	595.08
1283.6282	600.38	594.92
1283.9702	600.85	594.84
1284.4385	602.62	595.35
1284.8873	600.43	594.94
1285.3058	600.77	594.31
1285.7274	599.98	594.47
1286.1252	600.15	595.20
1286.4864	601.54	595.13
1286.9141	598.82	594.07
1287.3503	602.13	594.71
1287.7444	601.68	595.39
1288.1751	600.47	594.68
1288.6224	599.69	594.77
1288.9662	602.59	596.51
1289.4148	601.86	596.36
1289.7981	602.33	596.69
1290.1784	602.17	596.45
1290.4955	602.40	596.20
1290.9160	601.74	596.76
1291.3566	603.05	597.23
1291.7983	603.70	598.00
1292.2371	604.07	598.20
1292.6403	604.90	599.76
1292.9805	604.84	599.26
1293.4444	603.79	598.11
1293.8548	602.81	597.19
1294.2924	601.68	597.15
1294.6844	604.05	597.23
1295.1432	602.75	597.01
1295.4835	604.05	598.06
1295.9060	604.22	597.72
1296.2982	604.83	597.25
1296.6984	604.03	597.15
1297.1434	600.83	596.67
1297.4993	604.45	596.89
1297.9134	603.69	597.15
1298.3633	602.53	596.47
1298.7968	602.78	596.57
1299.2332	603.13	596.80
1299.6293	602.10	596.45
1299.9764	604.33	596.97
1300.4466	603.43	597.54
1300.8602	602.78	597.11
1301.3272	603.13	597.49
1301.7298	604.10	596.86
1302.1918	603.38	597.94
1302.6216	604.86	598.39
1302.9677	605.40	598.97
1303.4359	605.77	599.66
1303.8638	604.21	597.98
1304.3054	604.23	597.93
1304.7638	604.16	598.60
1305.1787	605.03	598.97
1305.6316	604.11	598.39
1305.9795	604.28	597.94
1306.4221	604.98	598.49
1306.8275	603.86	597.87
1307.2692	606.48	598.39
1307.6720	606.08	598.92
1308.0392	603.32	598.25
1308.4655	605.00	598.87
1308.8440	605.01	598.64
1309.2808	606.49	599.36
1309.7403	607.13	599.10
1310.0920	606.07	599.29
1310.5086	604.63	597.89
1310.9806	607.73	599.96
1311.3976	605.49	599.27
1311.8482	605.97	598.63
1312.2773	606.05	599.43
1312.6085	606.28	599.77
1313.0341	604.69	599.48
1313.4826	605.92	598.92
1313.9397	605.67	599.29
1314.4045	608.32	600.87
1314.8474	610.77	602.31
1315.2949	608.91	602.35
1315.6375	606.95	600.98
1316.0352	606.47	600.39
1316.4751	607.56	600.42
1316.9174	607.11	600.89
1317.3734	608.45	601.34
1317.7089	609.89	601.17
1318.1629	608.20	600.81
1318.5803	606.64	600.54
1319.0062	605.32	600.17
1319.4247	606.69	599.17
1319.8760	607.71	600.68
1320.2327	609.51	600.24
1320.6674	606.53	599.99
1321.1148	605.76	600.23
1321.5432	606.34	599.87
1321.9927	609.21	601.51
1322.4355	607.36	601.06
1322.8803	608.34	601.19
1323.2311	609.42	600.88
1323.6912	605.99	601.30
1324.1644	608.60	600.67
1324.5902	608.50	601.06
1325.0506	607.13	599.83
1325.4836	608.74	600.17
1325.8236	607.95	600.21
1326.2614	608.17	600.85
1326.7038	608.37	600.83
1327.1478	609.33	601.44
1327.5954	609.42	601.75
1328.0167	608.47	601.72
1328.4655	607.67	601.22
1328.8283	610.18	601.34
1329.2622	607.65	601.55
1329.7011	610.13	602.24
1330.1725	608.90	602.32
1330.5833	607.74	601.07
1331.0144	609.05	601.73
1331.4602	610.17	602.05
1331.8093	608.22	600.74
1332.2680	608.06	600.80
1332.7173	608.83	601.32
1333.1712	609.36	601.25
1333.6071	608.72	601.52
1334.0693	608.67	600.99
1334.4992	608.67	601.25
1334.8456	610.01	601.20
1335.3146	608.64	601.68
1335.8060	610.26	601.28
1336.2625	610.55	601.86
1336.6642	605.67	600.99
1337.1061	608.79	601.43
1337.5494	608.59	601.40
1337.9963	608.71	601.65
1338.3430	607.57	601.31
1338.7672	610.41	602.09
1339.2143	609.82	602.34
1339.6818	608.10	602.22
1340.1063	608.67	602.36
1340.5910	610.64	603.38
1341.0583	612.60	604.19
1341.3823	611.94	603.23
1341.8001	610.67	603.99
1342.2212	610.70	603.81
1342.6402	612.43	603.52
1343.0908	610.55	603.27
1343.4519	612.35	603.09
1343.8948	611.79	603.54
1344.3426	610.33	602.67
1344.7612	611.65	603.15
1345.2127	610.44	603.50
1345.6452	613.17	604.33
1346.0919	610.95	603.75
1346.4423	612.50	604.02
1346.8935	610.86	604.19
1347.3364	612.99	605.21
1347.7757	613.81	605.19
1348.2372	612.09	605.11
1348.6557	613.89	605.63
1349.1191	612.84	605.22
1349.4690	612.57	605.31
1349.9293	615.39	606.67
1350.3795	616.89	607.39
1350.8032	613.89	606.52
1351.2525	612.73	606.25
1351.6888	613.90	606.24
1352.1248	615.11	606.43
1352.4730	614.31	605.41
1352.9435	613.25	605.59
1353.4076	613.65	605.77
1353.8093	613.15	605.07
1354.2682	614.33	604.97
1354.6912	614.37	605.83
1355.1646	613.20	604.96
1355.5219	614.26	604.58
1355.9634	613.61	603.87
1356.3891	610.97	603.46
1356.7999	610.94	604.01
1357.2293	613.95	604.49
1357.5678	612.19	603.50
1357.9851	612.11	604.24
1358.4371	611.44	603.98
1358.8664	613.58	604.28
1359.3205	613.39	605.00
1359.7429	613.04	605.81
1360.1086	614.00	605.24
1360.5410	611.63	605.28
1361.0170	613.99	606.09
1361.4682	615.48	607.29
1361.9073	613.93	606.32
1362.3695	613.98	606.37
1362.8175	614.73	607.12
1363.1874	616.76	607.32
1363.6260	616.30	607.31
1364.0480	616.85	608.27
1364.4745	618.00	608.83
1364.9075	616.61	608.04
1365.3502	617.70	608.36
1365.6973	616.47	607.78
1366.1746	614.91	607.19
1366.5914	614.95	607.69
1366.9930	616.46	607.66
1367.4360	615.62	608.59
1367.8740	615.04	608.11
1368.2310	618.17	608.28
1368.6615	615.02	607.05
1369.1296	615.41	607.56
1369.5433	615.10	607.16
1369.9994	615.09	606.75
1370.4301	614.90	607.08
1370.9071	616.69	607.97
1371.3963	615.72	607.54
1371.7491	616.28	607.37
1372.2150	616.31	607.36
1372.6644	615.63	607.09
1373.1232	616.76	607.44
1373.5653	615.23	607.62
1374.0117	616.82	607.04
1374.4245	616.47	607.51
1374.8995	615.57	607.02
1375.3774	614.92	607.51
1375.7296	618.20	607.48
1376.1547	615.07	607.10
1376.5870	616.57	606.80
1377.0467	615.56	607.15
1377.5006	615.16	606.94
1377.9274	620.11	607.29
1378.2768	619.08	607.57
1378.7318	618.50	608.11
1379.1822	616.89	607.14
1379.6041	616.01	607.20
1380.0705	615.67	607.22
1380.4970	615.28	606.88
1380.9333	616.68	607.14
1381.2743	619.32	607.95
1381.7458	617.20	607.32
1382.1777	614.77	606.35
1382.6482	616.75	606.38
1383.0913	616.62	607.26
1383.5372	615.47	606.57
1383.9676	614.71	606.83
1384.3231	617.44	607.52
1384.7566	614.82	607.32
1385.2286	618.47	608.02
1385.6369	615.56	607.41
1386.1102	616.84	608.44
1386.5252	618.16	609.48
1386.9975	616.62	608.77
1387.4822	618.63	608.79
1387.8188	617.86	608.91
1388.2856	618.34	608.60
1388.7029	617.08	608.76
1389.1541	617.05	609.18
1389.5998	618.57	609.13
1390.0552	617.55	609.04
1390.5484	618.59	609.93
1390.9945	618.12	608.87
1391.3610	619.75	609.05
1391.8056	616.91	609.30
1392.2441	619.00	609.61
1392.6984	620.47	610.86
1393.1295	621.00	611.67
1393.5831	622.58	610.94
1394.0134	616.32	609.20
1394.3504	619.98	610.28
1394.7922	618.28	608.63
1395.2794	617.15	610.27
1395.7309	618.81	610.01
1396.2096	618.82	611.19
1396.6221	618.25	609.71
1397.0785	620.33	610.62
1397.5071	621.01	610.71
1397.8513	621.35	610.35
1398.3340	619.25	611.32
1398.7471	620.82	610.94
1399.1589	620.51	611.06
1399.6273	620.71	611.37
1400.0735	623.55	612.04
1400.5026	619.98	610.38
1400.8439	623.09	612.97
1401.2726	621.97	612.35
1401.6789	621.90	613.93
1402.1202	622.56	613.21
1402.5612	621.98	613.70
1403.0298	621.56	612.98
1403.3626	623.35	613.29
1403.8101	622.95	613.06
1404.2271	621.80	612.75
1404.6223	623.85	613.92
1405.0717	623.60	612.80
1405.4983	621.19	613.37
1405.8403	623.45	613.33
1406.3019	621.55	612.84
1406.7383	620.22	612.87
1407.1767	622.33	613.42
1407.6305	623.27	614.68
1408.0732	623.50	613.23
1408.5054	621.89	612.46
1408.8450	622.50	612.41
1409.2880	620.70	611.61
1409.7611	619.65	611.46
1410.1842	619.52	611.35
1410.6352	620.81	611.26
1411.0841	620.40	611.54
1411.5120	621.12	611.25
1411.8540	620.74	611.70
1412.3023	620.26	610.77
1412.7449	622.29	612.00
1413.1843	620.25	611.65
1413.6280	622.18	612.37
1414.0745	619.51	610.96
1414.6220	621.50	612.71
1415.1388	623.22	612.21
1415.6492	622.59	612.99
1416.1679	620.47	612.22
1416.6719	621.44	612.83
1417.1161	623.56	613.41
1417.6431	623.96	612.67
1418.1779	623.24	613.13
1418.6935	622.89	613.43
1419.1443	622.59	613.69
1419.5893	624.69	613.46
1419.9273	621.96	612.95
1420.3926	623.83	613.20
1420.8322	622.13	611.89
1421.2673	623.51	612.38
1421.7139	622.78	612.78
1422.1565	624.59	613.94
1422.6007	622.74	612.61
1422.9469	623.74	613.27
1423.3979	623.41	613.72
1423.8642	624.30	613.54
1424.3103	622.70	614.07
1424.7588	624.25	614.59
1425.2126	624.20	615.84
1425.6511	626.04	615.69
1425.9973	623.56	614.78
1426.4417	623.32	614.43
1426.9068	624.60	614.98
1427.3755	624.06	615.08
1427.8100	626.28	615.53
1428.2832	625.45	615.68
1428.7077	623.31	614.46
1429.1480	623.28	613.96
1429.5111	626.94	614.80
1429.9533	624.97	615.09
1430.4301	625.91	615.07
1430.8669	624.34	614.09
1431.3042	624.91	615.11
1431.7501	625.00	614.27
1432.1869	625.47	614.22
1432.5247	626.86	615.22
1432.9766	622.81	614.46
1433.4316	624.70	614.16
1433.8800	622.19	613.42
1434.3358	623.09	612.78
1434.7881	623.51	613.17
1435.2632	622.94	613.14
1435.5965	622.14	612.43
1436.0725	622.22	613.15
1436.4953	621.83	613.11
1436.9526	624.20	614.58
1437.4049	622.85	613.92
1437.8251	624.63	614.20
1438.2896	622.27	613.56
1438.7540	624.63	613.23
1439.1135	623.71	613.40
1439.5585	622.04	613.31
1440.0132	623.12	613.66
1440.4442	623.31	614.12
1440.8835	624.86	613.71
1441.3372	624.15	613.98
1441.7666	623.72	613.89
1442.1129	624.94	614.72
1442.5859	623.15	615.01
1443.0184	626.04	615.75
1443.4858	624.31	615.22
1443.9518	627.14	615.97
1444.3802	625.12	615.28
1444.8146	625.15	615.41
1445.2639	625.25	615.90
1445.6056	626.42	615.71
1446.0807	625.83	615.24
1446.5018	624.46	614.45
1446.9503	624.61	615.00
1447.3697	625.01	616.20
1447.8138	625.58	615.09
1448.2557	625.17	615.25
1448.6067	624.59	615.97
1449.0521	626.85	616.48
1449.4965	626.26	616.18
1449.9542	625.72	615.71
1450.3721	625.88	616.06
1450.8254	626.41	617.31
1451.2803	627.58	617.27
1451.6346	628.60	617.37
1452.0795	627.89	617.83
1452.4927	628.76	617.55
1452.9648	627.37	617.74
1453.3831	627.97	617.39
1453.8304	629.94	620.32
1454.2872	628.67	618.34
1454.6393	631.11	619.44
1455.0767	626.50	618.06
1455.5359	627.20	617.70
1455.9679	624.76	616.26
1456.4200	626.61	616.87
1456.8724	628.31	617.60
1457.3049	627.72	617.91
1457.6475	626.01	616.35
1458.0731	628.67	616.82
1458.4936	627.56	616.90
1458.9278	629.00	617.06
1459.3800	630.27	617.98
1459.8202	627.98	617.68
1460.1642	628.01	617.41
1460.6073	628.08	618.12
1461.0796	629.47	618.24
1461.5135	626.84	618.14
1461.9232	629.07	618.44
1462.3682	629.92	618.77
1462.8309	628.31	618.05
1463.3301	629.84	619.42
1463.6804	629.11	619.21
1464.1018	630.19	619.13
1464.5527	629.09	618.62
1464.9963	630.81	619.54
1465.4274	630.60	619.73
1465.8778	632.19	620.11
1466.3126	630.01	619.99
1466.6667	631.60	619.59
1467.1013	628.87	620.09
1467.5722	629.20	620.07
1467.9924	631.79	621.38
1468.4770	632.41	621.76
1468.9112	630.19	620.26
1469.3749	629.59	619.68
1469.7308	630.55	618.62
1470.1540	628.27	618.48
1470.5949	628.41	618.14
1471.0372	627.99	617.76
1471.5004	628.45	618.89
1471.9353	628.08	619.22
1472.4148	632.48	619.96
1472.9018	629.25	619.93
1473.2437	629.43	619.38
1473.6997	629.84	619.35
1474.1079	629.22	619.34
1474.5905	629.30	619.32
1475.0056	630.51	619.66
1475.4425	628.84	619.78
1475.9020	631.03	620.53
1476.2314	632.47	620.84
1476.7176	632.08	621.07
1477.1647	631.83	620.80
1477.6197	632.45	620.45
1478.0627	630.54	619.37
1478.5508	630.63	620.00
1478.9920	628.56	619.66
1479.3474	629.09	619.67
1479.7722	630.20	618.90
1480.2355	628.14	618.42
1480.6826	629.78	618.70
1481.0994	630.14	618.80
1481.5381	629.74	618.37
1481.9849	628.84	618.29
1482.3201	629.93	618.73
1482.7942	628.44	618.86
1483.2357	630.15	618.57
1483.6773	628.86	618.20
1484.1120	627.28	617.62
1484.5348	627.43	618.17
1484.9896	631.48	618.74
1485.3292	629.94	618.99
1485.7926	629.45	617.96
1486.2280	628.73	617.86
1486.6751	627.10	617.39
1487.1374	629.98	618.16
1487.5733	629.48	618.35
1488.0428	627.84	618.10
1488.5197	630.36	618.87
1488.8709	628.76	618.77
1489.3410	628.25	619.10
1489.7985	628.18	619.01
1490.2468	629.09	619.37
1490.6974	628.92	619.00
1491.1264	631.12	619.56
1491.5668	630.32	619.51
1492.0127	630.75	620.28
1492.3712	633.80	622.17
1492.7999	633.65	622.19
1493.2470	633.01	621.49
1493.6846	631.42	620.07
1494.1476	631.07	620.55
1494.5792	632.44	620.54
1495.0400	631.14	620.78
1495.3789	632.49	621.02
1495.8319	628.76	620.01
1496.2617	632.20	620.24
1496.6933	631.07	620.46
1497.1513	633.08	621.31
1497.5797	632.57	621.65
1497.9087	634.03	621.13
1498.3406	633.29	621.69
1498.7806	631.30	621.44
1499.2466	633.59	621.89
1499.6852	632.83	622.33
1500.1087	634.96	623.03
1500.6010	634.72	623.87
1501.0743	634.56	623.46
1501.5311	635.61	622.93
1501.8694	632.36	621.70
1502.2676	631.90	620.77
1502.6731	633.42	620.98
1503.0634	634.61	621.65
1503.4270	631.27	620.30
1503.8089	633.11	621.24
1504.2546	633.38	621.44
1504.7052	633.83	620.87
1505.1711	633.10	621.42
1505.6299	632.16	621.65
1505.9558	634.10	621.57
1506.3098	630.12	620.38
1506.6895	633.77	621.23
1507.0743	632.41	620.94
1507.4222	633.85	621.02
1507.8256	631.32	620.67
1508.2438	632.26	621.72
1508.6667	632.73	621.96
1509.0005	632.14	621.29
1509.4354	633.12	621.61
1509.8457	635.66	622.21
1510.2854	635.33	622.66
1510.7366	633.40	622.36
1511.2031	634.96	623.49
1511.6208	636.21	623.05
1511.9724	634.12	623.38
1512.4297	634.33	623.19
1512.8590	635.78	623.01
1513.2558	635.99	623.52
1513.6464	635.11	622.98
1513.9963	634.59	624.41
1514.4600	635.62	624.99
1514.8829	636.91	624.94
1515.2740	635.22	625.19
1515.7102	638.66	626.69
1516.0414	636.76	624.82
1516.4631	638.60	625.39
1516.8454	635.55	625.42
1517.2616	636.87	624.90
1517.7117	637.71	625.34
1518.0517	635.48	624.48
1518.4694	637.84	625.25
1518.8684	635.67	625.35
1519.2530	635.88	625.19
1519.7015	637.55	626.51
1520.0509	637.04	625.73
1520.5009	638.97	627.26
1520.9388	639.10	627.02
1521.3641	638.65	626.51
1521.7863	637.69	626.14
1522.1028	639.07	626.12
1522.5346	637.22	625.39
1522.9308	640.03	627.32
1523.3441	638.42	626.94
1523.7605	639.87	627.03
1524.1021	637.48	626.20
1524.5245	636.23	626.21
1524.9526	638.47	626.84
1525.3963	638.97	626.08
1525.8399	639.85	627.12
1526.2873	638.71	627.35
1526.6281	637.70	626.96
1527.0145	637.17	625.88
1527.4164	638.32	626.84
1527.8476	638.74	627.12
1528.2782	638.89	628.76
1528.6161	640.73	628.71
1529.0265	639.74	628.59
1529.4792	641.23	629.08
1529.8952	640.05	628.65
1530.3572	639.76	628.51
1530.6883	640.43	627.88
1531.1105	636.20	625.98
1531.5296	638.22	625.95
1531.9836	636.53	625.26
1532.4112	637.23	625.46
1532.8593	636.23	625.29
1533.2094	638.25	625.70
1533.6512	636.65	624.82
1534.0996	636.37	625.96
1534.5636	637.95	625.79
1534.9966	637.53	625.71
1535.4383	636.97	625.17
1535.9059	638.37	626.36
1536.2624	637.55	625.80
1536.6872	640.35	626.63
1537.1188	637.64	625.54
1537.5148	639.48	626.25
1537.9615	638.89	626.38
1538.4042	639.23	626.94
1538.7682	638.99	626.37
1539.2317	639.13	627.51
1539.6788	639.34	627.15
1540.0824	641.08	629.14
1540.5347	641.50	629.37
1540.9589	640.06	628.83
1541.4199	642.44	628.14
1541.7843	638.74	627.88
1542.2631	639.37	627.22
1542.7201	636.75	626.78
1543.1157	638.67	626.40
1543.5147	639.00	627.31
1543.9686	639.45	627.08
1544.3138	639.63	627.17
1544.7527	640.52	627.67
1545.1815	641.15	627.45
1545.5875	638.56	627.31
1546.0032	638.83	628.42
1546.3508	640.00	627.99
1546.7434	639.54	627.27
1547.1750	639.93	628.80
1547.6285	640.65	629.19
1548.0430	641.07	628.71
1548.4937	641.52	629.38
1548.8379	640.94	627.89
1549.2419	640.08	626.92
1549.7002	640.28	626.27
1550.0896	639.41	626.20
1550.4854	639.20	625.03
1550.8217	639.27	625.83
1551.2145	638.66	625.99
1551.6227	640.08	627.50
1552.0976	642.76	628.39
1552.5434	643.65	628.93
1552.9137	642.10	628.30
1553.3504	640.89	628.03
1553.7854	639.97	627.85
1554.2101	641.18	628.30
1554.6075	641.71	628.51
1555.0655	641.69	629.08
1555.4038	641.34	628.37
1555.8533	642.52	629.28
1556.2654	641.24	628.86
1556.7405	642.43	628.65
1557.1367	642.74	629.30
1557.5879	641.24	628.50
1558.0488	641.76	628.53
1558.4222	639.86	627.54
1558.8641	641.87	626.81
1559.2540	640.92	627.27
1559.7026	639.69	626.72
1560.1368	639.75	627.64
1560.4803	641.39	627.92
1560.9209	639.01	627.17
1561.3584	640.60	627.99
1561.7897	640.54	628.67
1562.2052	640.36	626.79
1562.6759	641.83	628.17
1563.0953	642.37	628.25
1563.4358	639.83	627.31
1563.8494	639.88	627.94
1564.3137	641.16	628.30
1564.7346	642.78	628.41
1565.1736	641.83	628.77
1565.6255	641.44	629.30
1565.9751	641.78	630.28
1566.4124	642.84	630.33
1566.8576	643.50	630.28
1567.2660	643.83	630.08
1567.6882	641.65	629.11
1568.1138	641.64	629.55
1568.4723	645.28	629.91
1568.9325	641.86	629.15
1569.3467	643.39	628.45
1569.7532	642.68	629.11
1570.1741	642.21	628.95
1570.6318	644.43	629.82
1570.9914	644.13	629.05
1571.3965	642.08	629.49
1571.7849	642.15	629.28
1572.2275	642.30	629.94
1572.6710	644.13	630.26
1573.1201	643.12	629.99
1573.4570	643.87	629.65
1573.8575	644.14	630.16
1574.2896	643.44	630.59
1574.7397	646.00	631.04
1575.1921	646.42	630.88
1575.6468	643.58	631.63
1576.1123	644.11	631.64
1576.4539	645.34	631.41
1576.9106	643.41	631.24
1577.3625	644.36	631.80
1577.8049	646.33	632.74
1578.2225	648.39	632.89
1578.6964	647.51	632.96
1579.1149	645.29	633.76
1579.4664	647.74	633.51
1579.9354	645.80	633.30
1580.3444	647.43	633.82
1580.7530	645.63	632.81
1581.1699	646.65	633.40
1581.6242	645.97	633.58
1581.9693	645.62	632.98
1582.4134	645.07	632.66
1582.8660	646.80	633.85
1583.3046	646.62	633.11
1583.7305	645.63	632.55
1584.1822	647.24	634.22
1584.6133	648.04	634.26
1584.9619	650.20	634.75
1585.4195	647.30	633.25
1585.8564	646.42	633.52
1586.3091	648.33	634.43
1586.7419	647.44	634.46
1587.1801	647.62	634.72
1587.6272	649.55	635.13
1587.9720	647.39	634.53
1588.4332	648.00	634.33
1588.8651	648.06	634.21
1589.2887	646.38	633.64
1589.7048	646.89	633.86
1590.1544	648.42	634.82
1590.5065	648.29	634.24
1590.9213	648.95	634.15
1591.3325	647.55	633.86
1591.7769	648.88	635.89
1592.2178	649.71	634.54
1592.6764	649.99	635.01
1593.0276	647.81	633.12
1593.5008	647.26	633.11
1593.9406	644.43	631.16
1594.3736	646.86	631.72
1594.8465	646.34	631.82
1595.2812	644.61	631.53
1595.7184	646.10	631.55
1596.0647	646.94	632.99
1596.5110	645.64	631.49
1596.9734	645.87	631.16
1597.3817	645.26	631.44
1597.7959	644.64	631.89
1598.2222	644.41	631.77
1598.5899	646.38	633.17
1599.0232	645.99	631.59
1599.4414	647.86	631.69
1599.8680	646.25	632.70
1600.3030	646.02	631.47
1600.7604	649.04	634.31
1601.1061	647.45	633.01
1601.5265	647.52	633.93
1601.9709	648.44	634.35
1602.3724	650.04	634.95
1602.8204	648.16	634.84
1603.2934	647.41	633.35
1603.6508	647.83	633.35
1604.0707	646.42	632.63
1604.4641	648.10	633.67
1604.9234	647.80	632.53
1605.3453	646.00	632.22
1605.7989	647.30	632.87
1606.1401	643.17	630.63
1606.5370	646.45	631.89
1606.9714	646.08	631.77
1607.3655	647.49	632.61
1607.6935	646.21	632.58
1608.1219	644.78	632.80
1608.5509	647.40	633.69
1608.9951	647.36	633.23
1609.4079	645.82	633.40
1609.8618	648.95	634.57
1610.2135	647.81	633.94
1610.6806	645.68	632.90
1611.1063	647.41	634.05
1611.5443	647.43	634.99
1612.0185	649.94	634.87
1612.4203	649.91	635.06
1612.8814	649.93	634.50
1613.2373	647.90	634.25
1613.6547	646.52	633.09
1614.0536	647.98	633.43
1614.4531	647.21	633.33
1614.7907	646.37	633.07
1615.2299	647.69	633.02
1615.6669	648.30	633.68
1616.0781	646.92	633.48
1616.5235	648.45	634.44
1616.9641	649.10	635.04
1617.3067	648.91	635.39
1617.7290	647.90	635.29
1618.1443	649.64	635.90
1618.5903	648.92	635.07
1619.0277	649.75	635.76
1619.3540	648.72	635.19
1619.7703	649.96	634.60
1620.2163	650.88	635.21
1620.6617	649.06	635.69
1621.1291	650.44	635.71
1621.5505	650.24	637.15
1622.0181	651.71	637.98
1622.3549	652.12	637.35
1622.8230	649.20	636.12
1623.2255	649.66	635.82
1623.6710	650.21	636.66
1624.1424	651.05	636.64
1624.5580	649.32	635.39
1625.0289	650.87	636.17
1625.3702	648.30	635.37
1625.8191	649.04	636.46
1626.2450	650.38	636.24
1626.6536	649.31	635.98
1627.0769	649.59	636.54
1627.4136	651.88	636.67
1627.8654	649.99	636.19
1628.2825	651.66	638.26
1628.7448	651.08	638.19
1629.1792	651.56	636.67
1629.6224	651.32	637.23
1630.0491	652.71	637.00
1630.3953	652.71	636.57
1630.8702	650.24	636.64
1631.2822	650.86	636.32
1631.7264	649.19	636.61
1632.1702	650.53	636.02
1632.6210	651.93	637.83
1633.0591	652.57	637.44
1633.4069	650.86	636.38
1633.8302	650.96	635.57
1634.2628	649.50	635.12
1634.7159	650.84	635.35
1635.1469	648.64	635.78
1635.5955	649.30	635.97
1635.9460	649.94	636.20
1636.4056	649.84	635.63
1636.8492	651.30	636.20
1637.2687	650.00	635.90
1637.7103	650.13	635.96
1638.1609	651.75	636.37
1638.6077	650.97	636.61
1638.9441	651.87	636.38
1639.3882	648.38	635.82
1639.8564	652.56	637.93
1640.2592	649.75	636.47
1640.7204	650.23	636.21
1641.1431	650.92	636.82
1641.4812	651.96	637.01
1641.8947	651.08	636.47
1642.2619	650.60	636.02
1642.6951	649.41	635.77
1643.1212	652.01	638.10
1643.4686	651.57	636.71
1643.9200	649.82	637.23
1644.3612	651.14	637.66
1644.8015	652.37	638.17
1645.2511	651.09	637.73
1645.6759	649.31	637.15
1646.1199	651.25	637.28
1646.4637	651.66	637.56
1646.9256	650.78	637.77
1647.3561	649.40	636.59
1647.8035	650.26	637.75
1648.2464	652.26	638.49
1648.6845	650.84	637.61
1649.1530	653.28	638.62
1649.4870	652.77	637.33
1649.9186	650.78	638.05
1650.3355	652.11	639.05
1650.7567	651.38	638.28
1651.1755	652.73	638.36
1651.5130	651.35	638.34
1651.9503	650.32	636.98
1652.3908	651.56	638.40
1652.8270	653.42	638.57
1653.2676	652.41	638.28
1653.7327	651.55	638.52
1654.1771	652.69	638.03
1654.5213	652.76	638.20
1654.9589	653.46	639.42
1655.4027	652.86	638.60
1655.8577	653.27	639.30
1656.2887	652.02	638.97
1656.7466	654.43	640.07
1657.1825	651.90	639.15
1657.5179	651.87	639.10
1657.9463	652.73	639.23
1658.3747	651.05	638.14
1658.8486	652.95	639.91
1659.2993	653.08	639.04
1659.5876	653.27	639.19
1660.0215	650.00	637.95
1660.4606	652.04	638.78
1660.8875	652.59	639.00
1661.3372	653.20	639.49
1661.7596	653.44	639.42
1662.1142	655.67	639.90
1662.5329	652.65	639.94
1662.9825	654.49	639.57
1663.4377	654.22	639.29
1663.8575	650.82	638.80
1664.3005	653.98	639.19
1664.7673	652.07	639.45
1665.2508	653.27	639.77
1665.5894	653.87	639.91
1666.0761	655.02	640.87
1666.5302	653.90	640.70
1666.9644	654.12	641.03
1667.4141	651.55	639.30
1667.8587	652.30	639.88
1668.2915	652.50	639.58
1668.6259	651.75	639.58
1669.1084	652.22	640.09
1669.5488	652.66	640.10
1670.0207	654.90	640.93
1670.4544	652.42	639.77
1670.8400	653.23	639.63
1671.1277	651.83	639.21
1671.5714	654.47	641.21
1672.0554	652.45	639.49
1672.4717	654.33	640.60
1672.9071	656.10	642.34
1673.3649	657.64	643.09
1673.7064	655.89	642.91
1674.1480	656.40	642.43
1674.5741	655.99	642.34
1674.9938	655.32	641.83
1675.4148	654.54	640.95
1675.7538	654.62	641.55
1676.2337	654.22	641.35
1676.6443	653.04	639.29
1677.1297	653.90	640.05
1677.5330	652.05	640.35
1678.0026	654.34	639.86
1678.4277	655.15	640.71
1678.7878	655.52	641.90
1679.2681	653.44	640.68
1679.7159	653.62	641.23
1680.2041	654.90	641.22
1680.6161	654.38	641.30
1681.0375	654.10	641.06
1681.4852	655.05	640.91
1681.8376	654.87	641.25
1682.2595	655.18	640.83
1682.6582	653.45	640.39
1683.1126	653.85	641.15
1683.5540	652.55	640.90
1684.0028	652.88	641.08
1684.3428	653.88	641.49
1684.7471	654.67	641.73
1685.2079	655.75	641.69
1685.6328	654.25	641.33
1686.0804	655.12	642.07
1686.5109	656.58	641.98
1686.8501	654.67	642.27
1687.3301	654.88	641.31
1687.7481	652.85	641.20
1688.1796	656.95	642.49
1688.5810	653.98	641.05
1688.8762	654.66	642.47
1689.3008	655.35	642.40
1689.7557	656.61	643.40
1690.2026	656.72	643.27
1690.6130	655.94	644.02
1691.0722	658.12	644.09
1691.5039	656.07	643.43
1691.8503	658.45	644.06
1692.3162	655.61	643.90
1692.7485	660.00	644.30
1693.1967	657.73	645.55
1693.6255	657.96	645.34
1694.0756	659.62	645.50
1694.5159	659.40	646.93
1694.8596	658.73	646.15
1695.3457	656.97	645.71
1695.7882	656.99	645.79
1696.2410	658.64	645.07
1696.6563	658.29	645.99
1697.0866	658.17	646.22
1697.4228	658.12	644.98
1697.8491	658.38	646.45
1698.2810	657.85	645.86
1698.7381	660.31	645.67
1699.1655	659.46	646.48
1699.6094	659.98	647.15
1700.0568	659.19	647.23
1700.4179	661.09	647.79
1700.8409	660.83	648.03
1701.3134	659.41	647.58
1701.7221	660.39	647.19
1702.1823	659.77	645.71
1702.6188	656.28	644.48
1703.0521	660.80	644.80
1703.4100	656.45	643.19
1703.8531	659.40	645.20
1704.2870	658.38	644.40
1704.7402	657.95	645.26
1705.1921	658.93	644.88
1705.6176	658.12	645.36
1706.0749	657.25	645.63
1706.4286	659.04	645.71
1706.8556	656.81	644.42
1707.2875	657.61	644.66
1707.7449	658.06	645.63
1708.1538	658.41	644.30
1708.5543	657.51	645.47
1708.8912	659.28	644.80
1709.3415	658.01	644.67
1709.7653	658.36	644.69
1710.2332	658.12	644.69
1710.6705	658.52	644.87
1711.1152	658.58	645.23
1711.5617	657.34	645.36
1711.9087	659.73	644.85
1712.3683	656.75	644.41
1712.7911	657.44	644.93
1713.2478	659.33	645.64
1713.6790	660.05	644.98
1714.1325	659.57	645.84
1714.4653	658.22	645.02
1714.8998	658.05	645.79
1715.3511	656.34	644.36
1715.7551	659.36	644.50
1716.2179	657.47	644.84
1716.6566	657.88	645.14
1717.1136	659.18	645.48
1717.4522	660.09	645.17
1717.8960	658.87	645.51
1718.3818	658.81	645.28
1718.8149	658.53	645.67
1719.2512	657.58	644.84
1719.6874	658.64	645.57
1720.1601	657.90	645.64
1720.5084	659.97	644.85
1720.9477	660.66	644.75
1721.3903	656.86	645.40
1721.8155	657.16	645.63
1722.2593	659.02	645.74
1722.7094	659.95	645.84
1723.1600	660.11	646.23
1723.4995	657.33	645.64
1723.9071	660.22	646.86
1724.3679	661.81	646.99
1724.8133	661.74	647.34
1725.2649	659.67	645.84
1725.5981	658.99	646.57
1726.0604	659.99	646.12
1726.5282	659.98	646.08
1727.0041	658.68	646.10
1727.4415	658.38	646.48
1727.8682	660.25	647.37
1728.3276	660.38	647.21
1728.7498	660.22	647.00
1729.1049	659.57	647.21
1729.5484	659.02	647.12
1730.0246	660.10	647.15
1730.4437	661.56	646.72
1730.9154	661.15	647.49
1731.3605	661.82	647.31
1731.7905	661.18	647.35
1732.1417	661.64	648.11
1732.5906	659.03	647.01
1733.0420	661.11	647.36
1733.4974	661.72	648.58
1733.9359	663.13	649.02
1734.3671	661.51	648.06
1734.8405	662.94	648.27
1735.1749	661.43	647.93
1735.6010	662.16	646.99
1736.0056	661.03	647.41
1736.4626	662.48	647.76
1736.9317	660.52	647.54
1737.4095	664.11	648.32
1737.8548	661.77	647.89
1738.2137	662.15	648.26
1738.6388	658.37	647.78
1739.1060	663.38	649.31
1739.5613	663.26	648.72
1740.0169	662.34	648.68
1740.4514	662.01	648.81
1740.8917	663.15	648.73
1741.2273	660.55	648.26
1741.6697	662.60	648.01
1742.1498	663.55	649.35
1742.6016	663.73	649.42
1743.0732	663.86	649.57
1743.4908	662.36	649.53
1743.9359	663.89	650.39
1744.3807	664.39	649.35
1744.7217	662.21	648.85
1745.1916	662.59	649.58
1745.6163	664.10	648.50
1746.0542	662.28	649.28
1746.5180	665.00	649.40
1746.9428	662.36	649.52
1747.3928	663.35	650.35
1747.7314	662.09	650.54
1748.1947	661.30	650.04
1748.6368	662.89	650.32
1749.0868	665.24	651.36
1749.5117	663.89	650.52
1750.0016	664.24	651.33
1750.4800	665.19	651.18
1750.9271	665.13	651.85
1751.2699	665.14	651.76
1751.7139	663.90	652.58
1752.1853	666.38	653.78
1752.5990	668.61	653.65
1753.0439	666.16	651.79
1753.4890	666.62	652.88
1753.9304	665.58	651.86
1754.3029	666.77	651.41
1754.7589	664.66	650.27
1755.2029	664.62	650.44
1755.6190	665.49	650.72
1756.0766	665.18	650.81
1756.5245	664.51	650.82
1756.9859	666.26	650.65
1757.3272	663.99	650.34
1757.8008	667.15	651.61
1758.2777	663.31	650.79
1758.7048	664.20	651.27
1759.1745	664.48	651.06
1759.5981	664.55	651.40
1760.0275	666.18	651.87
1760.4746	665.02	652.27
1760.8185	665.18	651.23
1761.2664	663.60	651.09
1761.7425	663.98	651.63
1762.1780	666.50	651.74
1762.6074	664.22	651.51
1763.0123	665.81	651.98
1763.3744	665.31	651.29
1763.7962	665.52	652.59
1764.2755	666.67	652.86
1764.6809	666.82	653.34
1765.1251	665.97	652.98
1765.5832	666.66	653.69
1766.0088	666.81	652.32
1766.3590	667.85	652.40
1766.8244	666.23	652.58
1767.2519	664.22	651.49
1767.6898	666.11	652.25
1768.1401	664.96	651.85
1768.6107	665.31	652.65
1769.0392	666.62	651.96
1769.3988	666.16	652.49
1769.8267	666.32	652.28
1770.2778	666.39	652.51
1770.7360	665.22	652.36
1771.1798	667.01	652.63
1771.6158	666.78	652.98
1772.0747	666.68	651.42
1772.4446	668.46	653.28
1772.9044	665.26	652.69
1773.3650	667.90	652.46
1773.7799	667.28	653.55
1774.2418	669.21	653.65
1774.6818	667.78	653.32
1775.1126	668.81	653.88
1775.4550	668.43	654.04
1775.9267	667.94	654.06
1776.3771	668.22	653.70
1776.8133	669.22	654.15
1777.2685	667.28	653.93
1777.6866	669.34	654.71
1778.1425	669.65	654.81
1778.5047	670.45	655.55
1778.9275	667.48	654.27
1779.3648	666.59	654.84
1779.7995	668.59	655.40
1780.2779	670.56	655.35
1780.6899	669.04	655.65
1781.1406	669.69	655.88
1781.4849	670.56	655.68
1781.9532	668.77	655.73
1782.4005	671.39	656.52
1782.8618	672.03	656.84
1783.3162	670.25	656.14
1783.7428	670.22	656.35
1784.1912	670.64	657.14
1784.6546	671.67	658.80
1785.1372	672.34	658.47
1785.4822	672.29	657.93
1785.9205	670.95	657.79
1786.3921	670.92	657.56
1786.8119	670.66	657.55
1787.2618	670.77	657.06
1787.6958	671.23	658.04
1788.1448	670.73	657.02
1788.6304	674.67	659.11
1788.9693	673.84	658.71
1789.4161	672.89	658.11
1789.9009	675.11	659.43
1790.3555	672.39	658.95
1790.8318	672.50	658.50
1791.2791	672.25	657.57
1791.7777	671.00	657.07
1792.1988	671.51	657.72
1792.6439	670.71	657.45
1792.9869	670.92	656.64
1793.4412	670.14	656.84
1793.8687	671.73	657.29
1794.3210	668.68	656.77
1794.7487	672.68	657.40
1795.2130	670.96	657.41
1795.6905	671.35	658.06
1796.1389	672.21	658.68
1796.5082	671.34	657.70
1796.9593	671.67	657.68
1797.4121	672.80	657.48
1797.8678	672.10	656.96
1798.3324	669.37	655.64
1798.7618	670.96	656.73
1799.2124	672.85	657.75
1799.6375	671.65	657.19
1799.9780	672.59	657.29
1800.4610	672.51	658.10
1800.8741	672.09	657.57
1801.3514	673.87	657.72
1801.7847	669.59	656.96
1802.2322	674.81	658.27
1802.6669	672.19	658.19
1803.1141	674.63	659.83
1803.4705	675.01	659.37
1803.9199	675.28	659.06
1804.3710	673.18	659.45
1804.7897	671.98	658.18
1805.2423	674.52	659.64
1805.6810	674.12	659.94
1806.1119	674.71	660.60
1806.4728	675.00	659.94
1806.9074	675.91	660.77
1807.3758	674.48	660.18
1807.7901	675.39	660.57
1808.2186	674.04	661.22
1808.7034	677.16	660.92
1809.1406	677.24	661.17
1809.4939	676.72	661.84
1809.9058	674.87	661.41
1810.2958	676.81	661.39
1810.7451	677.75	662.24
1811.1683	677.53	661.66
1811.6119	676.93	661.93
1811.9274	677.77	663.14
1812.3487	676.87	662.28
