sep= 
Time [s]	R1_m5 [ng/cm^2]	C1_m [ng/cm^2]
0.0000	Failed	Failed
0.7434	Failed	Failed
1.4900	Failed	Failed
2.2341	Failed	Failed
2.9799	Failed	Failed
3.7256	Failed	Failed
4.4684	Failed	Failed
5.2109	Failed	Failed
5.9553	Failed	Failed
6.7026	Failed	Failed
7.4474	Failed	Failed
8.1932	Failed	Failed
8.9370	Failed	Failed
9.6814	Failed	Failed
10.4104	Failed	Failed
11.1531	Failed	Failed
11.8963	Failed	Failed
12.6394	Failed	Failed
13.3839	Failed	Failed
14.1266	Failed	Failed
14.8714	Failed	Failed
15.6160	Failed	Failed
16.3591	Failed	Failed
17.1036	Failed	Failed
17.8506	Failed	Failed
18.5947	Failed	Failed
19.3391	Failed	Failed
20.0850	Failed	Failed
20.8321	Failed	Failed
21.5796	Failed	Failed
22.3239	Failed	Failed
23.0685	Failed	Failed
23.8120	Failed	Failed
24.5579	Failed	Failed
25.3034	Failed	Failed
26.0482	Failed	Failed
26.7944	Failed	Failed
27.5405	Failed	Failed
28.2866	Failed	Failed
29.0318	Failed	Failed
29.7766	Failed	Failed
30.5205	Failed	Failed
31.2639	Failed	Failed
32.0080	Failed	Failed
32.7508	Failed	Failed
33.4933	Failed	Failed
34.2350	Failed	Failed
34.9776	Failed	Failed
35.7209	Failed	Failed
36.4643	Failed	Failed
37.2089	Failed	Failed
37.9539	Failed	Failed
38.6978	Failed	Failed
39.4409	Failed	Failed
40.1830	Failed	Failed
40.9263	Failed	Failed
41.6708	Failed	Failed
42.4141	Failed	Failed
43.1576	Failed	Failed
43.9004	Failed	Failed
44.6448	Failed	Failed
45.3875	Failed	Failed
46.1300	Failed	Failed
46.8734	Failed	Failed
47.6192	Failed	Failed
48.3625	Failed	Failed
49.1060	Failed	Failed
49.8498	Failed	Failed
50.5939	Failed	Failed
51.3376	Failed	Failed
52.0813	Failed	Failed
52.8263	Failed	Failed
53.5701	Failed	Failed
54.3120	Failed	Failed
55.0571	Failed	Failed
55.8024	Failed	Failed
56.5463	Failed	Failed
57.2900	Failed	Failed
58.0310	Failed	Failed
58.7756	Failed	Failed
59.5191	Failed	Failed
60.2622	Failed	Failed
61.0031	Failed	Failed
61.7469	Failed	Failed
62.4879	Failed	Failed
63.2296	Failed	Failed
63.9733	Failed	Failed
64.7165	Failed	Failed
65.4573	Failed	Failed
66.1999	Failed	Failed
66.9415	Failed	Failed
67.6865	Failed	Failed
68.4283	Failed	Failed
69.1699	Failed	Failed
69.9114	Failed	Failed
70.6441	Failed	Failed
71.3848	Failed	Failed
72.1264	Failed	Failed
72.8688	Failed	Failed
73.6115	Failed	Failed
74.3555	Failed	Failed
75.0996	Failed	Failed
75.8434	Failed	Failed
76.5859	Failed	Failed
77.3300	Failed	Failed
78.0750	Failed	Failed
78.8190	Failed	Failed
79.5605	Failed	Failed
80.3056	Failed	Failed
81.0486	Failed	Failed
81.7910	Failed	Failed
82.5334	Failed	Failed
83.2766	Failed	Failed
84.0191	Failed	Failed
84.7633	Failed	Failed
85.5055	Failed	Failed
86.2473	Failed	Failed
86.9889	Failed	Failed
87.7323	Failed	Failed
88.4750	Failed	Failed
89.2200	Failed	Failed
89.9615	Failed	Failed
90.7046	Failed	Failed
91.4472	Failed	Failed
92.1886	Failed	Failed
92.9289	Failed	Failed
93.6696	Failed	Failed
94.4109	Failed	Failed
95.1541	Failed	Failed
95.8940	Failed	Failed
96.6349	Failed	Failed
97.3759	Failed	Failed
98.1186	Failed	Failed
98.8623	Failed	Failed
99.6050	Failed	Failed
100.3493	Failed	Failed
101.0916	Failed	Failed
101.8356	Failed	Failed
102.5786	Failed	Failed
103.3203	Failed	Failed
104.0636	Failed	Failed
104.8059	Failed	Failed
105.5471	Failed	Failed
106.2913	Failed	Failed
107.0345	Failed	Failed
107.7773	Failed	Failed
108.5188	Failed	Failed
109.2621	Failed	Failed
110.0046	Failed	Failed
110.7465	Failed	Failed
111.4873	Failed	Failed
112.2291	Failed	Failed
112.9708	Failed	Failed
113.7141	Failed	Failed
114.4578	Failed	Failed
115.2006	Failed	Failed
115.9429	Failed	Failed
116.6845	Failed	Failed
117.4264	Failed	Failed
118.1681	Failed	Failed
118.9104	Failed	Failed
119.6525	Failed	Failed
120.3955	Failed	Failed
121.1375	Failed	Failed
121.8795	Failed	Failed
122.6218	Failed	Failed
123.3644	Failed	Failed
124.1071	Failed	Failed
124.8520	Failed	Failed
125.5917	Failed	Failed
126.3351	Failed	Failed
127.0786	Failed	Failed
127.8229	Failed	Failed
128.5648	Failed	Failed
129.3075	Failed	Failed
130.0509	Failed	Failed
130.7907	Failed	Failed
131.5235	Failed	Failed
132.2645	Failed	Failed
133.0065	Failed	Failed
133.7474	Failed	Failed
134.4883	Failed	Failed
135.2304	Failed	Failed
135.9737	Failed	Failed
136.7161	Failed	Failed
137.4563	Failed	Failed
138.1969	Failed	Failed
138.9369	Failed	Failed
139.6775	Failed	Failed
140.4199	Failed	Failed
141.1615	Failed	Failed
141.9028	Failed	Failed
142.6425	Failed	Failed
143.3826	Failed	Failed
144.1230	Failed	Failed
144.8651	Failed	Failed
145.6068	Failed	Failed
146.3506	Failed	Failed
147.0922	Failed	Failed
147.8362	Failed	Failed
148.5742	Failed	Failed
149.3168	Failed	Failed
150.0584	Failed	Failed
150.8008	Failed	Failed
151.5420	Failed	Failed
152.2843	Failed	Failed
153.0257	Failed	Failed
153.7668	Failed	Failed
154.5079	Failed	Failed
155.2488	Failed	Failed
155.9881	Failed	Failed
156.7299	Failed	Failed
157.4711	0.00	0.00
158.2114	0.00	0.00
158.9528	0.00	0.00
159.6947	0.00	0.00
160.4368	0.00	0.00
161.1670	0.00	0.00
161.9064	0.00	0.00
162.9711	0.00	0.00
165.5964	0.00	0.00
166.7129	0.00	0.00
167.0579	0.00	0.00
167.4098	0.00	0.00
167.7453	0.00	0.00
168.0809	0.00	0.00
168.4171	0.00	0.00
168.7565	0.00	0.00
169.0934	0.00	0.00
169.4315	0.00	0.00
169.7707	0.00	0.00
170.1069	0.00	0.00
170.4433	0.00	0.00
170.7811	0.00	0.00
171.1169	0.00	0.00
171.4523	0.00	0.00
171.7914	0.00	0.00
172.1273	0.00	0.00
172.4614	0.00	0.00
172.8008	0.00	0.00
173.1305	0.00	0.00
173.4573	0.00	0.00
173.7974	0.00	0.00
174.1396	0.00	0.00
174.4761	0.00	0.00
174.8162	0.00	0.00
175.1511	0.00	0.00
175.4872	0.00	0.00
175.8268	0.00	0.00
176.1625	0.00	0.00
176.4988	0.00	0.00
176.8383	0.00	0.00
177.1730	0.00	0.00
177.5083	0.00	0.00
177.8485	0.00	0.00
178.1834	0.00	0.00
178.5238	0.00	0.00
178.8618	0.00	0.00
179.1969	0.00	0.00
179.5329	0.00	0.00
179.8812	0.00	0.00
180.2344	0.00	0.00
180.6078	0.00	0.00
180.9560	0.00	0.00
181.3045	0.00	0.00
181.6815	0.00	0.00
182.0540	0.00	0.00
182.4046	0.00	0.00
182.7464	0.00	0.00
183.1234	0.00	0.00
183.5018	0.00	0.00
183.8413	0.00	0.00
184.1754	0.00	0.00
184.5098	0.00	0.00
184.8498	0.00	0.00
185.1835	0.00	0.00
185.5854	0.00	0.00
185.9200	0.00	0.00
186.2595	0.00	0.00
186.5951	0.00	0.00
186.9308	0.00	0.00
187.2705	0.00	0.00
187.6093	0.00	0.00
187.9985	0.00	0.00
188.3465	0.00	0.00
188.6780	0.00	0.00
189.0108	0.00	0.00
189.3439	0.00	0.00
189.6743	0.00	0.00
190.0067	0.00	0.00
190.3415	0.00	0.00
190.6754	0.00	0.00
191.0056	0.00	0.00
191.3210	0.00	0.00
191.6757	0.00	0.00
192.0653	0.00	0.00
192.4152	0.00	0.00
192.7903	0.00	0.00
193.1738	0.00	0.00
193.5544	0.00	0.00
193.8887	0.00	0.00
194.2224	0.00	0.00
194.5559	0.00	0.00
194.8932	0.00	0.00
195.2313	0.00	0.00
195.5652	0.00	0.00
195.9097	0.00	0.00
196.2923	0.00	0.00
196.6661	0.00	0.00
197.0015	0.00	0.00
197.3427	0.00	0.00
197.6757	0.00	0.00
198.0129	0.00	0.00
198.3534	0.00	0.00
198.7005	0.00	0.00
199.0357	0.00	0.00
199.3726	0.00	0.00
199.7073	0.00	0.00
200.0423	0.00	0.00
200.3802	0.00	0.00
200.7168	0.00	0.00
201.0517	0.00	0.00
201.3895	0.00	0.00
201.7848	0.00	0.00
202.1822	0.00	0.00
202.5660	0.00	0.00
202.9158	0.00	0.00
203.2968	0.00	0.00
203.6795	0.00	0.00
204.0605	0.00	0.00
204.4107	0.00	0.00
204.7945	0.00	0.00
205.1751	0.00	0.00
205.5610	0.00	0.00
205.9116	0.00	0.00
206.2960	0.00	0.00
206.6811	0.00	0.00
207.0654	0.00	0.00
207.4161	0.00	0.00
207.7946	0.00	0.00
208.1804	0.00	0.00
208.5513	0.00	0.00
208.9006	0.00	0.00
209.2449	0.00	0.00
209.6293	0.00	0.00
210.0264	0.00	0.00
210.3657	0.00	0.00
210.7078	0.00	0.00
211.0472	0.00	0.00
211.3859	0.00	0.00
211.7208	0.00	0.00
212.0553	0.00	0.00
212.3923	0.00	0.00
212.7280	0.00	0.00
213.0621	0.00	0.00
213.3973	0.00	0.00
213.7331	0.00	0.00
214.0674	0.00	0.00
214.4046	0.00	0.00
214.7407	0.00	0.00
215.1008	0.00	0.00
215.4354	0.00	0.00
215.7727	0.00	0.00
216.1073	0.00	0.00
216.4425	0.00	0.00
216.7815	0.00	0.00
217.1153	0.00	0.00
217.4503	0.00	0.00
217.7895	0.00	0.00
218.1228	0.00	0.00
218.4578	0.00	0.00
218.7970	0.00	0.00
219.1539	0.00	0.00
219.4918	0.00	0.00
219.8305	0.00	0.00
220.1660	0.00	0.00
220.5017	0.00	0.00
220.8434	0.00	0.00
221.1708	0.00	0.00
221.5052	0.00	0.00
221.8436	0.00	0.00
222.1753	0.00	0.00
222.5105	0.00	0.00
222.8594	0.00	0.00
223.2425	0.00	0.00
223.6013	0.00	0.00
223.9340	0.00	0.00
224.2745	0.00	0.00
224.6075	0.00	0.00
224.9426	0.00	0.00
225.2833	0.00	0.00
225.6171	0.00	0.00
225.9523	0.00	0.00
226.2919	0.00	0.00
226.6577	0.00	0.00
226.9982	0.00	0.00
227.3375	0.00	0.00
227.6678	0.00	0.00
228.0032	0.00	0.00
228.3444	0.00	0.00
228.6739	0.00	0.00
229.0090	0.00	0.00
229.3484	0.00	0.00
229.6832	0.00	0.00
230.0475	0.00	0.00
230.3856	0.00	0.00
230.7228	0.00	0.00
231.0568	0.00	0.00
231.3939	0.00	0.00
231.7295	0.00	0.00
232.0590	0.00	0.00
232.3965	0.00	0.00
232.7301	0.00	0.00
233.0644	0.00	0.00
233.4007	0.00	0.00
233.7585	0.00	0.00
234.1114	0.00	0.00
234.4464	0.00	0.00
234.7834	0.00	0.00
235.1136	0.00	0.00
235.4469	0.00	0.00
235.7916	0.00	0.00
236.1884	0.00	0.00
236.5846	0.00	0.00
236.9319	0.00	0.00
237.3265	0.00	0.00
237.6897	0.00	0.00
238.0819	0.00	0.00
238.4179	0.00	0.00
238.7821	0.00	0.00
239.1159	0.00	0.00
239.4493	0.00	0.00
239.7887	0.00	0.00
240.1232	0.00	0.00
240.4979	0.00	0.00
240.8185	0.00	0.00
241.2601	0.00	0.00
241.6652	0.00	0.00
242.0656	0.00	0.00
242.3884	0.00	0.00
242.7257	0.00	0.00
243.0590	0.00	0.00
243.3906	0.00	0.00
243.7260	0.00	0.00
244.0589	0.00	0.00
244.3964	0.00	0.00
244.7311	0.00	0.00
245.0624	0.00	0.00
245.3994	0.00	0.00
245.7311	0.00	0.00
246.0633	0.00	0.00
246.3999	0.00	0.00
246.7326	0.00	0.00
247.0614	0.00	0.00
247.3989	0.00	0.00
247.7343	0.00	0.00
248.1098	0.00	0.00
248.4432	0.00	0.00
248.7837	0.00	0.00
249.1175	0.00	0.00
249.4496	0.00	0.00
249.7889	0.00	0.00
250.1619	0.00	0.00
250.5116	0.00	0.00
250.8515	0.00	0.00
251.2268	0.00	0.00
251.5899	0.00	0.00
251.9250	0.00	0.00
252.2907	0.00	0.00
252.6751	0.00	0.00
253.0090	0.00	0.00
253.3489	0.00	0.00
253.7255	0.00	0.00
254.0663	0.00	0.00
254.4037	0.00	0.00
254.7840	0.00	0.00
255.1239	0.00	0.00
255.5035	0.00	0.00
255.8505	0.00	0.00
256.2634	0.00	0.00
256.6583	0.00	0.00
257.0343	0.00	0.00
257.3899	0.00	0.00
257.7649	0.00	0.00
258.1558	0.00	0.00
258.5376	0.00	0.00
258.8903	0.00	0.00
259.2679	0.00	0.00
259.6498	0.00	0.00
260.0325	0.00	0.00
260.3694	0.00	0.00
260.7623	0.00	0.00
261.1475	0.00	0.00
261.5295	0.00	0.00
261.8769	0.00	0.00
262.2694	0.00	0.00
262.6647	0.00	0.00
263.0153	0.00	0.00
263.3542	0.00	0.00
263.7384	0.00	0.00
264.1180	0.00	0.00
264.4522	0.00	0.00
264.8039	0.00	0.00
265.1950	0.00	0.00
265.6049	0.00	0.00
265.9514	0.00	0.00
266.3132	0.00	0.00
266.7089	0.00	0.00
267.0964	0.00	0.00
267.4436	0.00	0.00
267.8164	0.00	0.00
268.2110	0.00	0.00
268.6408	0.00	0.00
269.0352	0.00	0.00
269.3745	0.00	0.00
269.7653	0.00	0.00
270.1523	0.00	0.00
270.5427	0.00	0.00
270.8793	0.00	0.00
271.2387	0.00	0.00
271.6207	0.00	0.00
272.0306	0.00	0.00
272.3835	0.00	0.00
272.7730	0.00	0.00
273.1462	0.00	0.00
273.5432	0.00	0.00
273.8936	0.00	0.00
274.2697	0.00	0.00
274.6588	0.00	0.00
275.0424	0.00	0.00
275.3951	0.00	0.00
275.7655	0.00	0.00
276.1192	0.00	0.00
276.5128	0.00	0.00
276.8515	0.00	0.00
277.2412	0.00	0.00
277.6201	0.00	0.00
278.0184	0.00	0.00
278.3586	0.00	0.00
278.7355	0.00	0.00
279.1204	0.00	0.00
279.5124	0.00	0.00
279.8504	0.00	0.00
280.2408	0.00	0.00
280.6305	0.00	0.00
281.0394	0.00	0.00
281.3912	0.00	0.00
281.7836	0.00	0.00
282.2092	0.00	0.00
282.6150	0.00	0.00
283.1003	0.00	0.00
283.4456	0.00	0.00
283.8217	0.00	0.00
284.1847	0.00	0.00
284.5789	0.00	0.00
284.9269	0.00	0.00
285.3373	0.00	0.00
285.7225	0.00	0.00
286.1100	0.00	0.00
286.4544	0.00	0.00
286.8272	0.00	0.00
287.2008	0.00	0.00
287.5964	0.00	0.00
287.9303	0.00	0.00
288.3115	0.00	0.00
288.6917	0.00	0.00
289.1003	0.00	0.00
289.4341	0.00	0.00
289.7959	0.00	0.00
290.1911	0.00	0.00
290.5825	0.00	0.00
290.9126	0.00	0.00
291.2959	0.00	0.00
291.6926	0.00	0.00
292.0733	0.00	0.00
292.4054	0.00	0.00
292.8347	0.00	0.00
293.1978	0.00	0.00
293.5355	0.00	0.00
293.8717	0.00	0.00
294.2059	0.00	0.00
294.5542	0.00	0.00
294.8912	0.00	0.00
295.2297	0.00	0.00
295.5652	0.00	0.00
295.9004	0.00	0.00
296.2395	0.00	0.00
296.6230	0.00	0.00
296.9770	0.00	0.00
297.3931	0.00	0.00
297.7447	0.00	0.00
298.1539	0.00	0.00
298.5227	0.00	0.00
298.8703	0.00	0.00
299.2803	0.00	0.00
299.6650	0.00	0.00
300.1023	0.00	0.00
300.4483	0.00	0.00
300.8122	0.00	0.00
301.2048	0.00	0.00
301.5910	0.00	0.00
301.9224	0.00	0.00
302.2895	0.00	0.00
302.6246	0.00	0.00
302.9588	0.00	0.00
303.3013	0.00	0.00
303.6754	0.00	0.00
304.0096	0.00	0.00
304.3489	0.00	0.00
304.6833	0.00	0.00
305.0589	0.00	0.00
305.3968	0.00	0.00
305.7353	0.00	0.00
306.0699	0.00	0.00
306.4079	0.00	0.00
306.7395	0.00	0.00
307.1164	0.00	0.00
307.4500	0.00	0.00
307.7931	0.00	0.00
308.1246	0.00	0.00
308.4473	0.00	0.00
308.8029	0.00	0.00
309.2118	0.00	0.00
309.5992	0.00	0.00
309.9446	0.00	0.00
310.3208	0.00	0.00
310.7094	0.00	0.00
311.0998	0.00	0.00
311.4470	0.00	0.00
311.7920	0.00	0.00
312.1219	0.00	0.00
312.4549	0.00	0.00
312.7946	0.00	0.00
313.1275	0.00	0.00
313.5163	0.00	0.00
313.8567	0.00	0.00
314.2304	0.00	0.00
314.5659	0.00	0.00
314.9021	0.00	0.00
315.2328	0.00	0.00
315.5770	0.00	0.00
315.9134	0.00	0.00
316.2914	0.00	0.00
316.6287	0.00	0.00
317.0082	0.00	0.00
317.3466	0.00	0.00
317.6755	0.00	0.00
318.0190	0.00	0.00
318.3576	0.00	0.00
318.7325	0.00	0.00
319.0679	0.00	0.00
319.4054	0.00	0.00
319.7397	0.00	0.00
320.1243	0.00	0.00
320.4470	0.00	0.00
320.8033	0.00	0.00
321.1778	0.00	0.00
321.5239	0.00	0.00
321.8637	0.00	0.00
322.2396	0.00	0.00
322.5729	0.00	0.00
322.9094	0.00	0.00
323.2853	0.00	0.00
323.6173	0.00	0.00
323.9527	0.00	0.00
324.3054	0.00	0.00
324.6814	0.00	0.00
325.0215	0.00	0.00
325.3604	0.00	0.00
325.7377	0.00	0.00
326.1253	0.00	0.00
326.4574	0.00	0.00
326.7973	0.00	0.00
327.1724	0.00	0.00
327.5182	0.00	0.00
327.8578	0.00	0.00
328.2411	0.00	0.00
328.6229	0.00	0.00
328.9568	0.00	0.00
329.2923	0.00	0.00
329.6323	0.00	0.00
330.0173	0.00	0.00
330.3574	0.00	0.00
330.7373	0.00	0.00
331.0666	0.00	0.00
331.4041	0.00	0.00
331.7408	0.00	0.00
332.1513	0.00	0.00
332.5421	0.00	0.00
332.8810	0.00	0.00
333.2437	0.00	0.00
333.6229	0.00	0.00
333.9570	0.00	0.00
334.3008	0.00	0.00
334.6829	0.00	0.00
335.0670	0.00	0.00
335.4023	0.00	0.00
335.7468	0.00	0.00
336.1380	0.00	0.00
336.5385	0.00	0.00
336.8758	0.00	0.00
337.2506	0.00	0.00
337.6556	0.00	0.00
338.0418	0.00	0.00
338.3953	0.00	0.00
338.7628	0.00	0.00
339.1288	0.00	0.00
339.5148	0.00	0.00
339.8544	0.00	0.00
340.2373	0.00	0.00
340.5784	0.00	0.00
340.9145	0.00	0.00
341.3025	0.00	0.00
341.6847	0.00	0.00
342.0719	0.00	0.00
342.4100	0.00	0.00
342.7957	0.00	0.00
343.1798	0.00	0.00
343.5214	0.00	0.00
343.8702	0.00	0.00
344.2813	0.00	0.00
344.6622	0.00	0.00
345.0489	0.00	0.00
345.3849	0.00	0.00
345.7539	0.00	0.00
346.1579	0.00	0.00
346.5497	0.00	0.00
346.8862	0.00	0.00
347.2502	0.00	0.00
347.6359	0.00	0.00
348.0163	0.00	0.00
348.3555	0.00	0.00
348.7559	0.00	0.00
349.1549	0.00	0.00
349.5468	0.00	0.00
349.8992	0.00	0.00
350.2663	0.00	0.00
350.6391	0.00	0.00
351.0469	0.00	0.00
351.3985	0.00	0.00
351.7762	0.00	0.00
352.1621	0.00	0.00
352.5472	0.00	0.00
352.8982	0.00	0.00
353.2798	0.00	0.00
353.6645	0.00	0.00
354.0422	0.00	0.00
354.3948	0.00	0.00
354.7705	0.00	0.00
355.1563	0.00	0.00
355.5487	0.00	0.00
355.9018	0.00	0.00
356.2777	0.00	0.00
356.6589	0.00	0.00
357.0291	0.00	0.00
357.3679	0.00	0.00
357.7521	0.00	0.00
358.1499	0.00	0.00
358.5487	0.00	0.00
358.9001	0.00	0.00
359.2736	0.00	0.00
359.6719	0.00	0.00
360.0199	0.00	0.00
360.3720	0.00	0.00
360.7650	0.00	0.00
361.1380	0.00	0.00
361.5280	0.00	0.00
361.8670	0.00	0.00
362.2382	0.00	0.00
362.6286	0.00	0.00
363.0179	0.00	0.00
363.3572	0.00	0.00
363.7471	0.00	0.00
364.1286	0.00	0.00
364.5190	0.00	0.00
364.8569	0.00	0.00
365.2477	0.00	0.00
365.6388	0.00	0.00
366.0262	0.00	0.00
366.3590	0.00	0.00
366.7556	0.00	0.00
367.1647	0.00	0.00
367.5444	0.00	0.00
367.8952	0.00	0.00
368.2816	0.00	0.00
368.6682	0.00	0.00
369.0992	0.00	0.00
369.4464	0.00	0.00
369.8356	0.00	0.00
370.2242	0.00	0.00
370.6003	0.00	0.00
370.9367	0.00	0.00
371.3148	0.00	0.00
371.6979	0.00	0.00
372.1193	0.00	0.00
372.5450	0.00	0.00
372.8997	0.00	0.00
373.2857	0.00	0.00
373.6671	0.00	0.00
374.1006	0.00	0.00
374.4474	0.00	0.00
374.8323	0.00	0.00
375.2414	0.00	0.00
375.6643	0.00	0.00
376.0554	0.00	0.00
376.4055	0.00	0.00
376.8202	0.00	0.00
377.1967	0.00	0.00
377.5905	0.00	0.00
377.9354	0.00	0.00
378.3409	0.00	0.00
378.7251	0.00	0.00
379.1706	0.00	0.00
379.6035	0.00	0.00
379.9503	0.00	0.00
380.3442	0.00	0.00
380.7175	0.00	0.00
381.1251	0.00	0.00
381.5500	0.00	0.00
381.9035	0.00	0.00
382.3439	0.00	0.00
382.7144	0.00	0.00
383.0866	0.00	0.00
383.4225	0.00	0.00
383.8122	0.00	0.00
384.1958	0.00	0.00
384.5774	0.00	0.00
384.9136	0.00	0.00
385.3062	0.00	0.00
385.6871	0.00	0.00
386.0757	0.00	0.00
386.4118	0.00	0.00
386.8079	0.00	0.00
387.1934	0.00	0.00
387.5777	0.00	0.00
387.9134	0.00	0.00
388.3079	0.00	0.00
388.6921	0.00	0.00
389.0871	0.00	0.00
389.4216	0.00	0.00
389.8027	0.00	0.00
390.1877	0.00	0.00
390.5849	0.00	0.00
390.9198	0.00	0.00
391.3128	0.00	0.00
391.6943	0.00	0.00
392.0809	0.00	0.00
392.4165	0.00	0.00
392.8147	0.00	0.00
393.2265	0.00	0.00
393.6633	0.00	0.00
394.0730	0.00	0.00
394.4098	0.00	0.00
394.8156	0.00	0.00
395.1887	0.00	0.00
395.5918	0.00	0.00
395.9087	0.00	0.00
396.3248	0.00	0.00
396.7041	0.00	0.00
397.0917	0.00	0.00
397.4264	0.00	0.00
397.8104	0.00	0.00
398.1967	0.00	0.00
398.5796	0.00	0.00
398.9144	0.00	0.00
399.3162	0.00	0.00
399.7286	0.00	0.00
400.1662	0.00	0.00
400.5586	0.00	0.00
400.8959	0.00	0.00
401.2614	0.00	0.00
401.6367	0.00	0.00
402.0672	0.00	0.00
402.4168	0.00	0.00
402.8428	0.00	0.00
403.2789	0.00	0.00
403.6406	0.00	0.00
404.0492	0.00	0.00
404.4015	0.00	0.00
404.7974	0.00	0.00
405.2213	0.00	0.00
405.5869	0.00	0.00
405.9342	0.00	0.00
406.3516	0.00	0.00
406.7863	0.00	0.00
407.2237	0.00	0.00
407.6198	0.00	0.00
407.9516	0.00	0.00
408.3365	0.00	0.00
408.7037	0.00	0.00
409.0818	0.00	0.00
409.4174	0.00	0.00
409.8162	0.00	0.00
410.2093	0.00	0.00
410.6181	0.00	0.00
410.9510	0.00	0.00
411.3247	0.00	0.00
411.7136	0.00	0.00
412.1066	0.00	0.00
412.4507	0.00	0.00
412.8527	0.00	0.00
413.2877	0.00	0.00
413.7262	0.00	0.00
414.1678	0.00	0.00
414.6069	0.00	0.00
414.9394	0.00	0.00
415.3580	0.00	0.00
415.7526	0.00	0.00
416.1452	0.00	0.00
416.5314	0.00	0.00
416.8680	0.00	0.00
417.2522	0.00	0.00
417.6486	0.00	0.00
418.0309	0.00	0.00
418.3707	0.00	0.00
418.7632	0.00	0.00
419.1399	0.00	0.00
419.5403	0.00	0.00
419.8778	0.00	0.00
420.2648	0.00	0.00
420.6521	0.00	0.00
421.0413	0.00	0.00
421.3808	0.00	0.00
421.7655	0.00	0.00
422.1492	0.00	0.00
422.5425	0.00	0.00
422.8794	0.00	0.00
423.2534	0.00	0.00
423.6541	0.00	0.00
424.0663	0.00	0.00
424.4161	0.00	0.00
424.8522	0.00	0.00
425.2786	0.00	0.00
425.6646	0.00	0.00
426.0508	0.00	0.00
426.3888	0.00	0.00
426.7666	0.00	0.00
427.1727	0.00	0.00
427.6308	0.00	0.00
428.0668	0.00	0.00
428.4021	0.00	0.00
428.7716	0.00	0.00
429.1531	0.00	0.00
429.5462	0.00	0.00
429.8827	0.00	0.00
430.2685	0.00	0.00
430.6547	0.00	0.00
431.0456	0.00	0.00
431.3843	0.00	0.00
431.7586	0.00	0.00
432.1417	0.00	0.00
432.5363	0.00	0.00
432.8914	0.00	0.00
433.2968	0.00	0.00
433.7454	0.00	0.00
434.1758	0.00	0.00
434.6194	0.00	0.00
434.9466	0.00	0.00
435.3268	0.00	0.00
435.7831	0.00	0.00
436.2415	0.00	0.00
436.6708	0.00	0.00
437.1166	0.00	0.00
437.4499	0.00	0.00
437.8398	0.00	0.00
438.2200	0.00	0.00
438.6060	0.00	0.00
438.9409	0.00	0.00
439.3281	0.00	0.00
439.7458	0.00	0.00
440.1481	0.00	0.00
440.5737	0.00	0.00
440.9087	0.00	0.00
441.3264	0.00	0.00
441.7202	0.00	0.00
442.1023	0.00	0.00
442.4356	0.00	0.00
442.8233	0.00	0.00
443.2158	0.00	0.00
443.6071	0.00	0.00
443.9412	0.00	0.00
444.3300	0.00	0.00
444.7067	0.00	0.00
445.0985	0.00	0.00
445.4331	0.00	0.00
445.8173	0.00	0.00
446.2074	0.00	0.00
446.6285	0.00	0.00
447.0482	0.00	0.00
447.3854	0.00	0.00
447.7676	0.00	0.00
448.1520	0.00	0.00
448.5509	0.00	0.00
448.8969	0.00	0.00
449.3001	0.00	0.00
449.7379	0.00	0.00
450.1589	0.00	0.00
450.4970	0.00	0.00
450.8742	0.00	0.00
451.2978	0.00	0.00
451.7384	0.00	0.00
452.1996	0.00	0.00
452.5930	0.00	0.00
452.9284	0.00	0.00
453.3307	0.00	0.00
453.7142	0.00	0.00
454.0953	0.00	0.00
454.4307	0.00	0.00
454.8301	0.00	0.00
455.2168	0.00	0.00
455.6095	0.00	0.00
455.9418	0.00	0.00
456.3389	0.00	0.00
456.7061	0.00	0.00
457.1084	0.00	0.00
457.4442	0.00	0.00
457.8310	0.00	0.00
458.2166	0.00	0.00
458.6074	0.00	0.00
458.9407	0.00	0.00
459.3211	0.00	0.00
459.7197	0.00	0.00
460.0938	0.00	0.00
460.4291	0.00	0.00
460.8337	0.00	0.00
461.2096	0.00	0.00
461.6081	0.00	0.00
461.9410	0.00	0.00
462.3893	0.00	0.00
462.8041	0.00	0.00
463.2537	0.00	0.00
463.6727	0.00	0.00
464.0532	0.00	0.00
464.3895	0.00	0.00
464.7722	0.00	0.00
465.1671	0.00	0.00
465.5586	0.00	0.00
465.8959	0.00	0.00
466.2773	0.00	0.00
466.6779	0.00	0.00
467.1262	0.00	0.00
467.5773	0.00	0.00
467.9220	0.00	0.00
468.3528	0.00	0.00
468.7306	0.00	0.00
469.1180	0.00	0.00
469.4534	0.00	0.00
469.8468	0.00	0.00
470.2277	0.00	0.00
470.6171	0.00	0.00
470.9527	0.00	0.00
471.3438	0.00	0.00
471.7262	0.00	0.00
472.1156	0.00	0.00
472.4503	0.00	0.00
472.8462	0.00	0.00
473.2323	0.00	0.00
473.6166	0.00	0.00
473.9500	0.00	0.00
474.3450	0.00	0.00
474.7505	0.00	0.00
475.1950	0.00	0.00
475.6339	0.00	0.00
476.1011	0.00	0.00
476.4489	0.00	0.00
476.8815	0.00	0.00
477.3086	0.00	0.00
477.7555	0.00	0.00
478.2317	0.00	0.00
478.7039	0.00	0.00
479.1540	0.00	0.00
479.5876	0.00	0.00
479.9327	0.00	0.00
480.3580	0.00	0.00
480.8227	0.00	0.00
481.2580	0.00	0.00
481.6902	0.00	0.00
482.2145	0.00	0.00
482.6449	0.00	0.00
483.0892	0.00	0.00
483.4362	0.00	0.00
483.8648	0.00	0.00
484.2831	0.00	0.00
484.6710	0.00	0.00
485.0672	0.00	0.00
485.4045	0.00	0.00
485.7791	0.00	0.00
486.1856	0.00	0.00
486.6165	0.00	0.00
486.9510	0.00	0.00
487.3489	0.00	0.00
487.7292	0.00	0.00
488.1236	0.00	0.00
488.4566	0.00	0.00
488.8477	0.00	0.00
489.2353	0.00	0.00
489.6276	0.00	0.00
490.0643	0.00	0.00
490.4020	0.00	0.00
490.7864	0.00	0.00
491.1833	0.00	0.00
491.5717	0.00	0.00
491.9077	0.00	0.00
492.2913	0.00	0.00
492.7325	0.00	0.00
493.1256	0.00	0.00
493.5938	0.00	0.00
493.9282	0.00	0.00
494.3445	0.00	0.00
494.7232	0.00	0.00
495.1251	0.00	0.00
495.4574	0.00	0.00
495.8441	0.00	0.00
496.2288	0.00	0.00
496.6268	0.00	0.00
497.0633	0.00	0.00
497.4149	0.00	0.00
497.8659	0.00	0.00
498.2872	0.00	0.00
498.6813	0.00	0.00
499.0753	0.00	0.00
499.4107	0.00	0.00
499.8482	0.00	0.00
500.2401	0.00	0.00
500.6690	0.00	0.00
501.0694	0.00	0.00
501.4025	0.00	0.00
501.8060	0.00	0.00
502.2647	0.00	0.00
502.7002	0.00	0.00
503.1551	0.00	0.00
503.5912	0.00	0.00
503.9263	0.00	0.00
504.3497	0.00	0.00
504.7369	0.00	0.00
505.1241	0.00	0.00
505.4594	0.00	0.00
505.8570	0.00	0.00
506.2895	0.00	0.00
506.6862	0.00	0.00
507.1185	0.00	0.00
507.4532	0.00	0.00
507.9135	0.00	0.00
508.3598	0.00	0.00
508.8125	0.00	0.00
509.2326	0.00	0.00
509.6257	0.00	0.00
510.0656	0.00	0.00
510.3970	0.00	0.00
510.7907	0.00	0.00
511.1863	0.00	0.00
511.6213	0.00	0.00
511.9546	0.00	0.00
512.3569	0.00	0.00
512.7971	0.00	0.00
513.2987	0.00	0.00
513.7583	0.00	0.00
514.1839	0.00	0.00
514.6159	0.00	0.00
514.9508	0.00	0.00
515.3572	0.00	0.00
515.7891	0.00	0.00
516.1777	0.00	0.00
516.5683	0.00	0.00
516.9099	0.00	0.00
517.3872	0.00	0.00
517.8276	0.00	0.00
518.2625	0.00	0.00
518.6817	0.00	0.00
519.1296	0.00	0.00
519.5686	0.00	0.00
519.9052	0.00	0.00
520.2995	0.00	0.00
520.7365	0.00	0.00
521.1326	0.00	0.00
521.5704	0.00	0.00
521.9150	0.00	0.00
522.3853	0.00	0.00
522.8261	0.00	0.00
523.2486	0.00	0.00
523.6849	0.00	0.00
524.1511	0.00	0.00
524.6035	0.00	0.00
524.9378	0.00	0.00
525.3591	0.00	0.00
525.7985	0.00	0.00
526.2426	0.00	0.00
526.6893	0.00	0.00
527.1327	0.00	0.00
527.5807	0.00	0.00
527.9163	0.00	0.00
528.3595	0.00	0.00
528.8072	0.00	0.00
529.2633	0.00	0.00
529.7113	0.00	0.00
530.1632	0.00	0.00
530.5984	0.00	0.00
530.9459	0.00	0.00
531.4003	0.00	0.00
531.8237	0.00	0.00
532.2734	0.00	0.00
532.7127	0.00	0.00
533.1623	0.00	0.00
533.6082	0.00	0.00
533.9415	0.00	0.00
534.3583	0.00	0.00
534.8049	0.00	0.00
535.2425	0.00	0.00
535.6886	0.00	0.00
536.1920	0.00	0.00
536.7109	0.00	0.00
537.1680	0.00	0.00
537.6014	0.00	0.00
537.9362	0.00	0.00
538.3545	0.00	0.00
538.8044	0.00	0.00
539.2407	0.00	0.00
539.6979	0.00	0.00
540.1421	0.00	0.00
540.5814	0.00	0.00
540.9120	0.00	0.00
541.3582	0.00	0.00
541.8008	0.00	0.00
542.2451	0.00	0.00
542.6944	0.00	0.00
543.1382	0.00	0.00
543.5750	0.00	0.00
543.9103	0.00	0.00
544.3393	0.00	0.00
544.7521	0.00	0.00
545.1892	0.00	0.00
545.6409	0.00	0.00
546.0861	0.00	0.00
546.4215	0.00	0.00
546.8590	0.00	0.00
547.3079	0.00	0.00
547.7529	0.00	0.00
548.1847	0.00	0.00
548.6340	0.00	0.00
549.0821	0.00	0.00
549.4191	0.00	0.00
549.8672	0.00	0.00
550.3065	0.00	0.00
550.7710	0.00	0.00
551.2045	0.00	0.00
551.6640	0.00	0.00
552.1446	0.00	0.00
552.6093	0.00	0.00
552.9214	0.00	0.00
553.3753	0.00	0.00
553.8377	0.00	0.00
554.3365	0.00	0.00
554.7857	0.00	0.00
555.2700	0.00	0.00
555.7218	0.00	0.00
556.1644	0.00	0.00
556.5899	0.00	0.00
556.9364	0.00	0.00
557.3989	0.00	0.00
557.8345	0.00	0.00
558.2807	0.00	0.00
558.7241	0.00	0.00
559.1590	0.00	0.00
559.6172	0.00	0.00
560.0985	0.00	0.00
560.4464	0.00	0.00
560.8958	0.00	0.00
561.3352	0.00	0.00
561.7869	0.00	0.00
562.2841	0.00	0.00
562.7274	0.00	0.00
563.1492	0.00	0.00
563.5956	0.00	0.00
563.9307	0.00	0.00
564.3665	0.00	0.00
564.8082	0.00	0.00
565.2719	0.00	0.00
565.7210	0.00	0.00
566.1416	0.00	0.00
566.5943	0.00	0.00
566.9386	0.00	0.00
567.3924	0.00	0.00
567.8168	0.00	0.00
568.2600	0.00	0.00
568.6954	0.00	0.00
569.1430	0.00	0.00
569.5940	0.00	0.00
569.9278	0.00	0.00
570.3623	0.00	0.00
570.8130	0.00	0.00
571.2496	0.00	0.00
571.7000	0.00	0.00
572.1437	0.00	0.00
572.6142	0.00	0.00
573.1072	0.00	0.00
573.4541	0.00	0.00
573.9057	0.00	0.00
574.4009	0.00	0.00
574.8484	0.00	0.00
575.3085	0.00	0.00
575.7676	0.00	0.00
576.2170	0.00	0.00
576.6673	0.00	0.00
577.1636	0.00	0.00
577.6202	0.00	0.00
577.9540	0.00	0.00
578.3757	0.00	0.00
578.8543	0.00	0.00
579.3054	0.00	0.00
579.7614	0.00	0.00
580.1954	0.00	0.00
580.6524	0.00	0.00
581.0834	0.00	0.00
581.4202	0.00	0.00
581.8736	0.00	0.00
582.3158	0.00	0.00
582.7597	0.00	0.00
583.2312	0.00	0.00
583.7206	0.00	0.00
584.1371	0.00	0.00
584.5984	0.00	0.00
584.9328	0.00	0.00
585.3703	0.00	0.00
585.8190	0.00	0.00
586.2787	0.00	0.00
586.7045	0.00	0.00
587.1495	0.00	0.00
587.5920	0.00	0.00
587.9265	0.00	0.00
588.3677	0.00	0.00
588.8188	0.00	0.00
589.2490	0.00	0.00
589.7046	0.00	0.00
590.1487	0.00	0.00
590.6033	0.00	0.00
590.9362	0.00	0.00
591.3766	0.00	0.00
591.8450	0.00	0.00
592.3374	0.00	0.00
592.7701	0.00	0.00
593.2187	0.00	0.00
593.6561	0.00	0.00
594.1128	0.00	0.00
594.6111	0.00	0.00
595.1241	0.00	0.00
595.6131	0.00	0.00
596.1091	0.00	0.00
596.4555	0.00	0.00
596.9125	0.00	0.00
597.4126	0.00	0.00
597.9072	0.00	0.00
598.3941	0.00	0.00
598.8416	0.00	0.00
599.2608	0.00	0.00
599.7130	0.00	0.00
600.1618	0.00	0.00
600.5907	0.00	0.00
600.9269	0.00	0.00
601.3466	0.00	0.00
601.7845	0.00	0.00
602.1800	0.00	0.00
602.6224	0.00	0.00
603.0629	0.00	0.00
603.4004	0.00	0.00
603.7809	0.00	0.00
604.1702	0.00	0.00
604.5727	0.00	0.00
604.9079	0.00	0.00
605.3417	0.00	0.00
605.7344	0.00	0.00
606.1660	0.00	0.00
606.5712	0.00	0.00
606.9047	0.00	0.00
607.3384	0.00	0.00
607.7265	0.00	0.00
608.1969	0.00	0.00
608.6265	0.00	0.00
609.0689	0.00	0.00
609.4043	0.00	0.00
609.8370	0.00	0.00
610.2356	0.00	0.00
610.6715	0.00	0.00
611.0627	0.00	0.00
611.4001	0.00	0.00
611.7930	0.00	0.00
612.2686	0.00	0.00
612.6935	0.00	0.00
613.1870	0.00	0.00
613.6181	0.00	0.00
614.0867	0.00	0.00
614.4358	0.00	0.00
614.8771	0.00	0.00
615.3246	0.00	0.00
615.7364	0.00	0.00
616.2643	0.00	0.00
616.7091	0.00	0.00
617.1237	0.00	0.00
617.5814	0.00	0.00
617.9286	0.00	0.00
618.3896	0.00	0.00
618.8182	0.00	0.00
619.3013	0.00	0.00
619.7591	0.00	0.00
620.1659	0.00	0.00
620.5742	0.00	0.00
620.9222	0.00	0.00
621.3737	0.00	0.00
621.7926	0.00	0.00
622.2386	0.00	0.00
622.6826	0.00	0.00
623.1188	0.00	0.00
623.4510	0.00	0.00
623.8500	0.00	0.00
624.2842	0.00	0.00
624.6861	0.00	0.00
625.1231	0.00	0.00
625.5684	0.00	0.00
625.9026	0.00	0.00
626.3439	0.00	0.00
626.7255	0.00	0.00
627.1272	0.00	0.00
627.5707	0.00	0.00
627.9058	0.00	0.00
628.3504	0.00	0.00
628.7929	0.00	0.00
629.2319	0.00	0.00
629.6762	0.00	0.00
630.1172	0.00	0.00
630.4514	0.00	0.00
630.8528	0.00	0.00
631.3497	0.00	0.00
631.8248	0.00	0.00
632.2675	0.00	0.00
632.7132	0.00	0.00
633.1528	0.00	0.00
633.5954	0.00	0.00
633.9415	0.00	0.00
634.3937	0.00	0.00
634.8356	0.00	0.00
635.2613	0.00	0.00
635.7260	0.00	0.00
636.1656	0.00	0.00
636.5842	0.00	0.00
636.9314	0.00	0.00
637.3948	0.00	0.00
637.8359	0.00	0.00
638.2746	0.00	0.00
638.6935	0.00	0.00
639.1576	0.00	0.00
639.6035	0.00	0.00
639.9514	0.00	0.00
640.3846	0.00	0.00
640.8399	0.00	0.00
641.2776	0.00	0.00
641.7119	0.00	0.00
642.1419	0.00	0.00
642.5916	0.00	0.00
642.9234	0.00	0.00
643.3682	0.00	0.00
643.8022	0.00	0.00
644.2504	0.00	0.00
644.6991	0.00	0.00
645.1327	0.00	0.00
645.5841	0.00	0.00
645.9311	0.00	0.00
646.3818	0.00	0.00
646.8086	0.00	0.00
647.2401	0.00	0.00
647.6916	0.00	0.00
648.1631	0.00	0.00
648.6233	0.00	0.00
648.9564	0.00	0.00
649.3669	0.00	0.00
649.8086	0.00	0.00
650.2484	0.00	0.00
650.6936	0.00	0.00
651.1336	0.00	0.00
651.5832	0.00	0.00
651.9214	0.00	0.00
652.3547	0.00	0.00
652.8000	0.00	0.00
653.2465	0.00	0.00
653.6988	0.00	0.00
654.1376	0.00	0.00
654.6378	0.00	0.00
655.1055	0.00	0.00
655.4533	0.00	0.00
655.8857	0.00	0.00
656.3072	0.00	0.00
656.7435	0.00	0.00
657.1874	0.00	0.00
657.6340	0.00	0.00
658.0833	0.00	0.00
658.4201	0.00	0.00
658.8657	0.00	0.00
659.3106	0.00	0.00
659.7563	0.00	0.00
660.1963	0.00	0.00
660.6302	0.00	0.00
661.0784	0.00	0.00
661.4147	0.00	0.00
661.8610	0.00	0.00
662.3034	0.00	0.00
662.7540	0.00	0.00
663.1873	0.00	0.00
663.6359	0.00	0.00
664.0905	0.00	0.00
664.4259	0.00	0.00
664.8672	0.00	0.00
665.3389	0.00	0.00
665.7837	0.00	0.00
666.2160	0.00	0.00
666.6718	0.00	0.00
667.1571	0.00	0.00
667.6101	0.00	0.00
667.9549	0.00	0.00
668.3952	0.00	0.00
668.8114	0.00	0.00
669.2743	0.00	0.00
669.6989	0.00	0.00
670.1402	0.00	0.00
670.5888	0.00	0.00
670.9242	0.00	0.00
671.3574	0.00	0.00
671.8040	0.00	0.00
672.2519	0.00	0.00
672.6976	0.00	0.00
673.1321	0.00	0.00
673.4428	0.00	0.00
673.8760	0.00	0.00
674.3395	0.00	0.00
674.7508	0.00	0.00
675.2001	0.00	0.00
675.6980	0.00	0.00
676.1512	0.00	0.00
676.6020	0.00	0.00
676.9480	0.00	0.00
677.4068	0.00	0.00
677.8372	0.00	0.00
678.2788	0.00	0.00
678.7306	0.00	0.00
679.1381	0.00	0.00
679.5891	0.00	0.00
679.9354	0.00	0.00
680.3964	0.00	0.00
680.8104	0.00	0.00
681.2765	0.00	0.00
681.7226	0.00	0.00
682.1614	0.00	0.00
682.5934	0.00	0.00
682.9285	0.00	0.00
683.3667	0.00	0.00
683.8121	0.00	0.00
684.2531	0.00	0.00
684.7000	0.00	0.00
685.1384	0.00	0.00
685.5892	0.00	0.00
685.9234	0.00	0.00
686.3642	0.00	0.00
686.8324	0.00	0.00
687.2565	0.00	0.00
687.6976	0.00	0.00
688.1636	0.00	0.00
688.5939	0.00	0.00
688.9279	0.00	0.00
689.3666	0.00	0.00
689.8070	0.00	0.00
690.2553	0.00	0.00
690.6952	0.00	0.00
691.1394	0.00	0.00
691.5925	0.00	0.00
691.9275	0.00	0.00
692.3684	0.00	0.00
692.8066	0.00	0.00
693.2555	0.00	0.00
693.7012	0.00	0.00
694.1459	0.00	0.00
694.5921	0.00	0.00
694.9286	0.00	0.00
695.3613	0.00	0.00
695.8129	0.00	0.00
696.2630	0.00	0.00
696.6979	0.00	0.00
697.1423	0.00	0.00
697.5853	0.00	0.00
697.9211	0.00	0.00
698.3681	0.00	0.00
698.8060	0.00	0.00
699.2592	0.00	0.00
699.7221	0.00	0.00
700.1544	0.00	0.00
700.6119	0.00	0.00
701.1128	0.00	0.00
701.4586	0.00	0.00
701.9046	0.00	0.00
702.3961	0.00	0.00
702.8416	0.00	0.00
703.2488	0.00	0.00
703.6936	0.00	0.00
704.1423	0.00	0.00
704.5905	0.00	0.00
704.9389	0.00	0.00
705.4109	0.00	0.00
705.9086	0.00	0.00
706.3976	0.00	0.00
706.8418	0.00	0.00
707.2853	0.00	0.00
707.7394	0.00	0.00
708.2348	0.00	0.00
708.7208	0.00	0.00
709.1764	0.00	0.00
709.5964	0.00	0.00
709.9324	0.00	0.00
710.3726	0.00	0.00
710.8065	0.00	0.00
711.2569	0.00	0.00
711.7058	0.00	0.00
712.1439	0.00	0.00
712.5975	0.00	0.00
712.9329	0.00	0.00
713.3735	0.00	0.00
713.8419	0.00	0.00
714.2804	0.00	0.00
714.7873	0.00	0.00
715.2868	0.00	0.00
715.7149	0.00	0.00
716.1444	0.00	0.00
716.6142	0.00	0.00
717.1080	0.00	0.00
717.4559	0.00	0.00
717.9073	0.00	0.00
718.4027	0.00	0.00
718.8371	0.00	0.00
719.2656	0.00	0.00
719.7027	0.00	0.00
720.1443	0.00	0.00
720.6124	0.00	0.00
721.1235	0.00	0.00
721.5930	0.00	0.00
721.9289	0.00	0.00
722.3735	0.00	0.00
722.8423	0.00	0.00
723.2750	0.00	0.00
723.7160	0.00	0.00
724.2310	0.00	0.00
724.7260	0.00	0.00
725.1766	0.00	0.00
725.6733	0.00	0.00
726.1005	0.00	0.00
726.4316	0.00	0.00
726.8746	0.00	0.00
727.3081	0.00	0.00
727.7581	0.00	0.00
728.2375	0.00	0.00
728.7411	0.00	0.00
729.2379	0.00	0.00
729.7296	0.00	0.00
730.2276	0.00	0.00
730.6696	0.00	0.00
731.1045	0.00	0.00
731.4386	0.00	0.00
731.8862	0.00	0.00
732.3547	0.00	0.00
732.8368	0.00	0.00
733.2770	0.00	0.00
733.8536	0.00	0.00
734.3404	0.00	0.00
734.7653	0.00	0.00
735.2125	0.00	0.00
735.6597	0.00	0.00
736.0895	0.00	0.00
736.4256	0.00	0.00
736.8820	0.00	0.00
737.3272	0.00	0.00
737.7966	0.00	0.00
738.2990	0.00	0.00
738.7650	0.00	0.00
739.2033	0.00	0.00
739.6591	0.00	0.00
740.0898	0.00	0.00
740.4236	0.00	0.00
740.8721	0.00	0.00
741.3168	0.00	0.00
741.7694	0.00	0.00
742.2005	0.00	0.00
742.6618	0.00	0.00
743.1133	0.00	0.00
743.6227	0.00	0.00
744.1327	0.00	0.00
744.6208	0.00	0.00
745.1215	0.00	0.00
745.4538	0.00	0.00
745.9230	0.00	0.00
746.4072	0.00	0.00
746.9000	0.00	0.00
747.3930	0.00	0.00
747.8460	0.00	0.00
748.3291	0.00	0.00
748.7719	0.00	0.00
749.2115	0.00	0.00
749.6443	0.00	0.00
750.1004	0.00	0.00
750.4351	0.00	0.00
750.8783	0.00	0.00
751.3194	0.00	0.00
751.7691	0.00	0.00
752.2005	0.00	0.00
752.6450	0.00	0.00
753.1007	0.00	0.00
753.4351	0.00	0.00
753.8876	0.00	0.00
754.3258	0.00	0.00
754.7685	0.00	0.00
755.2136	0.00	0.00
755.6474	0.00	0.00
756.0940	54.55	52.60
756.4296	59.52	58.80
756.8808	170.48	230.82
757.3564	474.46	518.39
757.9181	848.96	816.87
758.6082	900.21	890.98
759.1141	898.65	889.12
759.4475	852.03	849.68
759.8885	827.10	824.80
760.3241	811.71	809.76
760.7664	796.53	799.16
761.2148	788.30	789.50
761.6559	782.16	783.10
762.1263	779.55	780.09
762.6212	776.11	775.84
763.1015	772.31	773.90
763.4487	771.13	770.91
763.9046	768.60	769.50
764.3688	767.70	768.01
764.8289	768.54	768.48
765.2618	767.45	767.12
765.7124	765.90	766.21
766.1458	765.30	765.26
766.6065	766.64	766.40
766.9398	766.50	766.05
767.3774	766.44	765.51
767.8563	766.93	766.87
768.3483	765.82	764.88
768.8494	765.29	764.19
769.3445	766.69	764.28
769.8339	769.57	764.74
770.2937	767.33	764.35
770.7912	767.12	762.93
771.2947	764.77	759.99
771.7925	764.07	759.55
772.2950	763.52	758.41
772.7924	760.04	755.33
773.2695	758.86	754.02
773.7138	757.02	751.37
774.1992	750.47	747.37
774.6596	749.54	746.62
775.1002	749.88	744.44
775.4349	744.83	742.60
775.8826	744.68	741.97
776.3262	745.25	741.29
776.7960	743.47	738.75
777.2700	740.86	737.04
777.7174	739.49	734.54
778.1654	736.36	732.24
778.6125	736.05	731.87
778.9477	733.93	728.65
779.3819	731.04	727.31
779.8550	729.27	726.13
780.3488	727.93	725.07
780.9286	727.51	724.08
781.6271	725.93	721.22
782.0903	724.73	719.60
782.5189	724.02	718.13
782.8540	722.65	717.34
783.1939	721.17	715.90
783.5324	719.01	714.70
783.8718	717.30	713.56
784.2123	714.51	710.58
784.5520	713.24	710.69
784.8903	715.80	710.47
785.2298	715.02	709.89
785.5687	713.03	707.42
785.9073	711.93	707.13
786.2471	710.48	706.15
786.5839	711.62	705.91
786.9343	710.21	704.38
787.2869	709.06	702.97
787.6368	708.33	702.21
787.9835	705.64	701.49
788.3153	706.07	700.47
788.6360	701.96	698.57
788.9758	701.48	697.77
789.3285	700.03	697.39
789.6767	699.27	696.64
790.0288	698.94	694.38
790.3812	698.11	694.13
790.7332	696.34	694.14
791.0838	695.28	693.72
791.4356	696.53	692.56
791.7834	697.42	692.77
792.1205	697.20	691.14
792.4589	699.26	692.98
792.8035	697.26	691.54
793.1552	696.89	691.08
793.5079	694.78	689.98
793.8358	693.87	689.60
794.1625	694.07	689.16
794.5010	691.96	686.91
794.8398	692.92	687.59
795.1797	692.67	687.25
795.5183	694.40	686.68
795.8580	693.63	686.41
796.1997	690.81	684.81
796.5381	690.47	684.29
796.8758	689.58	684.26
797.2159	688.28	681.65
797.5567	688.15	682.73
797.8956	687.64	682.54
798.2365	688.60	681.97
798.5768	685.99	680.97
798.9137	686.24	680.42
799.2542	686.05	680.69
799.5928	684.95	679.76
799.9315	684.48	678.99
800.2721	680.52	677.35
800.6108	683.28	677.36
800.9512	681.32	677.44
801.2913	682.89	676.59
801.6303	682.83	676.58
801.9828	681.34	676.26
802.3349	680.77	676.83
802.6809	680.67	676.06
803.0311	683.10	675.68
803.3846	680.56	675.06
803.7336	678.47	673.93
804.0840	680.73	674.49
804.4355	680.67	673.49
804.7667	677.08	672.41
805.1029	673.32	671.59
805.4373	676.87	671.49
805.7748	678.00	672.29
806.3274	677.96	672.79
806.9542	677.19	672.50
807.4753	676.95	672.05
807.9223	675.76	670.96
808.3870	674.99	669.99
808.8405	673.92	669.12
809.2875	675.52	669.84
809.8265	677.10	670.50
810.2743	671.03	669.38
811.0289	674.16	668.78
811.6608	671.55	668.43
812.2983	669.11	666.87
812.8751	669.52	665.79
813.6443	672.02	667.39
814.2182	670.27	666.02
814.9051	670.55	666.88
815.3955	670.55	665.51
815.9838	672.46	666.05
816.5144	670.82	664.79
816.9551	667.33	663.23
817.3997	667.12	662.38
817.9060	666.70	661.74
818.3646	665.64	661.43
818.8403	663.95	661.22
819.2854	663.39	660.94
819.7328	664.94	660.97
820.2435	665.98	662.29
820.7632	666.36	661.00
821.2588	664.90	660.17
821.7552	662.96	660.36
822.2559	663.91	660.04
822.7632	663.24	659.93
823.2546	661.22	658.25
823.7430	662.01	658.56
824.2618	664.18	659.57
824.7285	662.62	658.53
825.1807	660.01	658.73
825.6304	660.10	658.20
826.1176	660.17	657.60
826.4510	663.44	657.56
826.9079	662.92	657.35
827.3424	658.83	656.86
827.7877	657.74	655.71
828.2189	660.71	656.22
828.6850	661.67	656.71
829.1802	658.22	655.60
829.6219	660.79	655.18
829.9542	661.52	654.98
830.3985	654.46	654.14
830.8464	658.33	654.26
831.2851	657.24	654.54
831.7359	655.78	653.48
832.2437	657.84	654.98
832.7614	660.05	655.04
833.2610	658.56	654.69
833.7364	656.33	653.61
834.1853	658.98	654.98
834.6734	658.71	654.21
835.1295	658.64	653.24
835.6249	656.20	652.79
835.9576	657.76	653.64
836.4022	654.61	652.39
836.8535	653.44	653.06
837.4060	655.61	651.59
837.8728	656.25	651.67
838.3443	654.64	651.56
838.7933	655.38	652.96
839.2339	653.81	652.42
839.6670	653.73	651.08
840.1145	656.28	651.47
840.6387	655.07	651.73
841.1423	655.22	651.51
841.6449	653.32	651.71
842.1154	652.61	651.55
842.4493	655.61	652.16
842.9013	652.24	650.75
843.3479	652.87	650.72
843.7995	654.59	651.59
844.2851	653.33	650.63
844.7520	655.39	651.46
845.2262	653.27	650.14
845.6764	649.19	650.01
846.1282	652.32	650.45
846.6198	653.54	649.89
846.9541	653.14	649.89
847.4231	656.67	651.21
847.9280	653.52	649.80
848.4027	653.40	650.22
848.8524	651.63	650.52
849.3400	652.78	649.92
849.7964	652.69	648.62
850.2797	652.65	649.58
850.7557	650.95	649.36
851.2323	652.08	648.21
851.6829	651.12	648.60
852.1732	653.41	648.75
852.6179	652.36	649.03
852.9519	652.36	649.70
853.4056	650.70	647.60
853.8498	650.88	648.98
854.3607	652.46	649.64
854.8520	652.01	648.56
855.3423	652.80	648.66
855.8022	651.37	648.99
856.3193	650.48	649.14
856.8270	650.41	648.87
857.3203	651.13	648.40
857.8212	654.04	649.53
858.2928	654.12	649.22
858.7425	651.30	647.52
859.2337	653.20	648.00
859.6833	652.12	647.55
860.1763	652.59	649.05
860.6328	652.34	647.39
861.1483	650.55	646.80
861.6508	648.92	647.77
862.1574	651.63	647.80
862.6349	650.26	646.79
863.1269	651.66	647.75
863.6223	647.16	645.69
863.9555	648.78	645.68
864.4104	651.20	646.44
864.8952	649.04	646.75
865.3415	646.70	645.02
865.8062	649.65	645.85
866.3222	649.81	647.25
866.7968	650.76	646.15
867.2943	650.52	647.76
867.7894	649.98	646.97
868.3147	648.98	645.55
868.8367	648.84	647.40
869.3143	650.28	646.88
869.8017	652.09	646.91
870.2947	650.44	646.26
870.7952	650.01	645.47
871.2883	649.95	647.71
871.7987	650.08	646.49
872.3175	649.85	646.70
872.8229	652.06	647.23
873.2918	649.45	645.97
873.7408	647.49	646.19
874.2353	648.77	645.44
874.6900	649.62	647.15
875.1782	650.34	646.43
875.6216	651.65	646.97
875.9558	650.17	646.35
876.4147	651.68	647.11
876.9111	649.64	646.18
877.3973	647.31	645.31
877.8565	648.16	646.61
878.3489	647.72	644.27
878.7874	650.46	646.36
879.2331	647.94	645.81
879.6808	646.69	645.98
880.1731	650.75	647.05
880.7113	648.10	647.23
881.1784	649.03	646.30
881.6324	650.14	646.40
882.1232	650.14	647.41
882.6305	651.84	647.21
883.1387	647.32	646.19
883.6340	648.68	646.56
884.1291	649.25	647.13
884.6253	649.86	647.11
885.1227	652.33	647.80
885.4556	652.54	646.37
885.9033	649.50	646.61
886.3532	647.04	645.54
886.8531	649.52	646.82
887.3444	649.60	646.49
887.8007	648.89	645.70
888.2942	649.34	645.80
888.7937	649.84	646.37
889.3259	647.45	646.46
889.8294	650.77	647.59
890.3210	650.32	647.58
890.8284	650.73	647.27
891.3296	649.58	646.17
891.8228	649.74	646.92
892.3237	648.19	647.06
892.7939	648.12	645.12
893.2850	650.05	646.25
893.7454	649.01	645.56
894.2407	647.48	645.74
894.7350	647.60	645.46
895.2357	649.95	645.01
895.7467	648.71	645.32
896.2594	650.24	645.94
896.7776	648.42	646.16
897.2746	647.69	645.45
897.7588	651.25	645.61
898.2687	649.21	645.75
898.7704	649.93	646.04
899.2634	648.59	645.51
899.7607	649.44	646.12
900.2391	647.79	644.71
900.7409	649.20	645.48
901.2445	648.35	645.05
901.6954	649.20	644.93
902.1417	649.38	645.00
902.5870	647.85	644.75
902.9330	648.13	645.27
903.4016	648.03	645.14
903.8356	647.18	644.70
904.2873	649.02	645.98
904.7733	647.73	644.70
905.2054	647.71	644.35
905.6448	648.34	644.40
906.0861	648.97	645.21
906.4215	648.08	644.84
906.8651	648.43	645.16
907.3400	648.81	645.36
907.7694	649.15	645.07
908.2112	650.59	645.98
908.6506	648.16	645.04
909.0811	648.38	645.05
909.4185	647.57	644.88
909.8576	646.44	644.40
910.3077	646.90	645.44
910.7516	649.03	645.18
911.1921	645.68	644.28
911.6352	648.12	645.72
912.1103	649.58	645.97
912.4557	648.75	645.57
912.9015	648.49	644.76
913.3437	647.62	645.60
913.7788	647.01	644.67
914.1953	648.96	644.55
914.6707	650.00	645.00
915.0916	647.06	645.32
915.4272	646.76	645.01
915.8697	645.73	645.21
916.3052	647.01	644.40
916.7573	645.29	643.18
917.1988	647.88	644.55
917.6501	648.00	644.74
918.0837	650.14	645.38
918.4310	646.66	644.17
918.8949	647.82	644.82
919.3414	646.88	644.08
919.7859	647.33	645.66
920.2792	647.47	644.57
920.7010	647.11	644.31
921.1823	647.26	643.70
921.6647	648.85	645.58
922.1648	647.17	645.30
922.6017	648.19	645.91
922.9473	650.29	645.60
923.4046	650.97	644.58
923.8982	648.67	644.31
924.3445	648.70	645.17
924.8359	645.17	644.12
925.2827	649.31	645.19
925.7194	648.13	645.12
926.1487	647.11	644.17
926.5828	647.55	644.63
926.9179	647.47	644.32
927.3584	644.39	644.03
927.8033	646.81	645.69
928.2585	649.32	645.30
928.6978	646.12	643.70
929.1470	646.31	644.53
929.5828	647.22	645.10
929.9175	646.55	644.33
930.3642	646.81	644.67
930.8161	647.04	644.21
931.2831	647.37	644.65
931.7741	648.42	645.47
932.2094	647.67	645.17
932.6712	646.84	644.47
933.1612	649.61	644.99
933.6164	650.01	645.62
934.1172	645.94	645.35
934.6066	646.84	644.39
934.9514	646.45	644.63
935.4054	647.59	644.29
935.8949	644.80	645.27
936.3384	646.12	644.82
936.7817	645.76	645.38
937.2822	648.29	645.30
937.7193	648.99	645.01
938.1500	646.26	644.83
938.6201	650.10	645.69
939.1086	648.90	645.60
939.4423	649.21	645.11
939.8637	646.11	644.82
940.3077	646.90	643.76
940.7558	647.45	644.82
941.2022	647.53	644.29
941.6505	647.83	644.36
942.0924	647.71	644.49
942.4283	646.49	643.87
942.8714	647.41	644.24
943.3444	644.37	644.35
943.8334	646.01	643.37
944.2644	647.70	644.43
944.7279	646.30	645.21
945.2222	647.27	644.57
945.6771	648.25	644.70
946.1388	646.92	645.14
946.5969	648.65	645.25
946.9321	649.41	645.10
947.3687	646.00	644.20
947.8402	649.27	644.65
948.2552	646.85	644.69
948.7282	648.86	644.99
949.1489	646.43	644.40
949.5898	645.08	645.23
949.9247	649.44	645.01
950.3694	647.00	644.69
950.8419	648.38	645.11
951.3422	647.14	644.87
951.8360	646.53	645.16
952.2467	649.14	644.82
952.6941	647.54	644.78
953.1580	645.01	644.71
953.5890	646.92	644.59
953.9240	648.92	645.37
954.3695	648.43	644.28
954.8077	647.66	645.02
955.2562	647.62	645.11
955.6988	646.79	643.46
956.1480	647.94	644.66
956.5893	647.87	644.87
956.9239	645.54	642.68
957.3742	647.89	644.03
957.8321	646.88	644.55
958.2668	646.74	643.82
958.7213	648.42	644.83
959.1466	648.15	644.71
959.5983	646.87	645.43
959.9314	646.66	643.97
960.3704	647.73	644.83
960.8201	649.48	644.93
961.2500	645.50	643.87
961.6992	648.85	644.97
962.1473	647.70	644.22
962.6200	649.14	645.81
963.1225	645.93	644.10
963.6144	648.61	645.40
964.1149	645.48	644.71
964.6142	646.78	644.90
964.9464	648.18	645.73
965.3687	647.28	644.54
965.8434	646.66	644.50
966.3108	647.35	645.03
966.7634	648.32	644.76
967.1977	649.09	645.01
967.6543	649.22	645.02
968.0988	647.72	645.68
968.4313	650.76	645.85
968.8777	646.53	644.07
969.3211	650.28	646.07
969.7702	648.71	645.03
970.2117	646.20	645.13
970.6816	646.73	644.46
971.1580	648.46	645.53
971.6158	647.06	645.19
971.9489	648.34	645.28
972.4073	649.34	646.90
972.8448	646.29	644.57
973.2779	644.82	644.66
973.7197	646.75	644.69
974.1638	647.53	644.96
974.6666	648.01	645.04
975.0980	648.56	645.76
975.4332	648.36	644.04
975.8835	645.58	644.51
976.3188	648.23	645.49
976.7759	644.83	644.53
977.2216	647.94	645.11
977.6606	648.75	644.37
978.1004	647.60	644.49
978.4359	648.30	645.28
978.8866	646.86	644.52
979.3252	645.72	644.21
979.7949	647.59	645.23
980.2215	647.42	645.20
980.6689	646.75	644.78
981.1101	647.77	645.22
981.4440	650.50	645.77
981.8779	649.20	645.11
982.3316	647.24	644.49
982.7723	646.60	644.51
983.2109	648.44	644.98
983.6648	648.41	645.52
984.1691	648.63	645.21
984.6299	647.44	645.76
985.1003	648.33	646.14
985.4367	648.98	646.18
985.8861	649.08	645.48
986.3316	648.38	645.51
986.7716	648.47	645.50
987.2441	648.52	645.66
987.7346	646.93	644.75
988.1658	648.84	646.35
988.6052	647.70	645.28
988.9387	649.34	645.17
989.3824	648.50	646.00
989.8353	647.84	645.25
990.2676	646.43	645.21
990.7144	646.85	644.92
991.1643	648.43	645.48
991.6100	647.24	645.27
991.9438	648.35	644.64
992.3853	647.23	645.01
992.8336	648.78	644.75
993.2722	647.24	645.49
993.7118	645.60	644.82
994.1572	650.95	645.99
994.6113	645.89	644.67
994.9442	646.18	644.96
995.3856	647.15	644.76
995.8298	647.34	645.77
996.2707	645.90	644.96
996.7196	646.06	645.19
997.1646	647.95	644.46
997.6160	647.71	645.94
997.9504	647.66	644.95
998.3915	647.64	645.78
998.8347	648.84	644.81
999.2711	647.88	646.04
999.7249	646.87	645.37
1000.1658	649.37	645.69
1000.6071	646.78	645.12
1000.9424	648.84	645.99
1001.3946	645.74	645.68
1001.8331	648.64	646.21
1002.2769	649.57	646.19
1002.7198	648.71	646.06
1003.1657	648.78	645.58
1003.6089	648.46	644.85
1003.9430	648.51	644.76
1004.3939	649.13	645.34
1004.8292	648.26	645.08
1005.2968	647.67	645.65
1005.7793	648.20	645.66
1006.2478	648.13	645.29
1006.7337	647.98	645.77
1007.1780	647.78	645.24
1007.6827	647.58	645.56
1008.1595	648.20	645.72
1008.6108	648.97	645.98
1008.9446	648.60	645.48
1009.3901	645.54	644.17
1009.8347	646.86	644.99
1010.2747	646.40	644.77
1010.7182	647.84	645.51
1011.1661	646.71	645.18
1011.6358	649.30	646.11
1012.1233	647.40	646.20
1012.6352	646.77	646.17
1013.1385	647.63	644.90
1013.6296	647.00	646.72
1014.1332	648.87	645.91
1014.6420	649.09	646.07
1015.1021	647.86	646.24
1015.4504	647.68	645.31
1015.9186	649.82	646.56
1016.3870	648.74	645.89
1016.8269	648.41	645.86
1017.2771	647.20	645.15
1017.7290	648.33	645.14
1018.1638	648.72	645.88
1018.6181	649.18	645.14
1018.9531	647.60	645.62
1019.3909	647.42	645.29
1019.8297	648.53	645.41
1020.2777	645.95	645.12
1020.7303	647.02	645.83
1021.1702	649.57	644.73
1021.6758	649.25	645.75
1022.1769	648.06	645.63
1022.6918	648.20	646.52
1023.1951	648.78	646.66
1023.6896	648.44	646.15
1024.1629	647.63	645.13
1024.6177	649.39	645.83
1024.9501	648.21	645.68
1025.3912	647.63	645.35
1025.9032	646.51	645.55
1026.3576	648.98	645.13
1026.8420	647.67	645.37
1027.3056	648.25	646.20
1027.8099	647.82	644.53
1028.2697	647.92	646.28
1028.7213	649.50	645.30
1029.2228	649.85	645.99
1029.6945	648.24	646.01
1030.1742	650.06	645.10
1030.6101	646.33	645.60
1030.9436	648.79	644.93
1031.3844	647.21	645.91
1031.8549	646.58	645.56
1032.3255	646.70	645.73
1032.7740	648.03	645.01
1033.2220	647.55	645.07
1033.6623	647.64	644.72
1034.1161	647.66	645.61
1034.4501	647.89	645.46
1034.8906	646.47	645.20
1035.3810	648.25	646.06
1035.8371	647.81	644.64
1036.3015	645.30	644.80
1036.8046	647.76	645.19
1037.2739	645.78	643.81
1037.7287	645.54	644.26
1038.1726	644.15	644.34
1038.6201	647.63	644.58
1038.9538	645.10	644.14
1039.3947	646.62	644.34
1039.8477	647.03	645.13
1040.3546	649.93	646.80
1040.8627	647.46	645.23
1041.3641	646.69	645.32
1041.8276	649.36	645.57
1042.3082	647.03	646.49
1042.8050	648.21	645.92
1043.2766	648.97	645.67
1043.7200	648.05	645.88
1044.1697	647.87	645.29
1044.6226	648.49	645.96
1045.1362	649.21	646.43
1045.6352	651.08	646.00
1046.1368	648.86	645.12
1046.6329	649.94	646.96
1047.1401	648.33	646.46
1047.6394	649.58	646.38
1048.1391	647.15	645.31
1048.6451	649.76	646.58
1049.1092	650.43	646.98
1049.4423	647.83	645.05
1049.8937	645.61	645.62
1050.3381	648.07	645.72
1050.7857	646.88	645.43
1051.2283	648.49	645.11
1051.6654	647.92	645.23
1052.1128	648.22	645.52
1052.4458	646.85	645.58
1052.8979	647.65	645.87
1053.3732	645.99	644.97
1053.8568	646.82	645.96
1054.3387	648.59	645.78
1054.7830	646.28	645.83
1055.2482	647.39	645.57
1055.7518	646.97	644.77
1056.2210	647.56	645.79
1056.7034	648.29	645.09
1057.1737	650.37	646.17
1057.6255	647.16	645.90
1058.1327	647.92	645.85
1058.6270	648.89	646.34
1059.1364	649.13	646.39
1059.6364	648.70	646.02
1060.1158	647.36	644.94
1060.4514	649.23	645.76
1060.9032	649.23	646.64
1061.3341	647.23	644.72
1061.7855	647.12	646.12
1062.2349	648.28	646.40
1062.7203	649.06	645.67
1063.1688	648.29	645.89
1063.6126	648.34	646.13
1064.1294	648.35	647.34
1064.6397	646.51	646.34
1065.1088	649.26	647.44
1065.4467	648.50	646.49
1065.8973	648.87	646.04
1066.3432	649.76	645.77
1066.7869	648.03	646.02
1067.3033	648.19	646.95
1067.8093	645.81	645.70
1068.3125	647.97	646.77
1068.8145	645.13	645.20
1069.3473	647.60	646.02
1069.7896	647.09	645.87
1070.3047	648.96	646.92
1070.8175	650.78	647.02
1071.3096	648.81	646.32
1071.7886	648.31	646.37
1072.2275	649.84	645.98
1072.6809	648.66	646.21
1073.1954	648.95	647.29
1073.7008	649.26	647.31
1074.1742	648.14	646.28
1074.6219	648.18	646.74
1075.1086	646.04	645.73
1075.6357	648.78	646.90
1076.1358	651.04	645.85
1076.6517	647.81	646.84
1077.1189	647.86	646.19
1077.6360	652.08	647.26
1078.1105	648.86	646.25
1078.4442	647.95	645.73
1078.9507	649.14	645.96
1079.4144	648.15	646.39
1079.8933	648.22	645.86
1080.3356	647.96	645.20
1080.7820	648.19	645.76
1081.2245	649.38	646.23
1081.7193	648.42	646.11
1082.1677	648.78	646.13
1082.6118	647.37	645.21
1082.9449	647.81	645.97
1083.4022	648.60	645.32
1083.8450	646.02	645.55
1084.2812	647.09	645.56
1084.7252	648.41	645.52
1085.1792	648.74	646.24
1085.6697	649.45	646.43
1086.1910	647.17	646.76
1086.6940	647.28	645.44
1087.1919	648.01	645.63
1087.6743	648.21	646.46
1088.1183	647.80	645.87
1088.4516	649.53	646.08
1088.9004	648.18	645.13
1089.3477	647.68	646.70
1089.8386	646.83	645.14
1090.2856	648.05	645.61
1090.7361	646.34	644.59
1091.2345	648.51	646.66
1091.7288	647.09	645.83
1092.1810	648.69	646.41
1092.6673	647.15	645.49
1093.1125	646.58	645.38
1093.4453	647.60	644.82
1093.9027	650.17	645.13
1094.4498	646.53	645.00
1095.1738	647.29	645.87
1095.6157	647.69	645.38
1095.9482	647.51	644.77
1096.4040	646.75	645.08
1096.8908	646.75	644.65
1097.3350	646.77	644.15
1097.7915	644.30	644.99
1098.3250	646.61	645.67
1098.8175	646.17	646.29
1099.3073	647.44	645.46
1099.7903	647.41	645.14
1100.2763	645.64	645.08
1100.7325	646.01	644.27
1101.2341	646.75	644.52
1101.7237	649.37	645.34
1102.1788	644.97	645.50
1102.6783	649.05	645.24
1103.1683	646.84	645.49
1103.6156	649.12	646.59
1103.9480	649.16	645.70
1104.4020	647.40	645.08
1104.8714	648.06	645.92
1105.3406	646.24	644.12
1105.7966	649.09	646.35
1106.2778	647.15	646.01
1106.8004	648.68	646.70
1107.2895	643.16	645.80
1107.7804	647.87	645.85
1108.2255	647.12	645.26
1108.7371	647.81	646.79
1109.2572	649.28	645.82
1109.7671	646.47	645.35
1110.2631	648.85	645.56
1110.7565	647.29	645.92
1111.2220	646.84	646.11
1111.6778	647.77	645.71
1112.1788	647.27	645.74
1112.6725	646.96	645.56
1113.1148	646.95	646.42
1113.6415	648.40	646.78
1114.1426	645.82	645.20
1114.6538	649.18	646.37
1115.1470	647.85	645.62
1115.6195	649.10	646.43
1116.1163	647.51	646.26
1116.4503	647.32	645.58
1116.9048	648.88	646.59
1117.3969	648.36	645.93
1117.8440	649.05	646.45
1118.2998	647.92	646.65
1118.8515	647.60	646.50
1119.3735	650.37	646.34
1119.8430	646.19	646.03
1120.2902	648.15	646.34
1120.7870	647.54	646.13
1121.2907	646.76	646.22
1121.7851	645.65	645.51
1122.2281	647.64	645.36
1122.7545	647.43	645.34
1123.2563	645.66	644.80
1123.7420	646.50	645.70
1124.2365	646.64	645.39
1124.7936	648.12	646.27
1125.3099	648.21	646.06
1125.7864	648.55	645.08
1126.2256	646.81	645.65
1126.6876	646.97	645.34
1127.1732	644.92	644.70
1127.6285	649.36	646.38
1128.1226	645.18	644.43
1128.6167	649.00	645.93
1128.9488	648.33	645.58
1129.4024	647.80	645.64
1129.9034	647.01	645.30
1130.4272	646.52	645.39
1130.9252	647.75	645.24
1131.3993	646.62	645.49
1131.8473	647.93	645.91
1132.3448	646.43	645.07
1132.8430	645.75	644.69
1133.2971	646.26	645.33
1133.7932	646.47	645.84
1134.2863	646.28	644.54
1134.7411	645.96	644.35
1135.2321	646.48	644.01
1135.7314	647.27	644.70
1136.1966	644.77	643.93
1136.6974	646.23	645.48
1137.2178	646.56	645.66
1137.7244	648.38	645.29
1138.2085	647.49	645.99
1138.7185	647.54	645.33
1139.2210	647.56	645.45
1139.7106	648.18	646.02
1140.2151	647.81	645.41
1140.7161	645.74	645.10
1141.2169	646.80	645.12
1141.7143	648.69	646.59
1142.1867	647.84	646.22
1142.6316	648.45	645.37
1143.1611	647.83	646.39
1143.6429	646.46	645.12
1144.1304	649.56	646.13
1144.4591	647.44	646.72
1144.9288	647.20	644.62
1145.4079	647.43	645.18
1145.8606	645.90	644.82
1146.3501	646.23	646.28
1146.8012	646.25	644.51
1147.3042	647.64	646.35
1147.7998	647.12	645.41
1148.2960	646.70	645.13
1148.7457	646.19	645.42
1149.2445	647.10	645.40
1149.7410	646.59	645.12
1150.2619	646.05	644.78
1150.7684	647.36	646.26
1151.2402	648.22	645.61
1151.7431	650.19	646.89
1152.2386	647.14	645.31
1152.7053	645.97	645.61
1153.1960	648.45	645.82
1153.6894	648.09	646.04
1154.1901	650.94	646.99
1154.6896	647.59	645.86
1155.1955	646.70	645.94
1155.7456	648.38	646.44
1156.2430	647.10	645.72
1156.7498	647.16	645.67
1157.2548	646.28	645.51
1157.7569	646.75	645.98
1158.2412	647.03	645.39
1158.7427	646.45	644.83
1159.2435	650.12	646.05
1159.7520	645.14	645.53
1160.2451	648.92	645.67
1160.7470	648.28	645.99
1161.2355	646.57	645.86
1161.6922	646.77	645.55
1162.1889	649.13	646.83
1162.6951	648.18	646.13
1163.1922	649.66	645.62
1163.6879	648.22	645.81
1164.1950	649.42	647.62
1164.6950	645.88	645.55
1165.1950	646.10	645.66
1165.6891	646.15	645.70
1166.1879	647.34	645.20
1166.6975	648.20	646.26
1167.1955	648.31	647.37
1167.6840	648.61	646.22
1168.1868	648.16	646.35
1168.6942	647.54	646.03
1169.1966	646.08	644.93
1169.6996	648.72	646.00
1170.1974	649.12	646.35
1170.6950	647.97	645.40
1171.1956	647.52	646.08
1171.7216	646.20	645.42
1172.2165	645.89	645.37
1172.7246	647.49	645.61
1173.2227	647.18	645.44
1173.6924	646.12	645.44
1174.1978	647.98	646.13
1174.6941	648.78	645.80
1175.2164	648.81	646.60
1175.7267	649.70	647.43
1176.2247	647.47	645.91
1176.7275	648.59	647.02
1177.2284	647.19	645.66
1177.7520	648.48	647.06
1178.2722	646.59	647.25
1178.7771	648.85	646.56
1179.2521	646.79	646.24
1179.7581	647.76	647.18
1180.2480	646.57	645.68
1180.7587	648.66	646.64
1181.2592	647.28	647.23
1181.7584	647.14	646.65
1182.2497	648.92	646.81
1182.7586	648.02	647.70
1183.2455	648.71	645.97
1183.7396	648.64	646.73
1184.2418	647.34	647.85
1184.7513	648.65	646.82
1185.2864	647.92	647.24
1185.7847	648.52	646.44
1186.2882	647.52	646.63
1186.8336	646.80	646.49
1187.3345	647.84	647.20
1187.8471	649.92	647.25
1188.3880	648.45	646.56
1188.8959	647.55	646.01
1189.3865	648.53	646.25
1189.8891	649.28	647.05
1190.3694	647.01	645.90
1190.8701	646.57	646.23
1191.3638	648.45	646.91
1191.8679	645.30	646.47
1192.3946	647.30	646.12
1192.9012	647.82	645.89
1193.3688	649.05	646.10
1193.8674	647.07	646.33
1194.3594	647.38	645.75
1194.8579	646.31	645.03
1195.3585	646.66	646.35
1195.8644	646.01	644.85
1196.3689	647.06	645.19
1196.8622	644.63	644.04
1197.3535	646.46	644.54
1197.8591	644.24	643.89
1198.3595	645.93	644.94
1198.8652	645.91	645.43
1199.3687	646.94	645.67
1199.9489	647.89	645.24
1200.4467	647.04	645.88
1200.9482	648.18	645.70
1201.4092	649.98	646.53
1201.8386	648.51	645.48
1202.2722	649.48	645.71
1202.7425	647.11	645.94
1203.2469	647.60	645.50
1203.7361	646.93	646.06
1204.2122	646.45	645.44
1204.6641	648.76	646.67
1205.1119	646.62	645.12
1205.4451	647.81	646.01
1205.8748	647.53	645.86
1206.3207	647.38	646.26
1206.7757	648.33	645.84
1207.2074	649.82	646.67
1207.6564	647.06	646.51
1208.0986	646.77	646.60
1208.4313	647.01	646.19
1208.8867	644.89	645.39
1209.3280	646.23	645.02
1209.7699	646.93	645.48
1210.2050	647.55	645.67
1210.6645	646.88	646.18
1211.1107	646.71	645.34
1211.4441	647.10	645.53
1211.8766	648.07	645.95
1212.3301	648.76	646.79
1212.7732	646.78	645.71
1213.2180	646.50	644.84
1213.6521	646.99	645.54
1214.1061	646.23	645.20
1214.4406	648.19	646.69
1214.8847	648.01	645.56
1215.3339	645.11	645.08
1215.7920	646.18	645.51
1216.2336	647.43	646.27
1216.6591	647.24	645.43
1217.0993	648.14	645.97
1217.4338	647.36	644.64
1217.8876	644.89	644.31
1218.3274	646.30	644.99
1218.7705	647.43	644.64
1219.2130	645.98	644.33
1219.6597	646.28	645.20
1220.1119	647.63	645.14
1220.4443	645.31	644.87
1220.8760	643.09	644.08
1221.3328	645.41	645.30
1221.7789	646.51	644.78
1222.2159	644.04	644.06
1222.6564	645.88	644.64
1223.1205	646.93	645.50
1223.6264	649.49	645.83
1224.1221	645.77	645.94
1224.6229	646.81	646.43
1225.1020	648.29	645.95
1225.4364	645.32	644.22
1225.8938	644.77	645.32
1226.3477	645.43	644.21
1226.8570	643.98	644.95
1227.3715	647.16	645.95
1227.8506	645.65	645.21
1228.3222	647.92	644.71
1228.7778	649.27	645.65
1229.2111	647.78	645.91
1229.6519	645.02	645.03
1230.1374	647.76	645.07
1230.6094	647.44	646.43
1230.9445	649.36	645.87
1231.3951	647.66	645.80
1231.8390	647.29	645.14
1232.2816	646.47	644.76
1232.7135	644.76	644.39
1233.1512	646.36	644.95
1233.6031	647.82	645.62
1233.9389	647.65	644.72
1234.4159	645.45	645.39
1234.9058	644.13	644.39
1235.3377	645.90	645.66
1235.7766	644.81	644.52
1236.2246	646.97	645.00
1236.6607	645.97	644.14
1237.0953	647.01	645.53
1237.4291	647.76	645.29
1237.8847	646.07	644.75
1238.3290	644.28	645.15
1238.7764	648.42	645.89
1239.2165	645.19	643.94
1239.6645	648.15	645.75
1240.1129	646.34	645.06
1240.4456	646.93	645.09
1240.8845	644.30	644.62
1241.3311	644.99	644.33
1241.7725	646.55	643.85
1242.2196	648.29	644.61
1242.6685	646.11	644.74
1243.1154	646.90	645.41
1243.4489	646.46	644.68
1243.8842	646.75	645.49
1244.3361	646.45	644.76
1244.7725	644.76	643.57
1245.2155	644.64	643.74
1245.6630	647.53	644.78
1246.1015	646.63	645.49
1246.4488	645.94	645.64
1246.9231	646.21	644.46
1247.4034	647.12	644.78
1247.8308	645.31	644.74
1248.2761	646.32	644.88
1248.7157	647.30	644.58
1249.1559	646.56	644.34
1249.6017	646.14	644.52
1249.9309	647.17	645.00
1250.3882	647.10	644.62
1250.8333	645.16	644.14
1251.2644	647.53	645.63
1251.7241	645.78	644.38
1252.1629	645.92	644.69
1252.6132	646.37	644.58
1252.9464	645.37	643.60
1253.3806	645.93	644.93
1253.8430	645.67	644.96
1254.3570	645.03	644.73
1254.8536	645.65	644.56
1255.3302	647.11	644.34
1255.7894	648.15	644.99
1256.2953	646.47	645.51
1256.8030	648.85	645.65
1257.2990	647.64	645.30
1257.7766	646.78	644.62
1258.2855	647.66	645.74
1258.7924	647.22	645.78
1259.2990	645.89	645.28
1259.7992	645.69	645.25
1260.2760	647.78	646.15
1260.7241	647.06	644.86
1261.1662	646.63	645.28
1261.6296	647.15	645.35
1262.1072	647.85	644.52
1262.4429	644.26	644.85
1262.8945	646.80	645.43
1263.3351	647.05	645.32
1263.7677	646.64	644.35
1264.2185	645.03	645.16
1264.6712	646.17	644.19
1265.0997	649.37	645.22
1265.4333	647.14	643.28
1265.8920	645.53	644.65
1266.3561	646.18	644.68
1266.8565	646.12	643.68
1267.3293	644.36	644.70
1267.7822	645.04	644.21
1268.2141	645.69	643.81
1268.6798	645.84	644.08
1269.1547	645.11	643.55
1269.6147	646.45	645.52
1269.9469	644.34	642.97
1270.3828	646.12	644.90
1270.8380	646.31	643.82
1271.2786	643.48	644.02
1271.7164	648.87	644.87
1272.1730	646.19	644.51
1272.6192	644.57	644.57
1273.1317	647.38	645.30
1273.6400	647.41	645.42
1274.1105	646.41	645.16
1274.4453	648.63	645.13
1274.8875	644.77	644.42
1275.3366	644.25	645.09
1275.7778	644.92	644.35
1276.2912	647.94	645.60
1276.7693	644.86	644.16
1277.2126	644.60	644.56
1277.6715	646.52	644.70
1278.1061	644.54	644.44
1278.4407	648.16	645.32
1278.8931	645.02	644.94
1279.3361	645.99	644.75
1279.7726	647.21	644.54
1280.3039	646.56	643.69
1280.7984	645.26	644.34
1281.2715	646.25	645.32
1281.7204	646.88	644.57
1282.1894	646.95	645.36
1282.6978	646.06	644.93
1283.1605	648.17	645.40
1283.6201	647.40	644.62
1284.1075	645.83	645.25
1284.4417	646.54	645.49
1284.8976	645.08	644.90
1285.3315	645.95	643.97
1285.7693	645.46	644.45
1286.2123	645.57	644.72
1286.6777	644.92	644.97
1287.1577	645.92	645.89
1287.6188	646.19	645.64
1287.9520	647.25	645.30
1288.3968	644.07	644.90
1288.8987	647.67	645.31
1289.3520	646.70	643.83
1289.8334	646.77	646.02
1290.2780	646.35	645.06
1290.7180	646.68	644.38
1291.1567	647.16	645.75
1291.6086	646.42	645.81
1291.9416	648.15	645.70
1292.3927	645.79	644.97
1292.8424	646.25	645.39
1293.2783	646.43	644.86
1293.7182	644.97	644.14
1294.1731	645.81	644.50
1294.6045	647.63	645.65
1294.9422	645.85	644.58
1295.3822	645.77	644.43
1295.8222	646.79	644.38
1296.2729	645.44	644.36
1296.7244	647.93	645.73
1297.2384	647.81	646.79
1297.7210	648.02	645.88
1298.1608	644.82	645.71
1298.6058	644.29	644.44
1298.9396	646.65	644.96
1299.3832	648.01	645.81
1299.8398	646.20	644.90
1300.3556	645.79	645.55
1300.8359	644.24	643.94
1301.2696	646.91	645.26
1301.7814	647.09	645.75
1302.2964	645.78	644.46
1302.7357	648.71	644.79
1303.1679	645.69	644.34
1303.6181	645.95	644.86
1303.9515	645.47	645.07
1304.4002	643.64	644.11
1304.8615	645.39	644.25
1305.3728	645.90	644.02
1305.8881	643.23	644.72
1306.3707	646.76	645.66
1306.8608	644.25	644.69
1307.3645	645.90	645.24
1307.8511	647.54	645.31
1308.2843	645.84	644.91
1308.7384	645.41	645.08
1309.1861	646.03	645.08
1309.6766	645.03	645.28
1310.1888	647.52	646.08
1310.7025	645.37	645.15
1311.1732	645.08	644.91
1311.6187	646.16	644.77
1311.9525	644.97	644.30
1312.4032	644.62	644.31
1312.8490	649.42	646.52
1313.3712	646.10	645.85
1313.8706	644.11	644.90
1314.3808	646.62	646.40
1314.8828	647.24	646.06
1315.3738	646.63	645.71
1315.8895	644.36	645.29
1316.3743	647.13	644.77
1316.8777	646.02	645.06
1317.3808	646.98	646.69
1317.8837	646.28	644.79
1318.3795	646.59	644.74
1318.8675	645.63	645.32
1319.3670	644.51	644.40
1319.8479	645.30	645.05
1320.2921	645.38	644.13
1320.7298	646.35	645.21
1321.1788	646.72	645.54
1321.6865	645.59	645.09
1322.2104	645.19	645.42
1322.7095	643.97	644.49
1323.1759	645.04	644.41
1323.6327	647.72	646.02
1324.1779	648.02	645.27
1324.6998	645.16	645.95
1325.1750	646.86	645.64
1325.6329	646.66	644.76
1326.2028	645.33	645.01
1326.6925	646.94	645.24
1327.1746	648.00	644.74
1327.6225	644.56	644.08
1327.9584	645.23	644.29
1328.4056	646.44	644.72
1328.8498	646.94	644.55
1329.2946	644.82	643.88
1329.7369	646.59	644.29
1330.1883	647.93	645.23
1330.6783	644.02	643.46
1331.1778	645.37	644.08
1331.6940	647.97	645.68
1332.1856	646.19	644.74
1332.6744	645.68	645.17
1333.1215	645.29	645.16
1333.4560	646.85	644.16
1333.9111	646.50	644.35
1334.3981	646.83	644.42
1334.8565	644.70	644.91
1335.3789	645.73	644.34
1335.8859	644.68	644.02
1336.3459	644.52	643.97
1336.7901	646.43	644.10
1337.2395	647.82	645.01
1337.7291	646.48	644.93
1338.1880	643.64	644.35
1338.6723	645.42	643.82
1339.1248	647.27	645.18
1339.4599	647.09	644.59
1339.9116	646.09	644.45
1340.3992	644.28	644.47
1340.8440	644.58	643.07
1341.2868	644.84	644.30
1341.7374	643.56	643.67
1342.2276	643.63	644.01
1342.6777	644.81	643.99
1343.1990	644.14	644.48
1343.7041	647.89	645.30
1344.2433	646.32	645.34
1344.7680	646.41	644.81
1345.2545	648.56	645.28
1345.7615	644.58	643.47
1346.2379	645.43	644.29
1346.7280	645.14	644.55
1347.1743	645.14	643.22
1347.6269	644.53	644.64
1348.1214	646.10	645.51
1348.4555	644.55	643.43
1348.8968	644.70	643.25
1349.3531	644.15	643.57
1349.8433	646.53	644.46
1350.2911	645.31	644.16
1350.7379	645.14	643.36
1351.1857	644.35	643.15
1351.6824	645.94	643.70
1352.1737	644.47	643.07
1352.6322	645.37	642.85
1353.1238	644.05	643.75
1353.4573	645.50	644.12
1353.9068	645.35	643.43
1354.3448	644.53	642.92
1354.7925	644.51	643.28
1355.2490	645.29	643.02
1355.7344	644.65	643.13
1356.1844	645.08	643.86
1356.6790	644.00	642.85
1357.1283	646.30	643.73
1357.4578	642.31	643.08
1357.9080	647.55	644.14
1358.4338	644.54	643.58
1358.9449	644.90	643.79
1359.4506	644.58	643.49
1359.9276	645.00	644.11
1360.4011	644.57	643.90
1360.8589	644.00	642.61
1361.3525	643.70	643.85
1361.8450	644.58	643.71
1362.2885	642.68	643.52
1362.7571	645.84	643.69
1363.2320	645.60	643.40
1363.6926	643.41	643.38
1364.1856	644.39	644.14
1364.6867	645.73	644.29
1365.2422	644.34	644.45
1365.7616	644.63	644.17
1366.2578	644.66	644.06
1366.7659	644.85	644.59
1367.2598	644.24	644.07
1367.7503	645.36	644.38
1368.2358	643.70	642.87
1368.6783	646.75	643.83
1369.1330	644.44	643.85
1369.6280	644.34	643.67
1370.1229	645.80	644.04
1370.4560	647.03	644.14
1370.9077	645.23	643.43
1371.4007	643.36	643.32
1371.8500	643.20	643.28
1372.3416	643.86	642.61
1372.8017	645.16	643.87
1373.2953	643.70	642.61
1373.7852	644.09	643.47
1374.2394	643.60	642.08
1374.7383	643.56	643.68
1375.2319	644.40	642.74
1375.6740	643.41	643.82
1376.1983	645.51	643.91
1376.6782	644.47	643.19
1377.1847	646.67	644.93
1377.7018	645.64	643.61
1378.2121	646.27	644.23
1378.7086	645.17	644.39
1379.1997	644.37	643.99
1379.7096	646.35	643.79
1380.1739	644.94	643.60
1380.7034	646.14	643.80
1381.1798	644.73	643.78
1381.6828	644.95	643.41
1382.1783	643.58	643.33
1382.6247	643.67	643.58
1383.1235	646.02	642.83
1383.6194	644.55	643.98
1383.9528	644.63	641.89
1384.4018	641.62	641.72
1384.8595	643.11	641.42
1385.3867	642.86	642.37
1385.8878	641.77	642.69
1386.3756	643.50	642.96
1386.8869	645.10	643.64
1387.3828	644.49	642.07
1387.8495	641.84	642.12
1388.3443	644.70	642.70
1388.7959	642.83	642.70
1389.2916	642.65	642.05
1389.7905	644.03	642.09
1390.2365	642.54	641.98
1390.7344	644.81	642.94
1391.2477	645.19	643.16
1391.7358	645.47	642.85
1392.2410	647.11	644.35
1392.7645	641.19	642.78
1393.2298	644.28	642.66
1393.6926	642.87	642.54
1394.1859	642.49	642.39
1394.6803	645.52	643.13
1395.1746	645.86	643.81
1395.7060	647.45	643.42
1396.2089	645.71	643.08
1396.8007	644.01	642.73
1397.3178	645.11	643.71
1397.8175	643.97	643.81
1398.3185	644.82	643.29
1398.7967	644.28	642.93
1399.2937	645.88	644.03
1399.7993	643.81	642.82
1400.2891	643.85	642.54
1400.7450	646.05	643.77
1401.2359	644.74	642.68
1401.7354	644.82	643.56
1402.2316	646.74	643.35
1402.6927	644.74	643.23
1403.1841	644.74	643.68
1403.6733	644.20	642.82
1404.1267	645.39	643.08
1404.6271	645.86	643.32
1405.1238	645.66	643.47
1405.6823	646.40	644.66
1406.2089	645.85	644.25
1406.7135	644.14	643.38
1407.1891	647.63	644.22
1407.6903	643.24	642.97
1408.1904	645.23	643.40
1408.6879	644.36	643.31
1409.1853	646.11	643.31
1409.6921	644.28	642.81
1410.1804	644.71	643.10
1410.6827	645.15	642.53
1411.1886	643.44	642.96
1411.6865	647.00	643.31
1412.1812	646.53	644.14
1412.6824	646.00	642.89
1413.1898	644.76	643.61
1413.6904	643.68	642.61
1414.1793	645.06	642.39
1414.6883	646.83	643.11
1415.1890	645.19	642.79
1415.6868	646.42	643.18
1416.1895	644.40	642.98
1416.6817	645.24	643.58
1417.2133	644.26	644.01
1417.7094	644.44	643.75
1418.1905	646.12	643.52
1418.6922	645.25	643.56
1419.1865	644.73	643.61
1419.6808	646.26	643.56
1420.2142	645.03	643.95
1420.7117	645.35	643.00
1421.2106	646.60	643.35
1421.6788	644.61	644.07
1422.1758	643.59	643.53
1422.6435	643.76	643.16
1423.1298	643.86	643.23
1423.6379	643.22	643.50
1424.1278	646.57	643.34
1424.6255	645.92	643.67
1425.1475	644.84	643.40
1425.6500	645.56	643.10
1426.1566	645.06	643.22
1426.6654	645.03	643.03
1427.2109	646.95	643.51
1427.6856	642.33	642.52
1428.2103	645.36	643.04
1428.7090	645.91	642.73
1429.1908	643.10	642.03
1429.6925	644.14	642.61
1430.1875	643.83	642.05
1430.6929	644.98	643.01
1431.1907	644.03	642.79
1431.6903	643.46	642.66
1432.2137	643.11	641.86
1432.7217	643.90	641.50
1433.2159	645.32	642.40
1433.6864	644.96	642.54
1434.2215	643.57	642.85
1434.7134	645.26	642.14
1435.2190	642.61	642.94
1435.6885	644.19	642.10
1436.1997	643.49	642.23
1436.6854	641.69	641.61
1437.1783	644.35	641.96
1437.6884	643.31	641.45
1438.1881	643.53	641.43
1438.7230	641.76	641.97
1439.1960	642.72	641.46
1439.6880	644.45	641.78
1440.2158	644.11	642.67
1440.7032	642.96	641.67
1441.1879	643.54	641.88
1441.6903	645.36	642.66
1442.1794	644.46	641.75
1442.7158	643.35	642.33
1443.2048	643.06	642.58
1443.7150	643.73	641.98
1444.2185	643.84	642.56
1444.6953	645.41	642.57
1445.2083	645.78	642.64
1445.6939	644.12	641.67
1446.1910	643.48	642.39
1446.6873	642.36	641.07
1447.2218	643.85	641.95
1447.7143	644.67	642.03
1448.2052	643.61	641.98
1448.6988	645.86	642.19
1449.1824	642.72	642.13
1449.6884	643.45	642.56
1450.1882	643.56	641.20
1450.6877	643.18	643.18
1451.1892	643.98	642.74
1451.7124	643.97	642.90
1452.1979	642.42	641.29
1452.6933	644.73	642.77
1453.2115	643.74	642.64
1453.6922	642.96	641.67
1454.2147	642.17	641.91
1454.7154	644.44	642.26
1455.2173	644.78	641.88
1455.7183	644.02	642.35
1456.2098	644.94	641.82
1456.7178	643.40	641.84
1457.2185	644.53	642.89
1457.6940	643.64	641.99
1458.1865	643.54	642.15
1458.6977	643.65	642.49
1459.1879	644.40	641.80
1459.6870	643.83	642.38
1460.1791	644.02	642.34
1460.6912	643.13	642.09
1461.1978	644.34	641.71
1461.6877	643.91	641.36
1462.2094	643.33	643.03
1462.7218	644.52	642.39
1463.2718	643.97	642.92
1463.7786	642.23	641.96
1464.2742	641.73	641.97
1464.7759	641.64	641.56
1465.2720	643.94	642.29
1465.7509	642.39	641.51
1466.2469	643.62	642.10
1466.7515	644.39	642.38
1467.2738	643.58	643.59
1467.7903	642.14	641.71
1468.2964	644.59	643.37
1468.7973	644.76	642.63
1469.2957	643.86	642.48
1469.7682	643.09	641.68
1470.2612	642.74	641.93
1470.7523	643.37	641.64
1471.2584	643.92	642.66
1471.7825	643.93	642.00
1472.2575	645.23	641.92
1472.7684	646.33	643.24
1473.2913	645.22	644.02
1473.8320	642.84	641.37
1474.3122	645.48	642.47
1474.8197	641.58	641.57
1475.3107	643.72	642.63
1475.8167	643.51	641.85
1476.3323	642.98	641.19
1476.8080	641.54	641.13
1477.3157	643.83	641.22
1477.8209	643.30	640.94
1478.3114	643.99	641.51
1478.8118	641.33	640.65
1479.3122	642.41	641.47
1479.8148	643.47	640.66
1480.3157	641.02	640.75
1480.8119	642.05	639.50
1481.3077	641.82	640.51
1481.8087	641.65	640.34
1482.3424	642.41	641.28
1482.8432	642.88	641.25
1483.3479	643.06	641.26
1483.8513	642.54	641.21
1484.3966	643.73	640.83
1484.8887	643.66	641.59
1485.3873	645.48	642.45
1485.8804	643.58	641.64
1486.3692	642.14	641.57
1486.8891	642.24	641.40
1487.4021	643.30	641.14
1487.8988	643.62	642.46
1488.3948	641.42	641.46
1488.9080	643.32	641.13
1489.4494	644.47	642.28
1489.9555	642.57	641.62
1490.4619	644.82	641.90
1490.9558	642.81	642.15
1491.4218	645.06	641.66
1491.9315	644.27	641.47
1492.4173	642.82	640.87
1492.9270	644.41	641.48
1493.4260	642.91	641.94
1493.9247	644.14	640.22
1494.4233	644.96	642.01
1494.9262	643.16	641.20
1495.4240	643.54	641.11
1495.9227	643.95	642.25
1496.6744	645.12	641.70
1497.2264	644.17	642.32
1497.7022	644.55	641.41
1498.2043	643.61	642.16
1498.7005	642.53	640.95
1499.2060	643.18	641.55
1499.6993	645.07	641.52
1500.1993	646.50	643.28
1500.7121	645.82	641.99
1501.2001	641.68	641.47
1501.6971	641.26	641.31
1502.1947	642.09	641.49
1502.6927	642.86	641.31
1503.1687	642.66	641.90
1503.6145	641.26	641.56
1503.9488	643.57	641.66
1504.3980	643.50	641.19
1504.8494	642.40	641.38
1505.2804	640.72	640.92
1505.7363	640.92	641.48
1506.1802	643.27	642.32
1506.6257	642.84	641.60
1507.1108	643.92	642.44
1507.4449	642.61	641.18
1507.9040	639.87	640.67
1508.3409	640.24	641.21
1508.7868	640.48	641.10
1509.2616	642.49	641.58
1509.7674	642.39	641.80
1510.2497	640.42	640.81
1510.7526	643.16	641.10
1511.2219	640.49	640.95
1511.6683	642.06	641.19
1512.1192	641.88	640.58
1512.4524	641.83	640.79
1512.8974	640.08	640.36
1513.3312	641.23	640.97
1513.7941	642.96	641.27
1514.2274	640.22	640.74
1514.6787	640.11	640.03
1515.1271	641.78	641.61
1515.4589	642.22	640.56
1515.8966	640.61	640.88
1516.3701	642.00	641.94
1516.8716	639.23	641.42
1517.4411	641.95	641.28
1517.9581	643.01	640.78
1518.4240	641.49	640.77
1518.9299	641.51	641.62
1519.4310	644.06	641.27
1519.9221	644.40	640.80
1520.4004	638.20	639.35
1520.8503	641.32	641.54
1521.3433	643.06	641.26
1521.7787	642.02	640.44
1522.2284	642.21	640.88
1522.6793	641.82	640.78
1523.1112	641.53	641.49
1523.4456	640.19	640.42
1523.9030	642.45	640.41
1524.3696	639.45	639.50
1524.8616	640.38	639.39
1525.3432	640.27	639.88
1525.8074	639.56	639.85
1526.2801	638.85	640.66
1526.7569	639.59	640.48
1527.2494	641.08	640.76
1527.7293	640.23	639.64
1528.1763	640.97	640.01
1528.6199	640.86	640.26
1528.9535	639.86	640.20
1529.3991	640.19	639.92
1529.8425	642.19	639.73
1530.2862	642.20	639.61
1530.7297	639.83	640.31
1531.1705	641.68	640.18
1531.6244	642.96	640.77
1532.1129	640.78	640.15
1532.4483	641.86	640.27
1532.9058	640.93	639.82
1533.3328	640.15	640.03
1533.7919	640.76	640.38
1534.2990	640.03	640.64
1534.8152	639.41	640.17
1535.3099	641.05	640.68
1535.8105	640.16	640.43
1536.2898	641.17	640.49
1536.7333	641.72	640.22
1537.1692	641.51	640.14
1537.6127	639.56	640.01
1537.9560	641.52	639.92
1538.4355	640.93	640.69
1538.9200	642.93	640.97
1539.3959	642.37	640.77
1539.8373	641.08	640.01
1540.2829	641.44	640.34
1540.7297	640.16	640.12
1541.1800	640.20	640.27
1541.6200	641.41	640.70
1541.9520	637.72	639.41
1542.3918	641.13	640.49
1542.8449	640.56	640.13
1543.2823	641.47	640.11
1543.7366	640.65	640.71
1544.2228	640.67	640.16
1544.6724	639.74	639.17
1545.1213	641.68	640.24
1545.4539	642.69	640.45
1545.8980	637.91	639.47
1546.3416	639.52	639.85
1546.7898	640.86	640.17
1547.2303	639.03	638.91
1547.6754	639.34	639.18
1548.1273	638.26	639.34
1548.6226	639.60	639.31
1548.9557	642.00	639.64
1549.4052	639.05	639.53
1549.8471	640.68	638.51
1550.2936	641.31	639.70
1550.7764	639.85	638.47
1551.2271	641.63	639.60
1551.6814	639.64	639.15
1552.1688	640.38	639.48
1552.6264	640.49	639.72
1553.1109	639.69	639.40
1553.4434	640.71	638.95
1553.8980	639.58	640.42
1554.3369	640.89	639.35
1554.7956	639.05	639.87
1555.2881	640.60	640.47
1555.8018	642.43	640.26
1556.2872	640.36	640.14
1556.7285	639.73	640.62
1557.1734	640.86	640.49
1557.6239	640.66	640.03
1558.1140	639.88	640.34
1558.4489	641.64	640.37
1558.9054	641.46	640.30
1559.3877	641.33	640.76
1559.8458	642.75	640.21
1560.2869	639.49	640.17
1560.7397	642.54	640.74
1561.2261	639.34	639.94
1561.7393	642.66	640.56
1562.2472	640.75	640.61
1562.7597	642.44	640.92
1563.2535	640.81	639.57
1563.7551	642.31	639.62
1564.2366	641.60	640.36
1564.7251	638.75	639.08
1565.1706	639.67	639.35
1565.6246	641.63	639.73
1566.1148	640.68	639.12
1566.4480	641.29	639.98
1567.1443	641.09	639.36
1567.6576	641.82	639.81
1568.2032	640.68	640.63
1568.6773	642.60	639.48
1569.1709	639.84	639.33
1569.6301	639.93	639.18
1570.1289	640.92	639.60
1570.6444	641.34	641.01
1571.1422	641.51	639.31
1571.6481	640.44	640.51
1572.1507	640.74	640.43
1572.6400	641.72	640.61
1573.1172	640.60	640.44
1573.4523	641.74	640.73
1574.1377	642.68	640.44
1574.6272	644.23	641.02
1575.1119	640.54	639.74
1575.4469	639.26	638.83
1575.8970	641.20	639.19
1576.3349	639.43	640.23
1576.8002	640.47	638.85
1577.3017	640.07	639.43
1577.8354	641.71	640.34
1578.2898	641.32	640.30
1578.7309	641.29	639.87
1579.1758	640.62	640.09
1579.6283	642.77	639.50
1580.1227	639.42	639.51
1580.4563	642.11	639.45
1580.9093	642.45	638.26
1581.3961	637.90	638.34
1581.8458	638.86	638.03
1582.2879	639.07	639.08
1582.7328	640.00	639.26
1583.1717	641.35	639.38
1583.6217	638.95	638.35
1584.1127	639.24	639.17
1584.4471	642.29	639.63
1584.9046	640.45	638.06
1585.3930	639.90	638.88
1585.8452	642.59	639.76
1586.3542	638.79	640.57
1586.8656	642.07	639.16
1587.3372	639.66	639.24
1587.7920	639.87	639.39
1588.2811	641.87	639.65
1588.7336	640.20	639.65
1589.2263	640.74	640.36
1589.6892	639.28	639.61
1590.1702	639.38	640.06
1590.6229	640.82	639.93
1591.1121	642.71	641.04
1591.4454	642.01	640.51
1591.9050	641.42	640.65
1592.4263	641.03	640.40
1592.9285	643.12	640.03
1593.4076	641.38	640.47
1593.9050	640.16	640.18
1594.3946	641.58	639.78
1594.8445	641.87	641.07
1595.2929	640.17	639.54
1595.8137	640.78	640.81
1596.2932	642.22	640.59
1596.7903	640.43	638.81
1597.2779	640.44	640.18
1597.7343	641.48	639.87
1598.2231	642.91	639.77
1598.6736	641.18	639.22
1599.1714	640.17	639.43
1599.6319	638.49	639.39
1600.1269	640.54	639.16
1600.6248	640.46	638.95
1601.1225	640.23	639.08
1601.6150	641.71	639.02
1602.1389	641.16	639.94
1602.6413	641.53	640.40
1603.1161	641.22	639.94
1603.4499	639.33	638.94
1603.8982	639.33	638.66
1604.3548	641.58	639.92
1604.8463	640.30	640.05
1605.3378	639.89	639.11
1605.7952	641.04	639.61
1606.2801	640.95	639.58
1606.7327	642.11	639.86
1607.2241	640.02	639.79
1607.6785	640.25	638.95
1608.1668	640.01	639.13
1608.6302	641.68	639.93
1609.1259	643.17	640.76
1609.6212	643.09	640.32
1610.1166	642.80	640.61
1610.4514	641.99	639.91
1610.9127	640.03	638.58
1611.4018	639.96	639.97
1611.8506	641.13	640.25
1612.3396	641.95	640.32
1612.8010	641.19	639.71
1613.2896	641.52	640.27
1613.7843	642.06	639.15
1614.2389	639.09	640.16
1614.7324	640.22	639.36
1615.2235	640.60	639.64
1615.6702	641.86	640.43
1616.1242	641.11	640.95
1616.6488	642.33	640.65
1617.2132	641.35	640.00
1617.7062	640.77	640.67
1618.1762	640.93	640.58
1618.6172	641.27	640.13
1618.9518	642.03	640.02
1619.6505	641.82	640.75
1620.1276	641.44	640.49
1620.6286	641.97	640.84
1621.1238	641.68	640.84
1621.6273	641.38	640.76
1622.1254	642.76	641.30
1622.6174	639.96	640.21
1623.1997	641.12	640.59
1623.7042	642.17	640.76
1624.2088	644.16	642.06
1624.6997	643.55	641.75
1625.1798	643.37	641.25
1625.6721	643.15	640.00
1626.1284	642.32	640.54
1626.6193	640.86	640.59
1627.1144	640.90	640.39
1627.4484	641.85	640.77
1628.1452	644.77	641.28
1628.6349	643.39	641.88
1629.1170	644.23	641.65
1629.6484	642.42	640.86
1630.1528	641.67	641.25
1630.6503	644.56	642.21
1631.1497	640.89	640.42
1631.7091	643.60	642.03
1632.2032	643.22	641.09
1632.7028	638.85	640.35
1633.2050	640.86	640.72
1633.6772	641.60	640.80
1634.1676	641.93	640.70
1634.6248	641.63	640.73
1635.1501	641.03	640.89
1635.6496	640.92	640.32
1636.1478	642.43	640.82
1636.6556	643.37	641.21
1637.1372	643.27	641.35
1637.6719	644.52	641.98
1638.1557	641.40	640.16
1638.6657	641.67	640.50
1639.1405	642.74	641.18
1639.6396	641.85	640.92
1640.1334	642.81	640.53
1640.6313	643.14	641.81
1641.1250	642.02	640.57
1641.4588	640.80	641.51
1641.9166	641.71	640.78
1642.4038	639.32	639.50
1642.8608	640.20	639.93
1643.3578	641.08	640.70
1643.8569	641.09	640.67
1644.3769	641.69	640.55
1644.8654	640.61	640.45
1645.3621	639.56	639.99
1645.8591	642.01	641.32
1646.3632	640.75	641.47
1646.8613	643.17	642.10
1647.3557	643.01	640.74
1647.9155	642.37	640.70
1648.4433	643.17	641.29
1648.9340	641.53	640.98
1649.4036	642.16	640.52
1649.8646	641.71	640.86
1650.3513	642.82	640.89
1650.7992	641.60	640.68
1651.3047	643.06	640.19
1651.8032	643.41	640.61
1652.2997	641.66	639.88
1652.8013	643.06	640.97
1653.2998	641.17	640.59
1653.7981	640.84	640.74
1654.3051	641.46	641.04
1654.8065	641.98	640.62
1655.2948	640.26	640.48
1655.7572	643.18	640.89
1656.2498	641.54	640.43
1656.7392	642.10	640.16
1657.2395	641.62	640.26
1657.6983	642.47	640.21
1658.1856	641.73	640.74
1658.6858	641.02	641.60
1659.2183	640.89	639.94
1659.7218	641.88	640.40
1660.2164	643.88	642.24
1660.7552	641.42	640.54
1661.2721	643.19	641.03
1661.7792	641.50	641.04
1662.2731	642.30	639.75
1662.7886	641.76	641.15
1663.3245	641.20	640.27
1663.8197	642.38	640.54
1664.3275	641.61	640.70
1664.8296	642.73	640.87
1665.3355	641.00	641.49
1665.8374	641.43	640.94
1666.2996	641.79	640.50
1666.8281	642.36	640.59
1667.3326	643.09	639.88
1667.8361	642.35	642.40
1668.3293	642.03	640.39
1668.8110	639.02	639.73
1669.3022	640.59	640.05
1669.8321	642.61	640.84
1670.3355	643.33	640.60
1670.8303	641.32	641.03
1671.3039	641.96	640.52
1671.8091	640.40	640.02
1672.3002	639.56	640.10
1672.8027	642.87	640.22
1673.2966	640.59	640.28
1673.8020	641.90	640.66
1674.3014	641.76	639.80
1674.8073	640.98	640.97
1675.3002	641.61	640.60
1675.7947	640.37	639.51
1676.2974	639.90	640.23
1676.7986	640.26	640.02
1677.3016	639.48	639.78
1677.8061	640.47	639.33
1678.2942	642.43	640.55
1678.7995	640.91	639.31
1679.3025	641.95	639.45
1679.8063	639.38	640.27
1680.3227	640.88	639.53
1680.8026	639.11	639.14
1681.3052	641.68	639.24
1681.8129	641.94	640.24
1682.3349	640.94	639.86
1682.8312	641.69	640.32
1683.2959	641.11	640.14
1683.8670	642.21	641.20
1684.3915	639.53	639.89
1684.9010	642.16	640.86
1685.3927	641.42	640.72
1685.8987	639.76	639.53
1686.3925	640.96	640.15
1686.8908	642.52	639.99
1687.3887	638.85	638.47
1687.8630	639.32	639.84
1688.3604	639.38	639.69
1688.8582	639.53	638.90
1689.3929	641.25	639.18
1689.8910	639.22	639.59
1690.3972	639.51	639.49
1690.8981	640.18	640.05
1691.3946	638.68	639.13
1691.8917	640.05	639.48
1692.3604	640.17	639.69
1692.8637	640.54	639.79
1693.3989	639.12	639.52
1693.8905	641.83	640.26
1694.3558	641.27	640.22
1694.8573	641.94	640.32
1695.3600	641.69	639.97
1695.8644	640.86	640.22
1696.3571	641.48	639.66
1696.8583	642.16	640.22
1697.3586	639.86	639.70
1697.8735	639.17	639.29
1698.4245	641.15	639.33
1698.9215	639.64	639.05
1699.4409	642.20	639.76
1700.1629	641.17	639.23
1700.6715	640.56	639.14
1701.2082	639.83	638.40
1701.7240	639.80	637.94
1702.2197	639.26	638.38
1702.7179	638.20	637.81
1703.2079	640.95	639.16
1703.7180	640.55	638.95
1704.2198	640.84	638.94
1704.7177	641.70	639.08
1705.1892	641.10	638.37
1705.6954	643.99	640.23
1706.1841	641.68	639.66
1706.6935	640.75	639.46
1707.2036	640.65	640.07
1707.6970	639.44	638.64
1708.1940	640.92	638.61
1708.7252	639.10	639.13
1709.1998	639.86	638.57
1709.6966	641.02	639.45
1710.1877	640.08	638.80
1710.6884	640.58	638.66
1711.2200	640.69	639.92
1711.7156	639.71	639.44
1712.1962	639.49	639.45
1712.7017	639.82	638.97
1713.2615	642.73	641.49
1713.7721	643.29	640.53
1714.2732	640.33	639.42
1714.7821	641.57	639.88
1715.2715	641.31	639.90
1715.7872	640.75	639.97
1716.2569	640.19	639.13
1716.7470	640.73	640.43
1717.2475	641.22	640.61
1717.7556	640.63	639.93
1718.3071	641.93	640.15
1718.8257	641.68	639.87
1719.3114	641.46	639.87
1719.8110	642.78	640.68
1720.3652	641.05	640.29
1720.9052	642.66	639.88
1721.4135	639.96	640.96
1721.9112	641.59	640.16
1722.6952	641.86	640.76
1723.2107	643.00	641.15
1723.6948	642.40	640.54
1724.1981	641.39	640.25
1724.6919	642.82	639.79
1725.2355	641.51	640.31
1725.7454	641.56	639.31
1726.2523	643.46	640.29
1726.7551	642.94	640.87
1727.2553	642.27	640.87
1727.7556	641.00	640.07
1728.2567	641.35	639.71
1728.7549	640.49	640.38
1729.2507	642.68	641.20
1729.7527	639.85	639.80
1730.3157	641.88	640.82
1730.8222	640.84	640.32
1731.3445	640.17	639.45
1731.8290	640.37	640.43
1732.3292	642.13	640.71
1732.8090	642.71	639.63
1733.3091	640.51	639.75
1733.8055	639.38	640.09
1734.3025	640.99	639.88
1734.8754	642.33	640.27
1735.3944	641.30	639.96
1735.8938	640.52	640.18
1736.3801	642.98	640.52
1736.8955	639.85	640.01
1737.3986	639.00	639.77
1737.9001	640.73	640.00
1738.3794	640.30	639.19
1738.8640	641.14	639.25
1739.3623	639.51	639.39
1739.8589	641.87	639.28
1740.3650	641.58	640.04
1740.8587	640.19	639.76
1741.3662	642.44	639.93
1741.8713	640.56	640.31
1742.3619	642.97	640.58
1742.8607	641.43	640.06
1743.3648	641.93	640.74
1743.8658	638.38	638.97
1744.3935	641.96	639.82
1744.8871	640.49	640.87
1745.4225	642.35	640.13
1745.9223	642.14	640.39
1746.4202	642.78	639.39
1746.9263	639.59	639.23
1747.4207	642.15	638.75
1747.9123	640.24	639.07
1748.4147	643.33	639.73
1748.9231	641.28	639.73
1749.4188	642.81	640.23
1749.9238	638.63	639.57
1750.4270	640.22	639.29
1750.9446	644.55	640.52
1751.4202	640.75	639.35
1751.9175	644.39	640.29
1752.4215	642.09	640.18
1752.9178	642.54	639.54
1753.4168	640.79	639.97
1753.9150	641.23	639.08
1754.4185	642.46	640.52
1754.9242	642.61	640.27
1755.4148	641.40	639.77
1755.9236	642.25	639.61
1756.4173	640.63	639.86
1756.9183	640.48	639.15
1757.4145	641.17	640.00
1757.9231	641.90	639.99
1758.4029	642.35	639.93
1758.9197	641.20	639.21
1759.4278	642.97	639.71
1759.9263	641.66	639.28
1760.4160	641.06	639.32
1760.9173	641.09	639.07
1761.4183	642.05	640.13
1761.9167	640.77	639.79
1762.4254	642.70	638.88
1762.9478	639.20	639.37
1763.4273	642.05	640.48
1763.9354	640.49	639.18
1764.6399	641.93	639.59
1765.1357	639.92	639.48
1765.6454	641.71	639.67
1766.1381	641.45	640.32
1766.6388	641.65	639.81
1767.1449	642.74	640.42
1767.6664	639.65	638.48
1768.1488	641.07	640.48
1768.6510	642.35	640.42
1769.1367	642.74	640.24
1769.6492	641.23	640.46
1770.1497	641.38	640.57
1770.6443	640.98	640.41
1771.1381	641.55	639.52
1771.6466	641.91	639.95
1772.1396	642.22	639.98
1772.6468	642.32	640.34
1773.1458	638.44	639.01
1773.6516	642.64	639.86
1774.1482	642.39	640.31
1774.6402	643.25	640.39
1775.1622	642.52	640.46
1775.6722	641.57	639.00
1776.2174	642.86	639.90
1776.7076	643.81	640.35
1777.2042	640.12	639.28
1777.7062	642.05	640.37
1778.2190	641.60	639.80
1778.7140	642.36	639.64
1779.2082	640.28	639.74
1779.7045	640.24	638.60
1780.2191	642.82	639.82
1780.7116	639.33	639.57
1781.1984	638.16	638.77
1781.7126	639.42	639.03
1782.2096	640.14	639.49
1782.7141	641.58	639.40
1783.2373	640.48	639.82
1783.7418	640.55	639.78
1784.2454	641.65	640.59
1784.7727	639.13	640.23
1785.3747	641.58	641.40
1785.9045	640.53	639.54
1786.3884	640.34	640.39
1786.8797	641.05	640.05
1787.3819	641.78	640.18
1787.8710	641.50	641.76
1788.3729	640.02	639.64
1788.8790	640.99	639.96
1789.3822	642.89	640.62
1789.8710	639.66	639.86
1790.3747	641.69	640.84
1790.8765	640.10	639.68
1791.3978	641.44	640.29
1791.8749	638.96	639.62
1792.3761	641.61	640.03
1792.8997	639.43	639.21
1793.3829	640.40	640.13
1793.8725	641.48	639.85
1794.3752	641.15	639.79
1794.8856	639.09	639.58
1795.3981	641.45	641.05
1795.8994	639.20	639.40
1796.3834	642.06	640.34
1796.8789	641.54	639.67
1797.3720	639.46	639.47
1797.8733	641.80	640.37
1798.3710	638.37	639.55
1798.8735	640.65	640.35
1799.3815	642.78	640.62
1799.8762	642.06	640.90
1800.3773	642.09	641.25
1800.8740	640.83	640.37
1801.3752	641.41	640.32
1801.8722	638.98	639.22
1802.3649	640.88	640.53
1802.8519	642.62	640.15
1803.2826	641.85	640.14
1803.8029	642.73	640.93
1804.3165	642.47	641.30
1804.8189	642.87	640.82
1805.2921	640.85	640.61
1805.7400	641.91	640.87
1806.2315	641.61	640.71
1806.6790	641.40	639.74
1807.1305	642.44	640.83
1807.6230	640.37	640.37
1807.9563	642.06	640.34
1808.4107	641.80	640.16
1808.8979	640.17	639.56
1809.3530	642.93	640.62
1809.7855	640.94	638.78
1810.2342	639.65	638.45
1810.6760	637.81	638.02
1811.1297	641.12	639.15
1811.6260	641.34	640.29
1811.9577	639.03	638.68
1812.4058	640.13	638.88
1812.8708	641.37	639.34
1813.3405	639.79	639.75
1813.7950	640.86	639.13
1814.2314	640.12	639.61
1814.6781	639.89	639.31
1815.1783	640.31	638.35
1815.7048	641.21	640.54
1816.2068	640.42	639.63
1816.7006	640.99	639.92
1817.1835	641.41	640.04
1817.6245	640.71	638.78
1817.9586	640.46	639.42
1818.4012	638.80	639.11
1818.9330	639.61	639.33
1819.4218	641.39	639.74
1819.9048	638.75	639.72
1820.3446	640.74	639.77
1820.8567	641.23	639.66
1821.3764	640.91	640.32
1821.8848	640.62	639.68
1822.3712	640.33	639.90
1822.8691	640.55	639.64
1823.3426	640.64	639.83
1823.7882	639.61	638.82
1824.2401	641.41	640.01
1824.7300	641.94	639.73
1825.1929	643.85	639.91
1825.6927	640.15	640.00
1826.1912	639.68	639.98
1826.6331	641.12	639.72
1826.9524	640.12	639.63
1827.6391	640.34	640.27
1828.1875	644.03	641.36
1828.7074	639.82	640.39
1829.2185	641.89	640.64
1829.7161	643.55	641.13
1830.1859	643.47	640.95
1830.6439	641.36	640.79
1831.1364	642.92	640.92
1831.4695	642.28	640.91
1831.9102	641.30	639.93
1832.3610	641.60	640.47
1832.8044	640.93	640.01
1833.3039	641.91	640.36
1833.7489	643.00	640.28
1834.2459	642.65	640.31
1834.6856	640.15	639.85
1835.1364	640.84	640.10
1835.6368	640.88	640.65
1835.9703	641.56	639.55
1836.4179	640.24	639.45
1836.8665	640.39	639.84
1837.4159	640.79	639.80
1837.8896	641.49	640.24
1838.3929	641.12	639.92
1838.8796	639.96	639.68
1839.3542	641.58	639.65
1839.8066	642.29	640.38
1840.3040	640.83	638.76
1840.7441	641.35	639.24
1841.1949	641.76	640.11
1841.6880	642.86	640.44
1842.1344	643.16	640.36
1842.4662	641.22	639.47
1842.9161	640.91	639.29
1843.4379	642.18	639.77
1843.9291	640.78	638.93
1844.4039	639.09	639.84
1844.8629	639.13	639.67
1845.3540	639.38	639.32
1845.8030	638.16	638.19
1846.2430	639.24	639.04
1846.7042	640.78	639.25
1847.1871	639.13	639.06
1847.6432	641.83	640.18
1848.1595	640.24	640.21
1848.6650	642.24	640.57
1849.1424	640.07	639.63
1849.6341	640.48	639.75
1849.9677	639.63	639.61
1850.4183	640.88	639.50
1850.8545	638.94	640.57
1851.2998	641.66	640.81
1851.7475	641.30	638.80
1852.2396	643.77	640.52
1852.6959	641.24	639.75
1853.1832	642.10	640.46
1853.7120	637.93	639.17
1854.1847	640.77	640.31
1854.6404	639.97	639.66
1855.1375	642.22	640.30
1855.6386	641.85	639.92
1856.1319	642.07	639.87
1856.4651	640.98	639.37
1856.9120	640.66	638.50
1857.3529	639.39	639.65
1857.8059	639.44	639.31
1858.3209	643.34	640.88
1858.8296	642.07	640.52
1859.3474	638.89	639.39
1859.8047	639.23	639.30
1860.2989	641.43	640.46
1860.8198	641.91	640.42
1861.2990	641.15	640.71
1861.7512	641.68	641.34
1862.2484	641.07	640.72
1862.7411	640.56	639.70
1863.1960	640.73	640.90
1863.6894	639.58	640.52
1864.1353	641.70	639.93
1864.6391	640.69	639.87
1865.1337	640.42	639.87
1865.4670	641.09	639.26
1865.9143	639.87	639.59
1866.3618	639.67	639.90
1866.8555	640.09	639.30
1867.3120	640.96	639.65
1867.8306	641.02	639.15
1868.3033	638.09	639.03
1868.7954	636.67	638.12
1869.2567	638.95	639.27
1869.7443	639.24	638.80
1870.1984	640.18	639.55
1870.6911	642.14	639.75
1871.1859	640.40	639.02
1871.6445	641.24	640.15
1872.1410	639.45	638.24
1872.6658	641.31	641.03
1873.1435	641.29	640.08
1873.6416	638.61	638.56
1874.1955	641.53	639.03
1874.7180	638.24	639.67
1875.2260	639.85	639.28
1875.6948	640.98	639.22
1876.1915	642.77	639.74
1876.6484	639.30	638.24
1877.1432	638.86	639.47
1877.7214	639.35	639.60
1878.2448	639.65	640.61
1878.7572	640.24	639.45
1879.2062	638.68	638.71
1879.7040	638.86	639.28
1880.2039	639.56	639.70
1880.6939	641.74	639.84
1881.1451	640.42	639.17
1881.6407	641.67	639.58
1882.2344	640.66	640.11
1882.7335	641.39	640.23
1883.2078	637.59	638.26
1883.7127	641.98	639.79
1884.2102	641.14	640.28
1884.8025	641.44	639.89
1885.3654	641.13	641.12
1885.8258	638.59	639.66
1886.3475	643.32	640.92
1886.6785	639.72	638.37
1887.0054	638.98	638.16
1887.3363	636.91	637.24
1887.6657	638.99	638.30
1888.0077	640.44	639.96
1888.7295	641.10	639.82
1889.2190	638.35	639.35
1889.7179	638.46	639.30
1890.2128	641.38	640.29
1890.7097	643.05	640.51
1891.1969	642.74	640.32
1891.6377	641.77	639.76
1891.9682	640.20	640.50
1892.4126	641.12	640.02
1892.8768	640.00	639.86
1893.3675	639.86	639.98
1893.8820	640.40	639.88
1894.3620	640.79	640.10
1894.8137	641.39	640.16
1895.3070	640.52	640.18
1895.7493	641.27	640.69
1896.1986	639.32	639.33
1896.6440	641.33	641.08
1897.1328	642.25	640.80
1897.4665	640.93	640.40
1897.9108	641.33	639.64
1898.3585	640.94	639.79
1898.8114	640.04	639.29
1899.3009	640.57	640.34
1899.7481	640.96	639.54
1900.1945	639.77	641.38
1900.6514	639.78	641.27
1901.1358	641.68	640.76
1901.4692	642.96	641.71
1901.9197	639.26	639.62
1902.3645	639.71	639.82
1902.8030	640.68	639.58
1903.3294	639.94	639.91
1903.8370	640.57	639.48
1904.3371	642.17	640.67
1904.8351	641.57	640.75
1905.3275	641.42	639.37
1905.8125	641.31	639.43
1906.2978	638.82	639.07
1906.7590	639.40	639.95
1907.2551	639.97	639.61
1907.7427	638.86	639.33
1908.1984	640.15	639.96
1908.6839	641.64	639.83
1909.1326	639.71	639.75
1909.4643	641.87	640.24
1909.9276	641.02	639.61
1910.4065	640.49	640.26
1910.8728	640.09	639.54
1911.3617	639.48	638.27
1911.8017	639.14	639.09
1912.2794	640.72	640.34
1912.7740	640.64	639.69
1913.2706	640.31	639.91
1913.7878	640.47	639.32
1914.2658	640.51	639.40
1914.7739	639.67	639.76
1915.2891	640.45	640.06
1915.7803	640.45	640.32
1916.2473	640.65	638.91
1916.6875	639.05	639.04
1917.1391	640.69	640.04
1917.4687	640.10	638.74
1917.9192	640.32	639.81
1918.3819	639.37	639.02
1918.8586	640.94	640.00
1919.3121	640.47	640.27
1919.8043	638.40	639.07
1920.2591	641.42	641.02
1920.7755	638.68	639.83
1921.2512	640.69	640.92
1921.7688	640.10	640.67
1922.2542	642.70	640.37
1922.7442	638.97	640.44
1923.2029	639.60	640.20
1923.6988	640.61	638.80
1924.2152	641.23	639.22
1924.7109	641.06	640.50
1925.1987	640.42	640.22
1925.6885	641.48	640.46
1926.2482	640.53	640.57
1926.6986	642.19	641.28
1927.1875	638.49	639.56
1927.6401	641.07	641.16
1927.9678	641.52	639.60
