sep= 
Time [s]	R2_m9 [ng/cm^2]	C1_m [ng/cm^2]
0.0000	Failed	Failed
1.2720	Failed	Failed
2.5413	Failed	Failed
3.8170	Failed	Failed
5.0878	Failed	Failed
6.3534	Failed	Failed
7.6195	Failed	Failed
8.8897	Failed	Failed
10.1661	Failed	Failed
11.4397	Failed	Failed
12.7171	Failed	Failed
13.9987	Failed	Failed
15.2724	Failed	Failed
16.5491	Failed	Failed
17.8232	Failed	Failed
19.1055	Failed	Failed
20.3812	Failed	Failed
21.6558	Failed	Failed
22.9329	Failed	Failed
24.2104	Failed	Failed
25.4764	Failed	Failed
26.7470	Failed	Failed
28.0343	Failed	Failed
29.3110	Failed	Failed
30.5969	Failed	Failed
31.8744	Failed	Failed
33.1397	Failed	Failed
34.4226	Failed	Failed
35.6983	Failed	Failed
36.9724	Failed	Failed
38.2488	Failed	Failed
39.5188	Failed	Failed
40.7803	Failed	Failed
42.0543	Failed	Failed
43.3265	Failed	Failed
44.6065	Failed	Failed
45.8815	Failed	Failed
47.1522	Failed	Failed
48.4327	Failed	Failed
49.7177	Failed	Failed
50.9997	Failed	Failed
52.2707	Failed	Failed
53.5424	Failed	Failed
54.8250	Failed	Failed
56.0946	Failed	Failed
57.3595	Failed	Failed
58.6344	Failed	Failed
59.9018	Failed	Failed
61.1769	Failed	Failed
62.4489	Failed	Failed
63.7142	Failed	Failed
64.9978	Failed	Failed
66.2699	Failed	Failed
67.5377	Failed	Failed
68.8211	Failed	Failed
70.0936	Failed	Failed
71.3723	Failed	Failed
72.6482	Failed	Failed
73.9152	Failed	Failed
75.1880	Failed	Failed
76.4586	Failed	Failed
77.7258	Failed	Failed
79.0031	Failed	Failed
80.2697	Failed	Failed
81.5408	Failed	Failed
82.8186	Failed	Failed
84.0846	Failed	Failed
85.3594	Failed	Failed
86.6357	Failed	Failed
87.9079	Failed	Failed
89.1839	Failed	Failed
90.4494	Failed	Failed
91.7253	Failed	Failed
92.9960	Failed	Failed
94.2666	Failed	Failed
95.5416	Failed	Failed
96.8175	Failed	Failed
98.0927	Failed	Failed
99.3674	Failed	Failed
100.6187	Failed	Failed
101.8917	Failed	Failed
103.1642	Failed	Failed
104.4265	Failed	Failed
105.7013	Failed	Failed
106.9745	Failed	Failed
108.2392	Failed	Failed
109.5092	Failed	Failed
110.7633	Failed	Failed
112.0327	Failed	Failed
113.2980	Failed	Failed
114.5684	Failed	Failed
115.8386	Failed	Failed
117.1177	Failed	Failed
118.3842	Failed	Failed
119.6465	Failed	Failed
120.9053	Failed	Failed
122.1844	Failed	Failed
123.4504	Failed	Failed
124.7121	Failed	Failed
125.9941	Failed	Failed
127.2582	Failed	Failed
128.5373	Failed	Failed
129.8066	Failed	Failed
131.0714	Failed	Failed
132.3351	Failed	Failed
133.5931	Failed	Failed
134.8334	Failed	Failed
136.1103	Failed	Failed
137.3695	Failed	Failed
138.6281	Failed	Failed
139.8983	Failed	Failed
141.1613	Failed	Failed
142.4293	Failed	Failed
143.6955	Failed	Failed
144.9667	Failed	Failed
146.2395	Failed	Failed
147.5063	Failed	Failed
148.7732	Failed	Failed
150.0415	Failed	Failed
151.3046	Failed	Failed
152.5687	Failed	Failed
153.8354	Failed	Failed
155.1051	Failed	Failed
156.3816	Failed	Failed
157.6431	Failed	Failed
158.9124	Failed	Failed
160.1754	Failed	Failed
161.4268	Failed	Failed
162.7007	Failed	Failed
163.9599	Failed	Failed
165.2257	Failed	Failed
166.5000	Failed	Failed
167.7564	Failed	Failed
169.0234	Failed	Failed
170.2899	Failed	Failed
171.5408	Failed	Failed
172.8116	Failed	Failed
174.0725	Failed	Failed
175.3337	Failed	Failed
176.5993	Failed	Failed
177.8554	Failed	Failed
179.1166	Failed	Failed
180.3826	Failed	Failed
181.6425	Failed	Failed
182.9113	Failed	Failed
184.1787	Failed	Failed
185.4368	Failed	Failed
186.7029	Failed	Failed
187.9752	Failed	Failed
189.2506	Failed	Failed
190.5059	Failed	Failed
191.7652	Failed	Failed
193.0386	Failed	Failed
194.3030	Failed	Failed
195.5618	Failed	Failed
196.8230	Failed	Failed
198.0923	Failed	Failed
199.3628	Failed	Failed
200.6306	Failed	Failed
201.8776	Failed	Failed
203.1403	Failed	Failed
204.4028	Failed	Failed
205.6618	Failed	Failed
206.9241	Failed	Failed
208.1932	Failed	Failed
209.6621	Failed	Failed
215.1503	Failed	Failed
216.4337	0.00	0.00
216.7694	0.00	0.00
217.1356	0.00	0.00
217.4810	0.00	0.00
217.8236	0.00	0.00
218.1851	0.00	0.00
218.5227	0.00	0.00
218.8791	0.00	0.00
219.2352	0.00	0.00
219.5900	0.00	0.00
219.9241	0.00	0.00
220.2723	0.00	0.00
220.5708	0.00	0.00
220.9153	0.00	0.00
221.2679	0.00	0.00
221.6229	0.00	0.00
221.9626	0.00	0.00
222.3102	0.00	0.00
222.6656	0.00	0.00
223.0118	0.00	0.00
223.3492	0.00	0.00
223.7151	0.00	0.00
224.0548	0.00	0.00
224.3959	0.00	0.00
224.7431	0.00	0.00
225.1118	0.00	0.00
225.4558	0.00	0.00
225.7938	0.00	0.00
226.1396	0.00	0.00
226.4811	0.00	0.00
226.8154	0.00	0.00
227.1959	0.00	0.00
227.5375	0.00	0.00
227.8894	0.00	0.00
228.2484	0.00	0.00
228.5975	0.00	0.00
228.9438	0.00	0.00
229.2973	0.00	0.00
229.6492	0.00	0.00
229.9866	0.00	0.00
230.3213	0.00	0.00
230.6757	0.00	0.00
231.0200	0.00	0.00
231.3456	0.00	0.00
231.6868	0.00	0.00
232.0240	0.00	0.00
232.3573	0.00	0.00
232.6783	0.00	0.00
232.9808	0.00	0.00
233.3034	0.00	0.00
233.6467	0.00	0.00
233.9757	0.00	0.00
234.3162	0.00	0.00
234.6695	0.00	0.00
235.0181	0.00	0.00
235.4900	0.00	0.00
235.8354	0.00	0.00
236.1868	0.00	0.00
236.5279	0.00	0.00
236.8692	0.00	0.00
237.2206	0.00	0.00
237.5536	0.00	0.00
237.8941	0.00	0.00
238.2409	0.00	0.00
238.5722	0.00	0.00
238.9269	0.00	0.00
239.3016	0.00	0.00
239.6367	0.00	0.00
240.0011	0.00	0.00
240.3607	0.00	0.00
240.6830	0.00	0.00
241.0098	0.00	0.00
241.3617	0.00	0.00
241.7128	0.00	0.00
242.0588	0.00	0.00
242.4053	0.00	0.00
242.7414	0.00	0.00
243.0719	0.00	0.00
243.4163	0.00	0.00
243.7644	0.00	0.00
244.0999	0.00	0.00
244.4330	0.00	0.00
244.7802	0.00	0.00
245.0969	0.00	0.00
245.4529	0.00	0.00
245.7665	0.00	0.00
246.0831	0.00	0.00
246.4088	0.00	0.00
246.7527	0.00	0.00
247.0920	0.00	0.00
247.4467	0.00	0.00
247.7962	0.00	0.00
248.1383	0.00	0.00
248.4709	0.00	0.00
248.8114	0.00	0.00
249.1516	0.00	0.00
249.5006	0.00	0.00
249.8569	0.00	0.00
250.1957	0.00	0.00
250.5013	0.00	0.00
250.8502	0.00	0.00
251.1913	0.00	0.00
251.5371	0.00	0.00
251.8798	0.00	0.00
252.2153	0.00	0.00
252.5489	0.00	0.00
252.8988	0.00	0.00
253.2398	0.00	0.00
253.5884	0.00	0.00
253.9499	0.00	0.00
254.2989	0.00	0.00
254.6191	0.00	0.00
254.9767	0.00	0.00
255.3379	0.00	0.00
255.6665	0.00	0.00
256.0105	0.00	0.00
256.3396	0.00	0.00
256.6617	0.00	0.00
257.0041	0.00	0.00
257.3448	0.00	0.00
257.6816	0.00	0.00
258.0282	0.00	0.00
258.3731	0.00	0.00
258.7005	0.00	0.00
259.0497	0.00	0.00
259.3896	0.00	0.00
259.7184	0.00	0.00
260.0610	0.00	0.00
260.4229	0.00	0.00
260.7469	0.00	0.00
261.0939	0.00	0.00
261.4253	0.00	0.00
261.7635	0.00	0.00
262.1235	0.00	0.00
262.4846	0.00	0.00
262.8162	0.00	0.00
263.1544	0.00	0.00
263.5178	0.00	0.00
263.8566	0.00	0.00
264.2041	0.00	0.00
264.5489	0.00	0.00
264.8877	0.00	0.00
265.2240	0.00	0.00
265.5291	0.00	0.00
265.8874	0.00	0.00
266.2225	0.00	0.00
266.5698	0.00	0.00
266.9832	0.00	0.00
267.4477	0.00	0.00
267.8048	0.00	0.00
268.1353	0.00	0.00
268.4789	0.00	0.00
268.8173	0.00	0.00
269.1589	0.00	0.00
269.5289	0.00	0.00
269.8525	0.00	0.00
270.1857	0.00	0.00
270.5374	0.00	0.00
270.8898	0.00	0.00
271.2324	0.00	0.00
271.5838	0.00	0.00
271.9449	0.00	0.00
272.3027	0.00	0.00
272.6532	0.00	0.00
273.0080	0.00	0.00
273.3533	0.00	0.00
273.6959	0.00	0.00
274.0660	0.00	0.00
274.4028	0.00	0.00
274.7337	0.00	0.00
275.1033	0.00	0.00
275.4694	0.00	0.00
275.8076	0.00	0.00
276.1659	0.00	0.00
276.5218	0.00	0.00
276.8543	0.00	0.00
277.2143	0.00	0.00
277.5851	0.00	0.00
277.9201	0.00	0.00
278.2614	0.00	0.00
278.6268	0.00	0.00
278.9602	0.00	0.00
279.2914	0.00	0.00
279.6249	0.00	0.00
279.9822	0.00	0.00
280.3374	0.00	0.00
280.6523	0.00	0.00
280.9914	0.00	0.00
281.3432	0.00	0.00
281.6831	0.00	0.00
282.0379	0.00	0.00
282.3754	0.00	0.00
282.7110	0.00	0.00
283.0518	0.00	0.00
283.3879	0.00	0.00
283.7261	0.00	0.00
284.0814	0.00	0.00
284.4386	0.00	0.00
284.7781	0.00	0.00
285.1305	0.00	0.00
285.4587	0.00	0.00
285.8028	0.00	0.00
286.1702	0.00	0.00
286.5104	0.00	0.00
286.8363	0.00	0.00
287.1875	0.00	0.00
287.5494	0.00	0.00
287.8801	0.00	0.00
288.2251	0.00	0.00
288.5762	0.00	0.00
288.9177	0.00	0.00
289.2685	0.00	0.00
289.6298	0.00	0.00
289.9604	0.00	0.00
290.3244	0.00	0.00
290.6938	0.00	0.00
291.0293	0.00	0.00
291.3625	0.00	0.00
291.7146	0.00	0.00
292.0589	0.00	0.00
292.3981	0.00	0.00
292.7452	0.00	0.00
293.0811	0.00	0.00
293.4116	0.00	0.00
293.7589	0.00	0.00
294.1155	0.00	0.00
294.4603	0.00	0.00
294.8055	0.00	0.00
295.1478	0.00	0.00
295.5231	0.00	0.00
295.8558	0.00	0.00
296.2234	0.00	0.00
296.5986	0.00	0.00
296.9450	0.00	0.00
297.2880	0.00	0.00
297.6792	0.00	0.00
298.0258	0.00	0.00
298.3690	0.00	0.00
298.7262	0.00	0.00
299.0633	0.00	0.00
299.4302	0.00	0.00
299.7834	0.00	0.00
300.1503	0.00	0.00
300.4922	0.00	0.00
300.8282	0.00	0.00
301.1677	0.00	0.00
301.5155	0.00	0.00
301.8538	0.00	0.00
302.2098	0.00	0.00
302.5818	0.00	0.00
302.9169	0.00	0.00
303.2771	0.00	0.00
303.6142	0.00	0.00
303.9474	0.00	0.00
304.3129	0.00	0.00
304.6525	0.00	0.00
304.9957	0.00	0.00
305.3407	0.00	0.00
305.6827	0.00	0.00
306.0310	0.00	0.00
306.3745	0.00	0.00
306.7221	0.00	0.00
307.0698	0.00	0.00
307.4099	0.00	0.00
307.7852	0.00	0.00
308.1206	0.00	0.00
308.4628	0.00	0.00
308.8405	0.00	0.00
309.1754	0.00	0.00
309.5285	0.00	0.00
309.8793	0.00	0.00
310.2205	0.00	0.00
310.5671	0.00	0.00
310.9124	0.00	0.00
311.2539	0.00	0.00
311.5917	0.00	0.00
311.9403	0.00	0.00
312.3088	0.00	0.00
312.6498	0.00	0.00
312.9903	0.00	0.00
313.3330	0.00	0.00
313.6903	0.00	0.00
314.0250	0.00	0.00
314.3987	0.00	0.00
314.7589	0.00	0.00
315.0991	0.00	0.00
315.4506	0.00	0.00
315.7989	0.00	0.00
316.1340	0.00	0.00
316.4863	0.00	0.00
316.8318	0.00	0.00
317.1680	0.00	0.00
317.5072	0.00	0.00
317.8721	0.00	0.00
318.2358	0.00	0.00
318.5692	0.00	0.00
318.9232	0.00	0.00
319.2607	0.00	0.00
319.5844	0.00	0.00
319.9439	0.00	0.00
320.2802	0.00	0.00
320.6132	0.00	0.00
320.9673	0.00	0.00
321.3151	0.00	0.00
321.6438	0.00	0.00
322.0031	0.00	0.00
322.3634	0.00	0.00
322.7278	0.00	0.00
323.0786	0.00	0.00
323.4259	0.00	0.00
323.7703	0.00	0.00
324.1017	0.00	0.00
324.4543	0.00	0.00
324.7820	0.00	0.00
325.1073	0.00	0.00
325.4541	0.00	0.00
325.7826	0.00	0.00
326.1205	0.00	0.00
326.4900	0.00	0.00
326.8316	0.00	0.00
327.1781	0.00	0.00
327.5312	0.00	0.00
327.8893	0.00	0.00
328.2268	0.00	0.00
328.5689	0.00	0.00
328.9213	0.00	0.00
329.2586	0.00	0.00
329.5943	0.00	0.00
329.9466	0.00	0.00
330.2850	0.00	0.00
330.6275	0.00	0.00
330.9781	0.00	0.00
331.3096	0.00	0.00
331.6445	0.00	0.00
331.9968	0.00	0.00
332.3363	0.00	0.00
332.6822	0.00	0.00
333.0477	0.00	0.00
333.3803	0.00	0.00
333.7244	0.00	0.00
334.0747	0.00	0.00
334.4228	0.00	0.00
334.7588	0.00	0.00
335.1140	0.00	0.00
335.4934	0.00	0.00
335.8231	0.00	0.00
336.1759	0.00	0.00
336.5502	0.00	0.00
336.8883	0.00	0.00
337.2334	0.00	0.00
337.5939	0.00	0.00
337.9341	0.00	0.00
338.2942	0.00	0.00
338.6378	0.00	0.00
338.9845	0.00	0.00
339.3221	0.00	0.00
339.6694	0.00	0.00
340.0336	0.00	0.00
340.3652	0.00	0.00
340.7058	0.00	0.00
341.0144	0.00	0.00
341.3668	0.00	0.00
341.7134	0.00	0.00
342.0771	0.00	0.00
342.4146	0.00	0.00
342.7529	0.00	0.00
343.1058	0.00	0.00
343.4677	0.00	0.00
343.8010	0.00	0.00
344.1500	0.00	0.00
344.5170	0.00	0.00
344.8500	0.00	0.00
345.2023	0.00	0.00
345.5651	0.00	0.00
345.9009	0.00	0.00
346.2436	0.00	0.00
346.5999	0.00	0.00
346.9374	0.00	0.00
347.2815	0.00	0.00
347.6364	0.00	0.00
347.9737	0.00	0.00
348.3280	0.00	0.00
348.6743	0.00	0.00
349.0221	0.00	0.00
349.3637	0.00	0.00
349.7119	0.00	0.00
350.0757	0.00	0.00
350.4109	0.00	0.00
350.7776	0.00	0.00
351.1314	0.00	0.00
351.4546	0.00	0.00
351.7833	0.00	0.00
352.1397	0.00	0.00
352.4729	0.00	0.00
352.8080	0.00	0.00
353.1629	0.00	0.00
353.5031	0.00	0.00
353.8313	0.00	0.00
354.1883	0.00	0.00
354.5412	0.00	0.00
354.8745	0.00	0.00
355.2370	0.00	0.00
355.6088	0.00	0.00
355.9492	0.00	0.00
356.2854	0.00	0.00
356.6516	0.00	0.00
356.9838	0.00	0.00
357.3249	0.00	0.00
357.6870	0.00	0.00
358.0163	0.00	0.00
358.3932	0.00	0.00
358.7588	0.00	0.00
359.0920	0.00	0.00
359.4262	0.00	0.00
359.7824	0.00	0.00
360.1238	0.00	0.00
360.4732	0.00	0.00
360.8463	0.00	0.00
361.2005	0.00	0.00
361.5473	0.00	0.00
361.8946	0.00	0.00
362.2410	0.00	0.00
362.5997	0.00	0.00
362.9485	0.00	0.00
363.2949	0.00	0.00
363.6591	0.00	0.00
363.9910	0.00	0.00
364.3432	0.00	0.00
364.7062	0.00	0.00
365.0640	0.00	0.00
365.4064	0.00	0.00
365.7701	0.00	0.00
366.1312	0.00	0.00
366.4685	0.00	0.00
366.8462	0.00	0.00
367.1907	0.00	0.00
367.5460	0.00	0.00
367.8765	0.00	0.00
368.2247	0.00	0.00
368.5729	0.00	0.00
368.9308	0.00	0.00
369.2982	0.00	0.00
369.6534	0.00	0.00
369.9914	0.00	0.00
370.3276	0.00	0.00
370.6969	0.00	0.00
371.0509	0.00	0.00
371.3891	0.00	0.00
371.7582	0.00	0.00
372.0959	0.00	0.00
372.4376	0.00	0.00
372.7954	0.00	0.00
373.1357	0.00	0.00
373.4763	0.00	0.00
373.8425	0.00	0.00
374.1715	0.00	0.00
374.5061	0.00	0.00
374.8723	0.00	0.00
375.2622	0.00	0.00
375.6119	0.00	0.00
375.9808	0.00	0.00
376.3199	0.00	0.00
376.6871	0.00	0.00
377.0377	0.00	0.00
377.3835	0.00	0.00
377.7563	0.00	0.00
378.1043	0.00	0.00
378.4390	0.00	0.00
378.8353	0.00	0.00
379.1685	0.00	0.00
379.5013	0.00	0.00
379.8629	0.00	0.00
380.2193	0.00	0.00
380.5642	0.00	0.00
380.9116	0.00	0.00
381.2576	0.00	0.00
381.5870	0.00	0.00
381.9399	0.00	0.00
382.2865	0.00	0.00
382.6513	0.00	0.00
383.0195	0.00	0.00
383.3893	0.00	0.00
383.7373	0.00	0.00
384.0911	0.00	0.00
384.4241	0.00	0.00
384.7800	0.00	0.00
385.1101	0.00	0.00
385.4681	0.00	0.00
385.8244	0.00	0.00
386.1550	0.00	0.00
386.4776	0.00	0.00
386.8540	0.00	0.00
387.2073	0.00	0.00
387.5528	0.00	0.00
387.9060	0.00	0.00
388.2748	0.00	0.00
388.6004	0.00	0.00
388.9421	0.00	0.00
389.2887	0.00	0.00
389.6254	0.00	0.00
389.9680	0.00	0.00
390.3236	0.00	0.00
390.6505	0.00	0.00
391.0282	0.00	0.00
391.3851	0.00	0.00
391.7193	0.00	0.00
392.0738	0.00	0.00
392.4171	0.00	0.00
392.7524	0.00	0.00
393.0906	0.00	0.00
393.4389	0.00	0.00
393.7944	0.00	0.00
394.1216	0.00	0.00
394.4720	0.00	0.00
394.8286	0.00	0.00
395.1840	0.00	0.00
395.5378	0.00	0.00
395.8964	0.00	0.00
396.2668	0.00	0.00
396.6252	0.00	0.00
396.9677	0.00	0.00
397.3223	0.00	0.00
397.6484	0.00	0.00
397.9902	0.00	0.00
398.3392	0.00	0.00
398.7123	0.00	0.00
399.0799	0.00	0.00
399.4413	0.00	0.00
399.7824	0.00	0.00
400.1173	0.00	0.00
400.4648	0.00	0.00
400.8128	0.00	0.00
401.1169	0.00	0.00
401.4628	0.00	0.00
401.8089	0.00	0.00
402.1400	0.00	0.00
402.5161	0.00	0.00
402.8858	0.00	0.00
403.2136	0.00	0.00
403.5691	0.00	0.00
403.9259	0.00	0.00
404.2566	0.00	0.00
404.5920	0.00	0.00
404.9524	0.00	0.00
405.2748	0.00	0.00
405.6073	0.00	0.00
405.9824	0.00	0.00
406.3401	0.00	0.00
406.6956	0.00	0.00
407.0570	0.00	0.00
407.4010	0.00	0.00
407.7724	0.00	0.00
408.1313	0.00	0.00
408.4919	0.00	0.00
408.8312	0.00	0.00
409.2131	0.00	0.00
409.5674	0.00	0.00
409.9182	0.00	0.00
410.2914	0.00	0.00
410.6772	0.00	0.00
411.0414	0.00	0.00
411.3794	0.00	0.00
411.6975	0.00	0.00
412.0668	0.00	0.00
412.4321	0.00	0.00
412.7600	0.00	0.00
413.1176	0.00	0.00
413.4989	0.00	0.00
413.8261	0.00	0.00
414.2291	0.00	0.00
414.5914	0.00	0.00
414.9151	0.00	0.00
415.2445	0.00	0.00
415.6034	0.00	0.00
415.9289	0.00	0.00
416.2690	0.00	0.00
416.6177	0.00	0.00
416.9444	0.00	0.00
417.2730	0.00	0.00
417.6479	0.00	0.00
418.0350	0.00	0.00
418.3852	0.00	0.00
418.7303	0.00	0.00
419.0942	0.00	0.00
419.4321	0.00	0.00
419.7705	0.00	0.00
420.1178	0.00	0.00
420.4499	0.00	0.00
420.8317	0.00	0.00
421.1978	0.00	0.00
421.5713	0.00	0.00
421.9013	0.00	0.00
422.2651	0.00	0.00
422.6216	0.00	0.00
422.9624	0.00	0.00
423.3082	0.00	0.00
423.6879	0.00	0.00
424.0461	0.00	0.00
424.3736	0.00	0.00
424.7386	0.00	0.00
425.0914	0.00	0.00
425.4269	0.00	0.00
425.7833	0.00	0.00
426.1702	0.00	0.00
426.5005	0.00	0.00
426.8514	0.00	0.00
427.2120	0.00	0.00
427.5595	0.00	0.00
427.9287	0.00	0.00
428.2862	0.00	0.00
428.6792	0.00	0.00
429.0463	0.00	0.00
429.3842	0.00	0.00
429.7479	0.00	0.00
430.1268	0.00	0.00
430.4680	0.00	0.00
430.8306	0.00	0.00
431.2120	0.00	0.00
431.5727	0.00	0.00
431.9147	0.00	0.00
432.2724	0.00	0.00
432.6242	0.00	0.00
432.9627	0.00	0.00
433.3103	0.00	0.00
433.6665	0.00	0.00
434.0313	0.00	0.00
434.3987	0.00	0.00
434.7672	0.00	0.00
435.1439	0.00	0.00
435.4665	0.00	0.00
435.8232	0.00	0.00
436.2228	0.00	0.00
436.5802	0.00	0.00
436.9582	0.00	0.00
437.2931	0.00	0.00
437.6110	0.00	0.00
437.9457	0.00	0.00
438.2807	0.00	0.00
438.6145	0.00	0.00
438.9715	0.00	0.00
439.3040	0.00	0.00
439.6419	0.00	0.00
439.9744	0.00	0.00
440.3314	0.00	0.00
440.6876	0.00	0.00
441.0522	0.00	0.00
441.4030	0.00	0.00
441.7280	0.00	0.00
442.0996	0.00	0.00
442.4669	0.00	0.00
442.8184	0.00	0.00
443.1721	0.00	0.00
443.5234	0.00	0.00
443.8934	0.00	0.00
444.2701	0.00	0.00
444.6479	0.00	0.00
444.9952	0.00	0.00
445.3494	0.00	0.00
445.7259	0.00	0.00
446.0616	0.00	0.00
446.4079	0.00	0.00
446.7844	0.00	0.00
447.1219	0.00	0.00
447.4803	0.00	0.00
447.8389	0.00	0.00
448.1892	0.00	0.00
448.5250	0.00	0.00
448.9024	0.00	0.00
449.2708	0.00	0.00
449.6109	0.00	0.00
449.9814	0.00	0.00
450.3350	0.00	0.00
450.6691	0.00	0.00
451.0299	0.00	0.00
451.3777	0.00	0.00
451.7131	0.00	0.00
452.0958	0.00	0.00
452.4360	0.00	0.00
452.7924	0.00	0.00
453.1398	0.00	0.00
453.5018	0.00	0.00
453.8591	0.00	0.00
454.2055	0.00	0.00
454.5452	0.00	0.00
454.8985	0.00	0.00
455.2200	0.00	0.00
455.5500	0.00	0.00
455.8997	0.00	0.00
456.3028	0.00	0.00
456.6585	0.00	0.00
456.9913	0.00	0.00
457.3450	0.00	0.00
457.6800	0.00	0.00
458.0524	0.00	0.00
458.4109	0.00	0.00
458.7633	0.00	0.00
459.1091	0.00	0.00
459.4440	0.00	0.00
459.8079	0.00	0.00
460.1597	0.00	0.00
460.5022	0.00	0.00
460.8571	0.00	0.00
461.2163	0.00	0.00
461.5396	0.00	0.00
461.8866	0.00	0.00
462.2346	0.00	0.00
462.5592	0.00	0.00
462.9278	0.00	0.00
463.3004	0.00	0.00
463.6328	0.00	0.00
463.9926	0.00	0.00
464.3469	0.00	0.00
464.6827	0.00	0.00
465.0190	0.00	0.00
465.3696	0.00	0.00
465.7048	0.00	0.00
466.0854	0.00	0.00
466.4320	0.00	0.00
466.7904	0.00	0.00
467.1505	0.00	0.00
467.4845	0.00	0.00
467.8437	0.00	0.00
468.1938	0.00	0.00
468.5792	0.00	0.00
468.9293	0.00	0.00
469.2810	0.00	0.00
469.6206	0.00	0.00
469.9792	0.00	0.00
470.3515	0.00	0.00
470.6821	0.00	0.00
471.0290	0.00	0.00
471.4020	0.00	0.00
471.7341	0.00	0.00
472.0852	0.00	0.00
472.4672	0.00	0.00
472.8474	0.00	0.00
473.2062	0.00	0.00
473.5468	0.00	0.00
473.9145	0.00	0.00
474.2716	0.00	0.00
474.6070	0.00	0.00
474.9692	0.00	0.00
475.3193	0.00	0.00
475.6599	0.00	0.00
476.0201	0.00	0.00
476.3806	0.00	0.00
476.7187	0.00	0.00
477.0865	0.00	0.00
477.4812	0.00	0.00
477.8450	0.00	0.00
478.2132	0.00	0.00
478.5657	0.00	0.00
478.9161	0.00	0.00
479.2820	0.00	0.00
479.6089	0.00	0.00
479.9670	0.00	0.00
480.3197	0.00	0.00
480.6556	0.00	0.00
481.0179	0.00	0.00
481.3712	0.00	0.00
481.7022	0.00	0.00
482.0537	0.00	0.00
482.3970	0.00	0.00
482.7618	0.00	0.00
483.1244	0.00	0.00
483.4982	0.00	0.00
483.8248	0.00	0.00
484.2053	0.00	0.00
484.5625	0.00	0.00
484.8875	0.00	0.00
485.2092	0.00	0.00
485.5454	0.00	0.00
485.9020	0.00	0.00
486.2294	0.00	0.00
486.5815	0.00	0.00
486.9231	0.00	0.00
487.2891	0.00	0.00
487.6469	0.00	0.00
488.0435	0.00	0.00
488.4446	0.00	0.00
488.7967	0.00	0.00
489.1471	0.00	0.00
489.4898	0.00	0.00
489.8585	0.00	0.00
490.2449	0.00	0.00
490.5919	0.00	0.00
490.9331	0.00	0.00
491.2961	0.00	0.00
491.6307	0.00	0.00
491.9756	0.00	0.00
492.3674	0.00	0.00
492.7312	0.00	0.00
493.1074	0.00	0.00
493.5067	0.00	0.00
493.8447	0.00	0.00
494.1853	0.00	0.00
494.5585	0.00	0.00
494.9222	0.00	0.00
495.3094	0.00	0.00
495.6587	0.00	0.00
496.0348	0.00	0.00
496.4396	0.00	0.00
496.7956	0.00	0.00
497.1570	0.00	0.00
497.5125	0.00	0.00
497.8479	0.00	0.00
498.2439	0.00	0.00
498.6005	0.00	0.00
498.9658	0.00	0.00
499.2964	0.00	0.00
499.6495	0.00	0.00
500.0208	0.00	0.00
500.4037	0.00	0.00
500.7402	0.00	0.00
501.1096	0.00	0.00
501.5055	0.00	0.00
501.8514	0.00	0.00
502.2379	0.00	0.00
502.5963	0.00	0.00
502.9344	0.00	0.00
503.2921	0.00	0.00
503.6093	0.00	0.00
503.9315	0.00	0.00
504.2346	0.00	0.00
504.5235	0.00	0.00
504.8431	0.00	0.00
505.1278	0.00	0.00
505.4267	0.00	0.00
505.7449	0.00	0.00
506.0337	0.00	0.00
506.3296	0.00	0.00
506.6381	0.00	0.00
506.9983	0.00	0.00
507.3547	0.00	0.00
507.6882	0.00	0.00
508.0341	0.00	0.00
508.4060	0.00	0.00
508.7580	0.00	0.00
509.1252	0.00	0.00
509.4986	0.00	0.00
509.8760	0.00	0.00
510.2558	0.00	0.00
510.6280	0.00	0.00
510.9969	0.00	0.00
511.3765	0.00	0.00
511.7097	0.00	0.00
512.0550	0.00	0.00
512.4317	0.00	0.00
512.7905	0.00	0.00
513.1482	0.00	0.00
513.5081	0.00	0.00
513.8552	0.00	0.00
514.1839	0.00	0.00
514.5404	0.00	0.00
514.8703	0.00	0.00
515.2558	0.00	0.00
515.6200	0.00	0.00
515.9732	0.00	0.00
516.2921	0.00	0.00
516.6426	0.00	0.00
516.9731	0.00	0.00
517.2922	0.00	0.00
517.6462	0.00	0.00
518.0066	0.00	0.00
518.3471	0.00	0.00
518.6865	0.00	0.00
519.0368	0.00	0.00
519.4148	0.00	0.00
519.7557	0.00	0.00
520.1063	0.00	0.00
520.4939	0.00	0.00
520.8585	0.00	0.00
521.2455	0.00	0.00
521.5577	0.00	0.00
521.9308	0.00	0.00
522.2922	0.00	0.00
522.6508	0.00	0.00
522.9929	0.00	0.00
523.3697	0.00	0.00
523.7114	0.00	0.00
524.0845	0.00	0.00
524.4294	0.00	0.00
524.8076	0.00	0.00
525.1781	0.00	0.00
525.5405	0.00	0.00
525.8696	0.00	0.00
526.2463	0.00	0.00
526.6131	0.00	0.00
526.9344	0.00	0.00
527.2825	0.00	0.00
527.6425	0.00	0.00
527.9735	0.00	0.00
528.3135	0.00	0.00
528.6576	0.00	0.00
529.0057	0.00	0.00
529.3904	0.00	0.00
529.7316	0.00	0.00
530.0871	0.00	0.00
530.4481	0.00	0.00
530.8362	0.00	0.00
531.1946	0.00	0.00
531.5634	0.00	0.00
531.8954	0.00	0.00
532.2470	0.00	0.00
532.5849	0.00	0.00
532.9337	0.00	0.00
533.2800	0.00	0.00
533.6680	0.00	0.00
534.0615	0.00	0.00
534.4321	0.00	0.00
534.7756	0.00	0.00
535.1454	0.00	0.00
535.5323	0.00	0.00
535.9120	0.00	0.00
536.2752	0.00	0.00
536.6384	0.00	0.00
537.0410	0.00	0.00
537.4335	0.00	0.00
537.7945	0.00	0.00
538.1886	0.00	0.00
538.5422	0.00	0.00
538.9200	0.00	0.00
539.2867	0.00	0.00
539.6659	0.00	0.00
540.0366	0.00	0.00
540.3759	0.00	0.00
540.7270	0.00	0.00
541.1108	0.00	0.00
541.4606	0.00	0.00
541.8177	0.00	0.00
542.2249	0.00	0.00
542.5822	0.00	0.00
542.9757	0.00	0.00
543.3407	0.00	0.00
543.6946	0.00	0.00
544.0572	0.00	0.00
544.4205	0.00	0.00
544.7928	0.00	0.00
545.1918	0.00	0.00
545.5430	0.00	0.00
545.8848	0.00	0.00
546.2232	0.00	0.00
546.6117	0.00	0.00
546.9118	0.00	0.00
547.2740	0.00	0.00
547.6803	0.00	0.00
548.0467	0.00	0.00
548.3943	0.00	0.00
548.7550	0.00	0.00
549.1494	0.00	0.00
549.4869	0.00	0.00
549.8427	0.00	0.00
550.2085	0.00	0.00
550.5977	0.00	0.00
550.9331	0.00	0.00
551.3022	0.00	0.00
551.6891	0.00	0.00
552.0905	0.00	0.00
552.4441	0.00	0.00
552.8242	0.00	0.00
553.2387	0.00	0.00
553.6131	0.00	0.00
553.9548	0.00	0.00
554.3471	0.00	0.00
554.7246	0.00	0.00
555.1091	0.00	0.00
555.4794	0.00	0.00
555.8493	0.00	0.00
556.2283	0.00	0.00
556.6209	0.00	0.00
556.9760	0.00	0.00
557.3830	0.00	0.00
557.7483	0.00	0.00
558.1229	0.00	0.00
558.4784	0.00	0.00
558.8777	0.00	0.00
559.2497	0.00	0.00
559.6423	0.00	0.00
560.0010	0.00	0.00
560.3640	0.00	0.00
560.7621	0.00	0.00
561.1155	0.00	0.00
561.4769	0.00	0.00
561.8476	0.00	0.00
562.2460	0.00	0.00
562.6435	0.00	0.00
563.0012	0.00	0.00
563.3570	0.00	0.00
563.7409	0.00	0.00
564.1362	0.00	0.00
564.4984	0.00	0.00
564.8597	0.00	0.00
565.2526	0.00	0.00
565.6351	0.00	0.00
565.9975	0.00	0.00
566.4037	0.00	0.00
566.7426	0.00	0.00
567.1403	0.00	0.00
567.5070	0.00	0.00
567.8866	0.00	0.00
568.2954	0.00	0.00
568.6736	0.00	0.00
569.0291	0.00	0.00
569.4372	0.00	0.00
569.8106	0.00	0.00
570.1768	0.00	0.00
570.5311	0.00	0.00
570.9300	0.00	0.00
571.3236	0.00	0.00
571.7033	0.00	0.00
572.0583	0.00	0.00
572.4312	0.00	0.00
572.8608	0.00	0.00
573.2232	0.00	0.00
573.5854	0.00	0.00
573.9562	0.00	0.00
574.3397	0.00	0.00
574.7238	0.00	0.00
575.0816	0.00	0.00
575.4679	0.00	0.00
575.8498	0.00	0.00
576.2155	0.00	0.00
576.5730	0.00	0.00
576.9622	0.00	0.00
577.3054	0.00	0.00
577.6646	0.00	0.00
578.0653	0.00	0.00
578.4398	0.00	0.00
578.8242	0.00	0.00
579.1610	0.00	0.00
579.5438	0.00	0.00
579.9373	0.00	0.00
580.3114	0.00	0.00
580.6691	0.00	0.00
581.0481	0.00	0.00
581.4689	0.00	0.00
581.7936	0.00	0.00
582.1377	0.00	0.00
582.5284	0.00	0.00
582.9159	0.00	0.00
583.3126	0.00	0.00
583.6712	0.00	0.00
584.0527	0.00	0.00
584.4427	0.00	0.00
584.8148	0.00	0.00
585.1566	0.00	0.00
585.5351	0.00	0.00
585.9160	0.00	0.00
586.3320	0.00	0.00
586.6814	0.00	0.00
587.0431	0.00	0.00
587.4397	0.00	0.00
587.8320	0.00	0.00
588.1778	0.00	0.00
588.5676	0.00	0.00
588.9450	0.00	0.00
589.3291	0.00	0.00
589.6896	0.00	0.00
590.0844	0.00	0.00
590.4512	0.00	0.00
590.8571	0.00	0.00
591.1882	0.00	0.00
591.6087	0.00	0.00
591.9657	0.00	0.00
592.3517	0.00	0.00
592.6947	0.00	0.00
593.0844	0.00	0.00
593.4912	0.00	0.00
593.8727	0.00	0.00
594.2315	0.00	0.00
594.5951	0.00	0.00
594.9704	0.00	0.00
595.3691	0.00	0.00
595.7290	0.00	0.00
596.1154	0.00	0.00
596.4998	0.00	0.00
596.8625	0.00	0.00
597.2003	0.00	0.00
597.6193	0.00	0.00
597.9983	0.00	0.00
598.3637	0.00	0.00
598.7064	0.00	0.00
599.0882	0.00	0.00
599.5218	0.00	0.00
599.9093	0.00	0.00
600.2954	0.00	0.00
600.6481	0.00	0.00
601.0287	0.00	0.00
601.4072	0.00	0.00
601.8061	0.00	0.00
602.1675	0.00	0.00
602.5740	0.00	0.00
602.9258	0.00	0.00
603.3162	0.00	0.00
603.6703	0.00	0.00
604.0325	0.00	0.00
604.4179	0.00	0.00
604.7862	0.00	0.00
605.1405	0.00	0.00
605.5229	0.00	0.00
605.9151	0.00	0.00
606.3117	0.00	0.00
606.6740	0.00	0.00
607.0250	0.00	0.00
607.4049	0.00	0.00
607.7975	0.00	0.00
608.1584	0.00	0.00
608.5367	0.00	0.00
608.9106	0.00	0.00
609.3010	0.00	0.00
609.6554	0.00	0.00
610.0200	0.00	0.00
610.4093	0.00	0.00
610.8096	0.00	0.00
611.1570	0.00	0.00
611.5554	0.00	0.00
611.9200	0.00	0.00
612.2927	0.00	0.00
612.6618	0.00	0.00
613.0567	0.00	0.00
613.4124	0.00	0.00
613.7943	0.00	0.00
614.1551	0.00	0.00
614.5459	0.00	0.00
614.9161	0.00	0.00
615.3010	0.00	0.00
615.6576	0.00	0.00
615.9875	0.00	0.00
616.3777	0.00	0.00
616.7302	0.00	0.00
617.1000	0.00	0.00
617.4983	0.00	0.00
617.8896	0.00	0.00
618.2451	0.00	0.00
618.6308	0.00	0.00
619.0242	0.00	0.00
619.4155	0.00	0.00
619.7587	0.00	0.00
620.1482	0.00	0.00
620.5274	0.00	0.00
620.9098	0.00	0.00
621.2771	0.00	0.00
621.6927	0.00	0.00
622.0567	0.00	0.00
622.4494	0.00	0.00
622.8071	0.00	0.00
623.2077	0.00	0.00
623.5466	0.00	0.00
623.9316	0.00	0.00
624.2835	0.00	0.00
624.7176	0.00	0.00
625.0965	0.00	0.00
625.4728	0.00	0.00
625.8389	0.00	0.00
626.2356	0.00	0.00
626.5828	0.00	0.00
626.9722	0.00	0.00
627.3179	0.00	0.00
627.7180	0.00	0.00
628.0959	0.00	0.00
628.4957	0.00	0.00
628.8512	0.00	0.00
629.2499	0.00	0.00
629.6163	0.00	0.00
629.9969	0.00	0.00
630.3565	0.00	0.00
630.7652	0.00	0.00
631.1474	0.00	0.00
631.5520	0.00	0.00
631.9372	0.00	0.00
632.3012	0.00	0.00
632.6269	0.00	0.00
632.9800	0.00	0.00
633.3176	0.00	0.00
633.7082	0.00	0.00
634.1024	0.00	0.00
634.4717	0.00	0.00
634.8320	0.00	0.00
635.2099	0.00	0.00
635.5833	0.00	0.00
635.9795	0.00	0.00
636.3338	0.00	0.00
636.7260	0.00	0.00
637.1081	0.00	0.00
637.4773	0.00	0.00
637.8206	0.00	0.00
638.2119	0.00	0.00
638.5700	0.00	0.00
638.9236	0.00	0.00
639.3045	0.00	0.00
639.6675	0.00	0.00
640.0654	0.00	0.00
640.4130	0.00	0.00
640.8030	0.00	0.00
641.1854	0.00	0.00
641.5760	0.00	0.00
641.9209	0.00	0.00
642.2945	0.00	0.00
642.6961	0.00	0.00
643.0592	0.00	0.00
643.4222	0.00	0.00
643.8218	0.00	0.00
644.1830	0.00	0.00
644.5538	0.00	0.00
644.8992	0.00	0.00
645.3012	0.00	0.00
645.6690	0.00	0.00
646.0557	0.00	0.00
646.3975	0.00	0.00
646.7971	0.00	0.00
647.1857	0.00	0.00
647.5668	0.00	0.00
647.9087	0.00	0.00
648.3208	0.00	0.00
648.6959	0.00	0.00
649.0605	0.00	0.00
649.4180	0.00	0.00
649.8266	0.00	0.00
650.2168	0.00	0.00
650.6344	0.00	0.00
650.9970	0.00	0.00
651.3535	0.00	0.00
651.7236	0.00	0.00
652.1135	0.00	0.00
652.5178	0.00	0.00
652.8948	0.00	0.00
653.3003	0.00	0.00
653.6710	0.00	0.00
654.0661	0.00	0.00
654.4066	0.00	0.00
654.8051	0.00	0.00
655.1933	0.00	0.00
655.5796	0.00	0.00
655.9264	0.00	0.00
656.2961	0.00	0.00
656.6913	0.00	0.00
657.0605	0.00	0.00
657.4213	0.00	0.00
657.8174	0.00	0.00
658.1794	0.00	0.00
658.5687	0.00	0.00
658.9152	0.00	0.00
659.3225	0.00	0.00
659.7063	0.00	0.00
660.0658	0.00	0.00
660.4164	0.00	0.00
660.7993	0.00	0.00
661.1728	0.00	0.00
661.5605	0.00	0.00
661.8997	0.00	0.00
662.3050	0.00	0.00
662.7011	0.00	0.00
663.0614	0.00	0.00
663.4279	0.00	0.00
663.8341	0.00	0.00
664.1872	0.00	0.00
664.5668	0.00	0.00
664.9262	0.00	0.00
665.3214	0.00	0.00
665.7045	0.00	0.00
666.1172	0.00	0.00
666.5107	0.00	0.00
666.8768	0.00	0.00
667.2475	0.00	0.00
667.6302	0.00	0.00
668.0121	0.00	0.00
668.3700	0.00	0.00
668.7743	0.00	0.00
669.1392	0.00	0.00
669.5271	0.00	0.00
669.9148	0.00	0.00
670.3452	0.00	0.00
670.7467	0.00	0.00
671.1426	0.00	0.00
671.5590	0.00	0.00
671.9087	0.00	0.00
672.3281	0.00	0.00
672.6842	0.00	0.00
673.0718	0.00	0.00
673.4144	0.00	0.00
673.8136	0.00	0.00
674.2017	0.00	0.00
674.5822	0.00	0.00
675.0098	0.00	0.00
675.3626	0.00	0.00
675.7606	0.00	0.00
676.1323	0.00	0.00
676.5177	0.00	0.00
676.8863	0.00	0.00
677.2552	0.00	0.00
677.6281	0.00	0.00
678.0041	0.00	0.00
678.3625	0.00	0.00
678.7808	0.00	0.00
679.1761	0.00	0.00
679.5876	0.00	0.00
680.0066	0.00	0.00
680.3584	0.00	0.00
680.7846	0.00	0.00
681.1852	0.00	0.00
681.5684	0.00	0.00
681.9153	0.00	0.00
682.2949	0.00	0.00
682.7194	0.00	0.00
683.1315	0.00	0.00
683.5194	0.00	0.00
683.8829	0.00	0.00
684.2389	0.00	0.00
684.6244	0.00	0.00
685.0228	0.00	0.00
685.3722	0.00	0.00
685.7792	0.00	0.00
686.1233	0.00	0.00
686.5302	0.00	0.00
686.8926	0.00	0.00
687.2636	0.00	0.00
687.6498	0.00	0.00
688.0140	0.00	0.00
688.3635	0.00	0.00
688.7725	0.00	0.00
689.1485	0.00	0.00
689.5943	0.00	0.00
690.0220	0.00	0.00
690.3581	0.00	0.00
690.7432	0.00	0.00
691.1233	0.00	0.00
691.5316	0.00	0.00
691.9070	0.00	0.00
692.3149	0.00	0.00
692.7095	0.00	0.00
693.0796	0.00	0.00
693.4256	0.00	0.00
693.8084	0.00	0.00
694.2114	0.00	0.00
694.6049	0.00	0.00
694.9481	0.00	0.00
695.3407	0.00	0.00
695.6899	0.00	0.00
696.0719	0.00	0.00
696.4135	0.00	0.00
696.7880	0.00	0.00
697.1648	0.00	0.00
697.5527	0.00	0.00
697.9079	0.00	0.00
698.2789	0.00	0.00
698.6900	0.00	0.00
699.0922	0.00	0.00
699.4429	0.00	0.00
699.8428	0.00	0.00
700.1977	0.00	0.00
700.5280	0.00	0.00
700.9139	0.00	0.00
701.2944	0.00	0.00
701.6679	0.00	0.00
702.0076	0.00	0.00
702.3659	0.00	0.00
702.7280	0.00	0.00
703.1118	0.00	0.00
703.4548	0.00	0.00
703.8315	0.00	0.00
704.2129	0.00	0.00
704.6072	0.00	0.00
704.9570	0.00	0.00
705.3337	0.00	0.00
705.7141	0.00	0.00
706.1213	0.00	0.00
706.4643	0.00	0.00
706.8470	0.00	0.00
707.2337	0.00	0.00
707.6101	0.00	0.00
707.9661	0.00	0.00
708.3576	0.00	0.00
708.7352	0.00	0.00
709.1360	0.00	0.00
709.5088	0.00	0.00
709.9618	0.00	0.00
710.3687	0.00	0.00
710.7492	0.00	0.00
711.1397	0.00	0.00
711.5079	0.00	0.00
711.8801	0.00	0.00
712.2759	0.00	0.00
712.6404	0.00	0.00
713.0151	0.00	0.00
713.3819	0.00	0.00
713.7485	0.00	0.00
714.1368	0.00	0.00
714.4889	0.00	0.00
714.8943	0.00	0.00
715.2678	0.00	0.00
715.6528	0.00	0.00
716.0169	0.00	0.00
716.3858	0.00	0.00
716.7777	0.00	0.00
717.1541	0.00	0.00
717.5265	0.00	0.00
717.9456	0.00	0.00
718.3213	0.00	0.00
718.6966	0.00	0.00
718.9851	0.00	0.00
719.3131	0.00	0.00
719.6822	0.00	0.00
720.0462	0.00	0.00
720.3645	0.00	0.00
720.6825	0.00	0.00
721.0295	0.00	0.00
721.4486	0.00	0.00
721.7942	0.00	0.00
722.1810	0.00	0.00
722.5488	0.00	0.00
722.9219	0.00	0.00
723.2988	0.00	0.00
723.6904	0.00	0.00
724.0468	0.00	0.00
724.4415	0.00	0.00
724.8305	0.00	0.00
725.2425	0.00	0.00
725.5802	0.00	0.00
725.9917	0.00	0.00
726.3689	0.00	0.00
726.7572	0.00	0.00
727.0989	0.00	0.00
727.4852	0.00	0.00
727.8908	0.00	0.00
728.2830	0.00	0.00
728.6245	0.00	0.00
729.0337	0.00	0.00
729.4134	0.00	0.00
729.8140	0.00	0.00
730.2386	0.00	0.00
730.5893	0.00	0.00
730.9764	0.00	0.00
731.3692	0.00	0.00
731.7580	0.00	0.00
732.1145	0.00	0.00
732.5185	0.00	0.00
732.9022	0.00	0.00
733.3106	0.00	0.00
733.6572	0.00	0.00
734.0515	0.00	0.00
734.4333	0.00	0.00
734.8398	0.00	0.00
735.1832	0.00	0.00
735.5844	0.00	0.00
735.9640	0.00	0.00
736.3489	0.00	0.00
736.6964	0.00	0.00
737.1045	0.00	0.00
737.5061	0.00	0.00
737.9067	0.00	0.00
738.3526	0.00	0.00
738.7264	0.00	0.00
739.0999	0.00	0.00
739.4924	0.00	0.00
739.8721	0.00	0.00
740.2342	0.00	0.00
740.6628	0.00	0.00
741.0963	0.00	0.00
741.4632	0.00	0.00
741.8980	0.00	0.00
742.2609	0.00	0.00
742.6601	0.00	0.00
743.0727	0.00	0.00
743.4583	0.00	0.00
743.7899	0.00	0.00
744.2222	0.00	0.00
744.5934	0.00	0.00
745.0318	0.00	0.00
745.4249	0.00	0.00
745.7832	0.00	0.00
746.1962	0.00	0.00
746.5739	0.00	0.00
746.9874	0.00	0.00
747.3331	0.00	0.00
747.7619	0.00	0.00
748.2038	0.00	0.00
748.5726	0.00	0.00
748.9936	0.00	0.00
749.3511	0.00	0.00
749.7692	0.00	0.00
750.2075	0.00	0.00
750.5616	0.00	0.00
750.9456	0.00	0.00
751.3033	0.00	0.00
751.7226	0.00	0.00
752.1429	0.00	0.00
752.5387	0.00	0.00
752.8942	0.00	0.00
753.2838	0.00	0.00
753.6704	0.00	0.00
754.0549	0.00	0.00
754.3990	0.00	0.00
754.8300	0.00	0.00
755.2160	0.00	0.00
755.5875	0.00	0.00
756.0196	0.00	0.00
756.3669	0.00	0.00
756.7587	0.00	0.00
757.1373	0.00	0.00
757.5343	0.00	0.00
757.8960	0.00	0.00
758.2728	0.00	0.00
758.6606	0.00	0.00
759.0487	0.00	0.00
759.3977	0.00	0.00
759.8325	0.00	0.00
760.2407	0.00	0.00
760.6264	0.00	0.00
760.9663	0.00	0.00
761.3768	0.00	0.00
761.7775	0.00	0.00
762.1770	0.00	0.00
762.4720	0.00	0.00
762.8731	0.00	0.00
763.2364	0.00	0.00
763.6253	0.00	0.00
763.9744	0.00	0.00
764.3390	0.00	0.00
764.7433	0.00	0.00
765.1244	0.00	0.00
765.4799	0.00	0.00
765.8850	0.00	0.00
766.3030	0.00	0.00
766.6748	0.00	0.00
767.0143	0.00	0.00
767.4088	0.00	0.00
767.7920	0.00	0.00
768.1717	0.00	0.00
768.5110	0.00	0.00
768.9054	0.00	0.00
769.3075	0.00	0.00
769.7094	0.00	0.00
770.1368	0.00	0.00
770.4936	0.00	0.00
770.8645	0.00	0.00
771.2438	0.00	0.00
771.6627	0.00	0.00
772.0086	0.00	0.00
772.3913	0.00	0.00
772.8145	0.00	0.00
773.2112	0.00	0.00
773.5598	0.00	0.00
773.9583	0.00	0.00
774.3369	0.00	0.00
774.7685	0.00	0.00
775.1121	0.00	0.00
775.5160	0.00	0.00
775.9082	0.00	0.00
776.3043	0.00	0.00
776.6542	0.00	0.00
777.0762	0.00	0.00
777.4973	0.00	0.00
777.9250	0.00	0.00
778.3403	0.00	0.00
778.7747	0.00	0.00
779.1377	0.00	0.00
779.5558	0.00	0.00
779.9499	0.00	0.00
780.3216	0.00	0.00
780.6589	0.00	0.00
781.0652	0.00	0.00
781.4687	0.00	0.00
781.8873	0.00	0.00
782.2724	0.00	0.00
782.6215	0.00	0.00
783.0492	0.00	0.00
783.4044	0.00	0.00
783.8338	0.00	0.00
784.2078	0.00	0.00
784.6312	0.00	0.00
785.0302	0.00	0.00
785.4125	0.00	0.00
785.7579	0.00	0.00
786.1662	0.00	0.00
786.5547	0.00	0.00
786.9618	0.00	0.00
787.3068	0.00	0.00
787.6920	0.00	0.00
788.0744	0.00	0.00
788.4628	0.00	0.00
788.8067	0.00	0.00
789.2269	0.00	0.00
789.6437	0.00	0.00
790.0164	0.00	0.00
790.4019	0.00	0.00
790.7515	0.00	0.00
791.0998	0.00	0.00
791.5150	0.00	0.00
791.9067	0.00	0.00
792.2495	0.00	0.00
792.6361	0.00	0.00
793.0354	0.00	0.00
793.4688	0.00	0.00
793.8098	0.00	0.00
794.2137	0.00	0.00
794.5861	0.00	0.00
794.9737	0.00	0.00
795.4077	0.00	0.00
795.7730	0.00	0.00
796.2069	0.00	0.00
796.5751	0.00	0.00
796.9639	0.00	0.00
797.3204	0.00	0.00
797.7203	0.00	0.00
798.1017	0.00	0.00
798.4704	0.00	0.00
798.8084	0.00	0.00
799.2069	0.00	0.00
799.5904	0.00	0.00
799.9989	0.00	0.00
800.4377	0.00	0.00
800.8012	0.00	0.00
801.2000	0.00	0.00
801.6151	0.00	0.00
801.9947	0.00	0.00
802.4910	0.00	0.00
802.8254	0.00	0.00
803.2183	0.00	0.00
803.6117	0.00	0.00
804.0066	0.00	0.00
804.3483	0.00	0.00
804.7493	0.00	0.00
805.1504	0.00	0.00
805.5328	0.00	0.00
805.8828	0.00	0.00
806.2917	0.00	0.00
806.6997	0.00	0.00
807.1465	0.00	0.00
807.5565	0.00	0.00
807.9898	0.00	0.00
808.3408	0.00	0.00
808.7256	0.00	0.00
809.1119	0.00	0.00
809.5443	0.00	0.00
809.9055	0.00	0.00
810.3015	0.00	0.00
810.7216	0.00	0.00
811.1592	0.00	0.00
811.5425	0.00	0.00
811.9031	0.00	0.00
812.3215	0.00	0.00
812.7206	0.00	0.00
813.1140	0.00	0.00
813.5418	0.00	0.00
813.8855	0.00	0.00
814.2845	0.00	0.00
814.6574	0.00	0.00
815.0380	0.00	0.00
815.4037	0.00	0.00
815.7922	0.00	0.00
816.1976	0.00	0.00
816.5861	0.00	0.00
816.9516	0.00	0.00
817.3720	0.00	0.00
817.7757	0.00	0.00
818.2050	0.00	0.00
818.5940	0.00	0.00
818.9400	0.00	0.00
819.3651	0.00	0.00
819.7469	0.00	0.00
820.1685	0.00	0.00
820.6057	0.00	0.00
820.9531	0.00	0.00
821.3471	0.00	0.00
821.7387	0.00	0.00
822.1475	0.00	0.00
822.5070	0.00	0.00
822.8851	0.00	0.00
823.2882	0.00	0.00
823.7112	0.00	0.00
824.0609	0.00	0.00
824.4719	0.00	0.00
824.9182	0.00	0.00
825.3452	0.00	0.00
825.7066	0.00	0.00
826.0460	0.00	0.00
826.4479	0.00	0.00
826.8351	0.00	0.00
827.2155	0.00	0.00
827.6615	0.00	0.00
828.0034	0.00	0.00
828.4385	0.00	0.00
828.8354	0.00	0.00
829.2712	0.00	0.00
829.6517	0.00	0.00
830.0103	0.00	0.00
830.4090	0.00	0.00
830.7699	0.00	0.00
831.1573	0.00	0.00
831.5044	0.00	0.00
831.8870	0.00	0.00
832.2840	0.00	0.00
832.7173	0.00	0.00
833.0420	0.00	0.00
833.4928	0.00	0.00
833.8992	0.00	0.00
834.2798	0.00	0.00
834.6633	0.00	0.00
835.0158	0.00	0.00
835.4513	0.00	0.00
835.8344	0.00	0.00
836.2136	0.00	0.00
836.5872	0.00	0.00
837.0096	0.00	0.00
837.4219	0.00	0.00
837.8247	0.00	0.00
838.2257	0.00	0.00
838.6776	0.00	0.00
839.0404	0.00	0.00
839.4245	0.00	0.00
839.8171	0.00	0.00
840.2025	0.00	0.00
840.5578	0.00	0.00
840.9600	0.00	0.00
841.3872	0.00	0.00
841.7686	0.00	0.00
842.2007	0.00	0.00
842.5504	0.00	0.00
842.9265	0.00	0.00
843.3167	0.00	0.00
843.7060	0.00	0.00
844.0519	0.00	0.00
844.4545	0.00	0.00
844.8246	0.00	0.00
845.2105	0.00	0.00
845.5561	0.00	0.00
845.9549	0.00	0.00
846.3270	0.00	0.00
846.7109	0.00	0.00
847.0734	0.00	0.00
847.5222	0.00	0.00
847.9739	0.00	0.00
848.3899	0.00	0.00
848.7746	0.00	0.00
849.1103	0.00	0.00
849.5028	0.00	0.00
849.9283	0.00	0.00
850.3013	0.00	0.00
850.6377	0.00	0.00
851.0523	0.00	0.00
851.4379	0.00	0.00
851.8375	0.00	0.00
852.1670	0.00	0.00
852.5933	0.00	0.00
853.0290	0.00	0.00
853.4754	0.00	0.00
853.9078	0.00	0.00
854.3389	0.00	0.00
854.6724	0.00	0.00
855.0775	0.00	0.00
855.4704	0.00	0.00
855.8507	0.00	0.00
856.1847	0.00	0.00
856.5877	0.00	0.00
857.0420	0.00	0.00
857.4523	0.00	0.00
857.8538	0.00	0.00
858.2872	0.00	0.00
858.6534	0.00	0.00
859.0827	0.00	0.00
859.4550	0.00	0.00
859.8698	0.00	0.00
860.2904	0.00	0.00
860.6374	0.00	0.00
861.0494	0.00	0.00
861.4648	0.00	0.00
861.8578	0.00	0.00
862.1798	0.00	0.00
862.5887	0.00	0.00
862.9740	0.00	0.00
863.4086	0.00	0.00
863.8191	0.00	0.00
864.1632	0.00	0.00
864.5593	0.00	0.00
864.9534	0.00	0.00
865.3934	0.00	0.00
865.8311	0.00	0.00
866.1954	0.00	0.00
866.6600	0.00	0.00
867.0542	0.00	0.00
867.4494	0.00	0.00
867.8443	0.00	0.00
868.1920	0.00	0.00
868.6315	0.00	0.00
869.0427	0.00	0.00
869.4900	0.00	0.00
869.9202	0.00	0.00
870.2667	0.00	0.00
870.7045	0.00	0.00
871.1313	0.00	0.00
871.5609	0.00	0.00
871.9479	0.00	0.00
872.3955	0.00	0.00
872.7567	0.00	0.00
873.2140	0.00	0.00
873.6489	0.00	0.00
874.0233	0.00	0.00
874.4142	0.00	0.00
874.7775	0.00	0.00
875.2346	0.00	0.00
875.6848	0.00	0.00
876.0996	0.00	0.00
876.5314	0.00	0.00
876.9218	0.00	0.00
877.2838	0.00	0.00
877.7319	0.00	0.00
878.1620	0.00	0.00
878.5926	0.00	0.00
878.9934	0.00	0.00
879.4199	0.00	0.00
879.7812	0.00	0.00
880.2120	0.00	0.00
880.5970	0.00	0.00
881.0053	0.00	0.00
881.4120	0.00	0.00
881.7749	0.00	0.00
882.2161	0.00	0.00
882.6611	0.00	0.00
883.0375	0.00	0.00
883.4953	0.00	0.00
883.9507	0.00	0.00
884.3111	0.00	0.00
884.7367	0.00	0.00
885.1271	0.00	0.00
885.5422	0.00	0.00
885.9381	0.00	0.00
886.2969	0.00	0.00
886.7086	0.00	0.00
887.1337	0.00	0.00
887.5337	0.00	0.00
887.9770	0.00	0.00
888.4105	0.00	0.00
888.7493	0.00	0.00
889.1914	0.00	0.00
889.5875	0.00	0.00
889.9809	0.00	0.00
890.4357	0.00	0.00
890.7742	0.00	0.00
891.2001	0.00	0.00
891.5926	0.00	0.00
891.9827	0.00	0.00
892.3119	0.00	0.00
892.7238	0.00	0.00
893.1143	0.00	0.00
893.5666	0.00	0.00
893.9849	0.00	0.00
894.4225	0.00	0.00
894.7738	0.00	0.00
895.1857	0.00	0.00
895.5807	0.00	0.00
895.9877	0.00	0.00
896.4122	0.00	0.00
896.7607	0.00	0.00
897.1919	0.00	0.00
897.5879	0.00	0.00
898.0045	0.00	0.00
898.4166	0.00	0.00
898.7578	0.00	0.00
899.1935	0.00	0.00
899.6046	0.00	0.00
900.0543	0.00	0.00
900.4771	0.00	0.00
900.8089	0.00	0.00
901.2195	0.00	0.00
901.6311	0.00	0.00
902.0470	0.00	0.00
902.4559	0.00	0.00
902.7925	0.00	0.00
903.2166	0.00	0.00
903.6237	0.00	0.00
904.0367	0.00	0.00
904.4419	0.00	0.00
904.7848	0.00	0.00
905.1994	0.00	0.00
905.5837	0.00	0.00
906.0036	0.00	0.00
906.3531	0.00	0.00
906.7447	0.00	0.00
907.1569	0.00	0.00
907.5546	0.00	0.00
907.9790	0.00	0.00
908.3464	0.00	0.00
908.7413	0.00	0.00
909.1161	0.00	0.00
909.5635	0.00	0.00
910.0046	0.00	0.00
910.3904	0.00	0.00
910.8173	0.00	0.00
911.1880	0.00	0.00
911.5699	0.00	0.00
911.9115	0.00	0.00
912.3673	0.00	0.00
912.7605	0.00	0.00
913.1336	0.00	0.00
913.5318	0.00	0.00
913.8906	0.00	0.00
914.3257	0.00	0.00
914.7247	0.00	0.00
915.0748	0.00	0.00
915.4263	0.00	0.00
915.8105	0.00	0.00
916.1930	0.00	0.00
916.5897	0.00	0.00
916.9403	0.00	0.00
917.3483	0.00	0.00
917.7113	0.00	0.00
918.0986	0.00	0.00
918.4396	0.00	0.00
918.8426	0.00	0.00
919.2080	0.00	0.00
919.6234	0.00	0.00
919.9623	0.00	0.00
920.3391	0.00	0.00
920.7244	0.00	0.00
921.1149	0.00	0.00
921.4667	0.00	0.00
921.8907	0.00	0.00
922.2991	0.00	0.00
922.6928	0.00	0.00
923.0882	0.00	0.00
923.4524	0.00	0.00
923.8623	0.00	0.00
924.2810	0.00	0.00
924.6654	0.00	0.00
925.0066	0.00	0.00
925.4334	0.00	0.00
925.8528	0.00	0.00
926.2166	0.00	0.00
926.6238	0.00	0.00
926.9867	0.00	0.00
927.4060	0.00	0.00
927.8153	0.00	0.00
928.1990	0.00	0.00
928.6488	0.00	0.00
928.9999	0.00	0.00
929.3957	0.00	0.00
929.7776	0.00	0.00
930.1651	0.00	0.00
930.5406	0.00	0.00
930.9700	0.00	0.00
931.3563	0.00	0.00
931.7523	0.00	0.00
932.1653	0.00	0.00
932.5282	0.00	0.00
932.9474	0.00	0.00
933.3367	0.00	0.00
933.7551	0.00	0.00
934.1487	0.00	0.00
934.5006	0.00	0.00
934.8853	0.00	0.00
935.2991	0.00	0.00
935.7108	0.00	0.00
936.0473	0.00	0.00
936.4469	0.00	0.00
936.8169	0.00	0.00
937.2045	0.00	0.00
937.5540	0.00	0.00
937.9451	0.00	0.00
938.3301	0.00	0.00
938.7105	0.00	0.00
939.0527	0.00	0.00
939.4852	0.00	0.00
939.8931	0.00	0.00
940.2756	0.00	0.00
940.6730	0.00	0.00
941.0225	0.00	0.00
941.4020	0.00	0.00
941.8220	0.00	0.00
942.2524	0.00	0.00
942.6026	0.00	0.00
942.9800	0.00	0.00
943.3392	0.00	0.00
943.7297	0.00	0.00
944.0748	0.00	0.00
944.4759	0.00	0.00
944.8666	0.00	0.00
945.3059	0.00	0.00
945.6433	0.00	0.00
946.0664	0.00	0.00
946.4369	0.00	0.00
946.8434	0.00	0.00
947.2731	0.00	0.00
947.6316	0.00	0.00
948.0266	0.00	0.00
948.4056	0.00	0.00
948.8326	0.00	0.00
949.1859	0.00	0.00
949.6254	0.00	0.00
950.0353	0.00	0.00
950.4508	0.00	0.00
950.8441	0.00	0.00
951.1872	0.00	0.00
951.5899	0.00	0.00
951.9684	0.00	0.00
952.3367	0.00	0.00
952.7010	0.00	0.00
953.1175	0.00	0.00
953.5464	0.00	0.00
953.9515	0.00	0.00
954.3747	0.00	0.00
954.7314	0.00	0.00
955.1339	0.00	0.00
955.5515	0.00	0.00
955.9531	0.00	0.00
956.3211	0.00	0.00
956.6725	0.00	0.00
957.0899	0.00	0.00
957.4920	0.00	0.00
957.8991	0.00	0.00
958.3315	0.00	0.00
958.6913	0.00	0.00
959.1277	0.00	0.00
959.4847	0.00	0.00
959.8997	0.00	0.00
960.3218	0.00	0.00
960.6742	0.00	0.00
961.0680	0.00	0.00
961.4439	0.00	0.00
961.8795	0.00	0.00
962.2211	0.00	0.00
962.6327	0.00	0.00
963.0184	0.00	0.00
963.4386	0.00	0.00
963.8192	0.00	0.00
964.1811	0.00	0.00
964.5888	0.00	0.00
965.0192	0.00	0.00
965.4403	0.00	0.00
965.8263	0.00	0.00
966.1776	0.00	0.00
966.5971	0.00	0.00
966.9733	0.00	0.00
967.3793	0.00	0.00
967.7260	0.00	0.00
968.1049	0.00	0.00
968.4864	0.00	0.00
968.8647	0.00	0.00
969.2270	0.00	0.00
969.6099	0.00	0.00
969.9888	0.00	0.00
970.3821	0.00	0.00
970.7446	0.00	0.00
971.1819	0.00	0.00
971.5923	0.00	0.00
971.9880	0.00	0.00
972.3751	0.00	0.00
972.7345	0.00	0.00
973.1214	0.00	0.00
973.4985	0.00	0.00
973.8972	0.00	0.00
974.2490	0.00	0.00
974.6710	0.00	0.00
975.0866	0.00	0.00
975.5263	0.00	0.00
975.8957	0.00	0.00
976.2506	0.00	0.00
976.6232	0.00	0.00
977.0113	0.00	0.00
977.4233	0.00	0.00
977.7784	0.00	0.00
978.1484	0.00	0.00
978.5446	0.00	0.00
978.9744	0.00	0.00
979.3295	0.00	0.00
979.7557	0.00	0.00
980.1769	0.00	0.00
980.5646	0.00	0.00
980.9953	0.00	0.00
981.3341	0.00	0.00
981.7356	0.00	0.00
982.1059	0.00	0.00
982.5031	0.00	0.00
982.9441	0.00	0.00
983.2890	0.00	0.00
983.6817	0.00	0.00
984.0718	0.00	0.00
984.4800	0.00	0.00
984.8382	0.00	0.00
985.2308	0.00	0.00
985.6180	0.00	0.00
986.0318	0.00	0.00
986.3840	0.00	0.00
986.8322	0.00	0.00
987.2488	0.00	0.00
987.6930	0.00	0.00
988.0570	0.00	0.00
988.4033	0.00	0.00
988.8149	0.00	0.00
989.2370	0.00	0.00
989.6512	0.00	0.00
990.0806	0.00	0.00
990.4182	0.00	0.00
990.8422	0.00	0.00
991.2553	0.00	0.00
991.6506	0.00	0.00
992.0334	0.00	0.00
992.3868	0.00	0.00
992.7902	0.00	0.00
993.2021	0.00	0.00
993.5846	0.00	0.00
993.9314	0.00	0.00
994.3209	0.00	0.00
994.7175	0.00	0.00
995.1521	0.00	0.00
995.4942	0.00	0.00
995.9315	0.00	0.00
996.2983	0.00	0.00
996.6805	0.00	0.00
997.0372	0.00	0.00
997.4501	0.00	0.00
997.8871	0.00	0.00
998.2745	0.00	0.00
998.7086	0.00	0.00
999.1587	0.00	0.00
999.5413	0.00	0.00
999.9831	0.00	0.00
1000.4168	0.00	0.00
1000.8599	0.00	0.00
1001.3036	0.00	0.00
1001.7163	0.00	0.00
1002.0700	0.00	0.00
1002.4891	0.00	0.00
1002.9057	0.00	0.00
1003.2636	0.00	0.00
1003.6676	0.00	0.00
1004.0129	0.00	0.00
1004.4167	0.00	0.00
1004.8239	0.00	0.00
1005.2544	0.00	0.00
1005.6020	0.00	0.00
1006.0341	0.00	0.00
1006.4548	0.00	0.00
1006.8636	0.00	0.00
1007.2546	0.00	0.00
1007.6038	0.00	0.00
1008.0077	0.00	0.00
1008.4317	0.00	0.00
1008.8342	0.00	0.00
1009.2455	0.00	0.00
1009.5845	0.00	0.00
1009.9783	0.00	0.00
1010.3673	0.00	0.00
1010.7650	0.00	0.00
1011.1279	0.00	0.00
1011.5377	0.00	0.00
1011.9474	0.00	0.00
1012.3502	0.00	0.00
1012.7785	0.00	0.00
1013.1239	0.00	0.00
1013.9395	0.00	0.00
1015.0450	1336.61	1386.19
1016.0780	1274.88	1259.69
1016.5900	1265.01	1247.60
1016.9634	1259.27	1241.31
1017.4058	1254.49	1237.63
1017.7798	1250.65	1233.96
1018.1272	1244.91	1230.12
1018.5342	1240.57	1225.74
1018.9548	1234.00	1221.05
1019.3528	1230.14	1217.29
1019.7835	1227.11	1213.80
1020.1388	1221.96	1209.44
1020.5246	1215.01	1205.76
1020.9041	1209.84	1199.81
1021.2923	1206.46	1197.04
1021.6666	1200.99	1193.14
1022.0989	1195.14	1188.10
1022.5583	1191.34	1182.12
1022.9817	1185.45	1178.18
1023.3926	1177.67	1173.77
1023.7786	1173.48	1169.14
1024.1272	1172.21	1167.48
1024.5552	1166.85	1160.70
1024.9941	1161.07	1158.27
1025.4383	1154.24	1152.71
1025.8941	1148.58	1146.89
1026.4420	1141.08	1140.17
1026.8315	1137.26	1136.32
1027.1781	1129.50	1127.91
1027.6012	1123.55	1122.10
1028.0257	1120.78	1117.93
1028.4507	1114.29	1114.72
1028.8418	1111.74	1111.46
1029.1907	1106.49	1105.84
1029.5800	1106.30	1104.18
1030.0154	1098.75	1098.61
1030.4553	1097.72	1096.63
1030.8823	1093.74	1092.77
1031.2202	1088.30	1087.21
1031.6611	1085.80	1086.03
1032.0968	1079.29	1080.30
1032.5040	1076.87	1076.95
1032.9055	1075.86	1074.78
1033.2377	1070.29	1071.13
1033.6627	1070.05	1068.18
1034.0512	1062.65	1063.93
1034.4973	1062.16	1060.90
1034.9447	1057.15	1058.23
1035.2703	1054.37	1055.47
1035.6560	1052.72	1052.78
1036.0588	1047.62	1049.47
1036.4541	1046.73	1047.32
1036.7998	1042.70	1044.29
1037.2233	1040.81	1041.75
1037.6569	1036.02	1037.61
1038.0885	1037.18	1037.45
1038.4552	1033.79	1034.68
1038.7953	1031.59	1031.70
1039.2183	1026.02	1027.68
1039.6582	1024.49	1025.67
1040.0976	1019.89	1021.94
1040.5419	1017.51	1020.11
1040.9666	1016.33	1016.53
1041.3052	1012.23	1014.30
1041.7109	1009.22	1011.30
1042.1205	1006.53	1009.10
1042.4955	1007.22	1007.39
1042.9287	1003.81	1003.67
1043.2721	1000.16	1002.43
1043.7078	997.19	1000.31
1044.1275	995.17	997.96
1044.5317	991.78	994.68
1044.9641	992.76	994.23
1045.3216	990.10	991.85
1045.7529	988.18	989.97
1046.1684	984.22	987.84
1046.6004	981.10	985.53
1046.9999	981.21	983.77
1047.3568	979.13	981.69
1047.7830	979.50	980.23
1048.1895	973.38	977.85
1048.5799	975.39	977.93
1048.9274	972.12	973.70
1049.3385	968.81	973.04
1049.7765	966.81	972.10
1050.1442	966.49	969.39
1050.5505	964.32	968.28
1050.9125	964.48	967.20
1051.3325	962.37	966.40
1051.7157	961.62	963.77
1052.1110	958.52	962.14
1052.5430	958.35	962.85
1052.9050	958.20	958.77
1053.3338	955.87	959.18
1053.7203	954.02	956.43
1054.0979	951.12	956.12
1054.5537	951.51	955.25
1054.9068	950.14	953.24
1055.3229	948.78	951.36
1055.7061	947.23	950.99
1056.1490	945.23	950.60
1056.5549	942.16	947.21
1056.8879	941.14	946.66
1057.3277	942.05	945.14
1057.7424	940.88	945.25
1058.1481	937.12	942.54
1058.5413	940.00	942.22
1058.8945	937.65	942.64
1059.2789	937.62	942.53
1059.6600	936.65	940.80
1060.0645	934.83	939.01
1060.4137	933.87	937.71
1060.8592	933.42	938.89
1061.2893	930.08	937.70
1061.6917	932.74	936.74
1062.1193	931.38	936.64
1062.4653	931.59	934.87
1062.8815	929.90	933.96
1063.3255	928.78	933.15
1063.7038	928.33	931.64
1064.1610	926.59	932.52
1064.5886	927.82	932.73
1064.9366	925.01	932.08
1065.3394	925.98	931.33
1065.7667	922.69	930.37
1066.1679	924.73	929.30
1066.5088	925.20	930.30
1066.9317	921.65	928.71
1067.3795	922.36	926.57
1067.8041	919.39	926.57
1068.2012	920.48	925.88
1068.6334	917.87	923.65
1068.9773	918.62	925.11
1069.3738	919.41	923.72
1069.8049	916.54	923.04
1070.2036	917.80	923.07
1070.5564	914.68	920.61
1070.9799	916.12	921.66
1071.4180	918.20	921.50
1071.8630	914.90	919.68
1072.2712	915.49	919.45
1072.7502	911.65	919.81
1073.1706	913.71	920.06
1073.5202	914.60	919.63
1073.9066	912.81	917.45
1074.3426	911.56	917.56
1074.7808	911.73	916.91
1075.2283	909.31	916.17
1075.6836	913.07	917.55
1076.0319	911.72	916.73
1076.4654	907.96	915.10
1076.9250	911.55	915.72
1077.3417	907.55	915.33
1077.7249	907.62	913.65
1078.0646	907.36	914.45
1078.4944	906.87	912.63
1078.9268	906.83	911.84
1079.3421	903.98	912.02
1079.7445	903.25	910.91
1080.2125	904.64	910.18
1080.5460	902.39	910.47
1080.9483	906.00	911.15
1081.3289	902.53	909.81
1081.7422	902.12	909.95
1082.1674	903.87	908.75
1082.5236	903.17	909.98
1082.9888	901.07	908.23
1083.4049	898.26	906.59
1083.7832	900.23	905.56
1084.1929	898.56	906.99
1084.5496	900.73	906.06
1084.9529	901.44	906.85
1085.3507	898.15	906.05
1085.7829	898.61	906.95
1086.2180	900.03	907.85
1086.5623	898.53	905.13
1086.9613	901.15	906.79
1087.3351	896.64	906.66
1087.7222	899.40	906.45
1088.1676	899.34	906.06
1088.5159	897.40	906.29
1088.9056	899.31	905.92
1089.3415	897.72	904.65
1089.7442	899.50	905.55
1090.1759	899.85	905.53
1090.5349	899.56	906.40
1090.9680	899.39	905.02
1091.3796	897.37	904.21
1091.8024	899.14	905.91
1092.2162	899.56	904.53
1092.5539	898.43	905.87
1092.9585	901.18	905.73
1093.3575	896.67	904.43
1093.7896	900.33	906.74
1094.2447	898.68	905.46
1094.6740	898.01	905.35
1095.0326	896.73	905.02
1095.4644	897.03	904.68
1095.8639	892.85	904.32
1096.2882	898.06	904.08
1096.6956	896.99	904.62
1097.0523	896.60	905.31
1097.4673	899.05	904.07
1097.8894	893.58	902.87
1098.3149	895.47	903.00
1098.7038	895.79	904.94
1099.0852	895.05	902.79
1099.5205	898.60	905.64
1099.9577	898.01	905.31
1100.3657	895.06	904.01
1100.7527	897.29	904.54
1101.1020	897.75	903.56
1101.5214	897.41	905.15
1101.9470	892.28	903.44
1102.3425	894.01	902.97
1102.7783	893.51	901.63
1103.2178	894.42	902.98
1103.5754	894.52	902.05
1104.0128	895.63	903.39
1104.3918	892.56	902.06
1104.7978	893.70	902.22
1105.2088	892.96	902.22
1105.5479	894.48	902.61
1105.9761	897.47	902.50
1106.3829	893.31	902.18
1106.7887	892.47	902.52
1107.2316	892.31	901.43
1107.5690	892.97	902.19
1108.0172	892.74	902.76
1108.4515	891.57	900.67
1108.8394	891.24	901.07
1109.2263	892.53	900.96
1109.5683	891.30	901.43
1109.9578	892.77	900.57
1110.3928	892.64	901.20
1110.8013	892.53	901.95
1111.2881	892.51	901.52
1111.6200	892.92	900.37
1112.0598	897.05	903.60
1112.5027	895.11	902.03
1112.9430	894.23	902.93
1113.3702	893.59	902.42
1113.7886	894.10	902.20
1114.1430	894.62	902.12
1114.6012	895.62	904.63
1115.0557	895.61	902.41
1115.4675	893.28	901.20
1115.8715	891.53	901.06
1116.3019	893.34	903.64
1116.6446	892.42	901.49
1117.0489	893.05	900.90
1117.4802	892.73	901.85
1117.8844	892.89	902.59
1118.3402	893.34	902.01
1118.6925	894.18	903.66
1119.1588	895.04	902.72
1119.5896	895.62	904.04
1120.0140	895.38	904.01
1120.4695	893.55	903.54
1120.9056	894.72	904.34
1121.3435	895.08	904.32
1121.6796	892.27	903.29
1122.0863	897.83	904.24
1122.5378	892.40	903.52
1122.9703	894.84	904.09
1123.4212	892.19	903.09
1123.7233	893.96	903.70
1124.1124	891.52	901.95
1124.5095	894.67	903.54
1124.9318	893.27	903.83
1125.2907	892.24	903.64
1125.7098	894.49	903.54
1126.1318	893.52	903.70
1126.5282	895.09	905.16
1126.9483	897.20	905.02
1127.3080	894.47	904.89
1127.7096	895.90	904.61
1128.1313	892.97	904.23
1128.5439	895.52	904.43
1128.9486	894.85	904.64
1129.3095	893.91	904.84
1129.7267	895.54	903.60
1130.1229	893.44	904.08
1130.5708	893.65	903.10
1130.9884	892.10	903.67
1131.3441	892.58	901.91
1131.7658	893.88	903.98
1132.2327	894.80	903.72
1132.6565	894.86	902.92
1133.1016	893.43	903.88
1133.5001	892.85	902.76
1133.8391	893.62	902.63
1134.2447	893.90	902.63
1134.6355	895.26	903.33
1135.0857	892.65	902.82
1135.5200	894.20	903.26
1135.8590	893.99	903.55
1136.2462	892.00	903.02
1136.6342	894.02	903.94
1137.0944	893.02	904.23
1137.5262	893.22	903.65
1137.8689	893.86	902.71
1138.2941	897.32	905.41
1138.7295	893.57	904.05
1139.1578	894.98	904.04
1139.5481	894.30	904.28
1139.8845	895.49	904.24
1140.3072	894.78	904.73
1140.7207	895.22	904.08
1141.1582	893.70	904.66
1141.5543	894.36	905.85
1141.9025	897.11	904.76
1142.3660	895.24	905.75
1142.7970	896.52	905.88
1143.2284	895.64	905.72
1143.6681	895.64	906.33
1144.0670	896.94	906.02
1144.4167	897.21	904.70
1144.8560	898.21	906.05
1145.3120	894.85	905.66
1145.7198	895.67	905.50
1146.1139	897.04	905.95
1146.5569	896.43	905.25
1146.9021	895.47	906.28
1147.3658	896.30	905.36
1147.7968	897.54	904.82
1148.2369	894.48	905.75
1148.6886	895.99	904.95
1149.1122	893.36	905.63
1149.5823	896.28	906.04
1149.9295	895.28	904.58
1150.3554	898.60	906.82
1150.7986	897.54	906.57
1151.2331	898.38	906.20
1151.6552	896.43	906.62
1152.0819	897.11	905.96
1152.4293	895.51	906.42
1152.8386	897.32	906.38
1153.2697	897.20	907.16
1153.6631	896.59	906.33
1154.1111	897.57	907.74
1154.4631	896.22	906.98
1154.9218	897.23	908.44
1155.3413	897.11	906.98
1155.7957	894.93	906.62
1156.2267	896.84	907.96
1156.6625	899.93	908.34
1157.0984	898.19	907.94
1157.4397	899.16	908.18
1157.8426	897.84	907.01
1158.2903	896.07	907.17
1158.7282	897.09	907.70
1159.1841	897.28	908.00
1159.6147	897.22	907.55
1159.9625	898.26	907.70
1160.3967	899.58	909.29
1160.8320	899.23	908.35
1161.2696	897.02	908.37
1161.7107	897.54	908.00
1162.1601	897.04	908.35
1162.6296	899.18	908.46
1163.1039	900.08	909.92
1163.4432	900.42	909.41
1163.8422	899.70	909.83
1164.2712	899.47	909.81
1164.7138	902.51	910.13
1165.1518	900.21	909.78
1165.6204	900.49	909.30
1165.9674	900.38	909.50
1166.4186	903.71	910.53
1166.8370	901.48	910.51
1167.2716	900.10	910.50
1167.7265	899.47	909.78
1168.1745	897.78	911.49
1168.6253	900.11	909.97
1169.1114	900.25	910.97
1169.4597	900.34	910.41
1169.8715	900.16	909.63
1170.3317	897.47	909.43
1170.7894	899.98	910.10
1171.1998	899.41	909.88
1171.6677	902.21	910.14
1172.0239	899.28	909.00
1172.4400	901.80	910.40
1172.9215	900.86	908.83
1173.3491	897.41	908.41
1173.7947	901.31	909.86
1174.2413	900.62	910.17
1174.7095	902.20	910.15
1175.1862	898.45	908.99
1175.5258	900.43	909.60
1176.0024	901.29	911.59
1176.4235	900.91	910.44
1176.8654	899.03	910.86
1177.2888	899.93	909.98
1177.7365	900.15	911.18
1178.1996	901.00	911.20
1178.5438	900.31	910.82
1179.0054	902.85	911.37
1179.4184	899.81	910.26
1179.8573	899.94	910.57
1180.3122	900.31	910.22
1180.7485	902.88	912.30
1181.1744	899.39	911.50
1181.5322	902.82	911.89
1181.9842	900.52	912.81
1182.4065	899.44	911.66
1182.8053	902.25	911.98
1183.2381	902.49	911.40
1183.6831	903.01	912.16
1183.9829	900.88	912.44
1184.4139	900.70	912.03
1184.8599	900.06	911.92
1185.2972	903.81	911.84
1185.7514	900.39	911.73
1186.1817	899.05	912.66
1186.5226	904.30	912.05
1186.9306	903.58	912.09
1187.3863	901.73	912.57
1187.8194	901.09	911.80
1188.2527	901.53	912.57
1188.6854	899.33	910.97
1189.0280	901.36	910.49
1189.4957	901.49	910.38
1189.9579	901.80	911.63
1190.3528	901.33	911.11
1190.7770	900.90	911.30
1191.2048	902.60	910.80
1191.5622	901.65	911.80
1192.0042	898.56	910.95
1192.4204	900.10	910.13
1192.8210	901.49	911.25
1193.2301	902.16	911.09
1193.6812	901.76	911.38
1194.0264	902.20	912.13
1194.4907	902.24	912.20
1194.9123	904.61	912.26
1195.3712	899.65	911.79
1195.8056	903.18	912.16
1196.2419	900.60	913.08
1196.6967	901.08	911.61
1197.0532	902.32	912.37
1197.4922	901.16	911.86
1197.9544	904.04	910.91
1198.3849	902.76	913.29
1198.8174	903.01	912.71
1199.2312	905.17	912.62
1199.7118	901.86	912.36
1200.1770	902.11	912.89
1200.5181	905.39	913.94
1200.9347	902.99	913.14
1201.3264	902.49	911.94
1201.7382	905.10	914.66
1202.1580	904.13	913.26
1202.5322	902.35	912.76
1202.9375	902.00	913.31
1203.3377	901.10	912.48
1203.7444	903.61	912.79
1204.1552	903.65	914.12
1204.5186	903.44	913.07
1204.9029	903.81	914.12
1205.3325	903.93	914.84
1205.7236	903.69	915.18
1206.1636	903.04	915.76
1206.5137	904.24	915.78
1206.9310	904.39	915.53
1207.3517	902.96	914.96
1207.7779	906.43	915.99
1208.2090	906.22	915.40
1208.5495	905.09	914.98
1208.9861	904.10	914.69
1209.4082	903.05	914.00
1209.7923	905.06	914.93
1210.2268	904.74	915.45
1210.6623	904.51	914.29
1211.0113	904.40	912.92
1211.4085	903.56	913.15
1211.8045	903.51	913.05
1212.2189	903.51	913.15
1212.6816	903.87	913.47
1213.0271	902.99	914.45
1213.4481	904.39	912.75
1213.8610	904.23	915.33
1214.2681	902.41	913.49
1214.6787	903.12	914.96
1215.0178	903.43	915.37
1215.4135	902.04	913.72
1215.7863	904.49	914.40
1216.1766	903.35	914.74
1216.5294	904.83	914.30
1216.9047	905.00	914.56
1217.3059	903.89	913.47
1217.7403	903.60	915.18
1218.1688	902.56	913.77
1218.5330	903.59	913.74
1218.9028	905.00	914.89
1219.3174	904.71	915.47
1219.7444	905.50	916.86
1220.0865	904.27	914.97
1220.5037	908.10	915.61
1220.8786	903.70	915.07
1221.2822	907.97	916.38
1221.6296	903.95	916.07
1222.0285	905.39	915.44
1222.4182	904.16	915.11
1222.8275	902.76	914.79
1223.2639	903.89	914.88
1223.6129	902.49	915.11
1224.0185	905.72	915.56
1224.4565	906.70	915.60
1224.8369	903.67	914.30
1225.1795	905.50	915.40
1225.6051	904.44	915.22
1226.0557	906.19	916.11
1226.4576	905.80	915.01
1226.8577	903.28	914.76
1227.1847	903.47	914.47
1227.5731	904.56	915.08
1227.9699	903.66	914.81
1228.3993	906.87	916.50
1228.7895	904.40	915.04
1229.1372	905.90	914.96
1229.5469	906.90	915.50
1230.0046	904.59	915.35
1230.4315	905.83	916.53
1230.8508	904.91	915.61
1231.2901	906.27	916.34
1231.6141	903.66	916.36
1232.0125	903.83	916.13
1232.4000	905.19	916.21
1232.7821	904.42	916.86
1233.1200	904.53	916.81
1233.5139	904.36	915.61
1233.9191	905.76	916.97
1234.3619	902.28	915.32
1234.7965	903.69	915.85
1235.1476	904.89	915.31
1235.5720	904.72	915.29
1235.9693	903.16	915.05
1236.3970	903.99	916.54
1236.8096	903.34	915.26
1237.1591	907.03	916.84
1237.5866	903.50	916.52
1237.9677	905.76	915.18
1238.3594	903.47	915.23
1238.8079	904.68	915.74
1239.1624	906.47	916.30
1239.5954	903.60	916.06
1240.0328	904.48	916.65
1240.4189	902.89	914.97
1240.8105	904.42	916.41
1241.1688	905.21	915.92
1241.5960	906.38	916.02
1241.9913	901.15	915.76
1242.3944	905.79	917.84
1242.8315	904.21	916.75
1243.1829	906.35	916.26
1243.5631	905.61	916.60
1243.9648	903.11	916.31
1244.3343	903.85	918.12
1244.6790	903.76	915.50
1245.0933	904.67	916.74
1245.5116	906.02	917.89
1245.9049	906.38	918.31
1246.3613	907.34	917.74
1246.7037	905.29	917.06
1247.1350	907.58	917.32
1247.5268	904.51	917.62
1247.9733	905.73	916.92
1248.3989	904.52	918.79
1248.7488	904.97	917.44
1249.1476	904.50	917.25
1249.5826	904.29	917.82
1249.9953	904.32	916.55
1250.4338	907.36	917.16
1250.8786	905.00	917.75
1251.2229	904.12	916.04
1251.6194	903.31	915.46
1252.0071	904.74	918.20
1252.4369	906.38	917.84
1252.7681	905.47	916.52
1253.2088	903.12	916.32
1253.6402	905.25	918.18
1254.0471	904.12	916.33
1254.4840	906.15	916.06
1254.9195	907.20	917.01
1255.2809	903.90	917.74
1255.7187	904.89	916.87
1256.1108	903.67	915.94
1256.5072	907.34	917.09
1256.8571	906.25	916.06
1257.2824	905.24	916.38
1257.6974	906.79	917.39
1258.0940	904.08	916.01
1258.5145	906.09	916.82
1258.9681	906.21	916.55
1259.3170	905.88	916.23
1259.7322	904.27	915.00
1260.1115	904.86	917.02
1260.5119	903.89	917.16
1260.8520	905.82	916.51
1261.2925	906.82	917.10
1261.6812	903.20	918.02
1262.1224	907.02	917.25
1262.5163	907.18	917.60
1262.8767	906.76	918.27
1263.3059	906.41	917.67
1263.7395	905.78	918.33
1264.1393	906.98	918.82
1264.5642	908.12	918.74
1265.0074	907.37	919.43
1265.3646	907.95	917.63
1265.8072	907.27	919.39
1266.2103	904.40	918.23
1266.6454	908.19	917.72
1267.0684	907.91	918.21
1267.4166	909.63	919.85
1267.8233	908.94	919.78
1268.2704	907.61	919.29
1268.6689	907.83	918.09
1269.0790	909.72	920.12
1269.5050	907.81	918.92
1269.8535	908.09	917.61
1270.2551	907.23	918.99
1270.6500	907.80	919.75
1271.0414	908.77	919.13
1271.3917	909.07	917.67
1271.8022	910.05	919.18
1272.2355	911.40	919.14
1272.6802	908.98	919.83
1273.1025	907.16	917.83
1273.4383	906.27	919.07
1273.8375	909.72	920.55
1274.2649	905.64	917.14
1274.6489	908.11	918.94
1275.0959	908.96	919.06
1275.4423	909.84	919.51
1275.8639	908.31	918.10
1276.2435	908.34	919.04
1276.6442	909.53	919.42
1276.9823	909.98	920.09
1277.3863	909.92	919.13
1277.7740	910.02	919.40
1278.1994	906.84	920.21
1278.6266	910.15	920.31
1278.9928	907.90	920.00
1279.3797	908.44	919.73
1279.7569	907.03	918.34
1280.1614	908.60	918.69
1280.5066	911.65	919.92
1280.9280	913.36	920.67
1281.3482	909.52	919.24
1281.7524	910.26	920.98
1282.1652	908.74	921.84
1282.5128	908.82	919.54
1282.9060	910.67	919.97
1283.3401	912.05	921.00
1283.7416	910.71	919.52
1284.1758	910.55	920.45
1284.5168	910.59	920.96
1284.9252	911.52	920.62
1285.3468	909.93	920.47
1285.7524	908.82	919.77
1286.0921	910.00	920.00
1286.4915	909.40	920.87
1286.8855	908.07	919.57
1287.3334	907.01	920.21
1287.7242	910.25	921.86
1288.0758	909.79	921.14
1288.5125	913.54	921.96
1288.9222	908.46	920.76
1289.3542	912.38	921.59
1289.7676	912.40	922.25
1290.1398	912.71	922.12
1290.5454	913.47	923.11
1290.9626	912.83	921.47
1291.3462	911.35	923.05
1291.6830	911.28	921.95
1292.1003	916.06	923.53
1292.5401	912.59	922.36
1292.9984	911.22	921.73
1293.4307	912.61	921.47
1293.8722	914.56	923.75
1294.3172	913.48	922.56
1294.6626	913.21	923.09
1295.1198	913.89	921.96
1295.5450	915.77	922.61
1296.0095	911.67	922.32
1296.4247	912.07	922.97
1296.8577	913.43	923.88
1297.3064	914.80	924.55
1297.6576	913.43	923.70
1298.1261	912.93	924.18
1298.5458	913.12	923.50
1298.9653	909.57	922.78
1299.3545	911.49	923.25
1299.8033	911.38	923.00
1300.1562	910.55	921.44
1300.5656	910.17	921.97
1300.9639	912.75	922.63
1301.4036	911.89	923.26
1301.8077	910.74	922.40
1302.1546	910.29	922.00
1302.5852	911.08	923.67
1302.9705	909.79	922.47
1303.4356	911.49	923.36
1303.8508	910.29	921.85
1304.3033	913.03	924.14
1304.6297	914.98	924.17
1305.0711	912.80	925.12
1305.4753	910.31	922.94
1305.8754	911.38	923.65
1306.3169	911.20	922.01
1306.6668	913.17	922.42
1307.0788	911.98	923.43
1307.5344	909.12	921.24
1307.9639	911.26	924.34
1308.4012	912.07	923.96
1308.8371	910.64	924.05
1309.1858	912.36	921.90
1309.5943	912.24	922.75
1310.0549	910.90	923.12
1310.4948	911.01	922.63
1310.9278	914.46	925.33
1311.2685	912.22	924.00
1311.6983	913.28	923.10
1312.1178	910.60	922.83
1312.5013	915.25	924.11
1312.8918	912.73	924.20
1313.2426	912.30	922.11
1313.6475	912.28	922.79
1314.0655	911.95	923.35
1314.4807	912.02	924.57
1314.9256	911.64	924.89
1315.2771	914.15	923.79
1315.7143	916.46	923.53
1316.1439	909.85	924.55
1316.5580	912.80	923.88
1317.0035	913.80	924.46
1317.4663	910.68	924.28
1317.8087	916.54	925.11
1318.2721	915.11	925.64
1318.7032	911.09	922.80
1319.1079	913.85	924.51
1319.5283	916.10	924.88
1319.9816	914.33	926.96
1320.3261	912.56	924.69
1320.7710	911.41	924.37
1321.2237	913.07	924.55
1321.6283	910.21	924.41
1322.0300	913.72	925.10
1322.4933	911.45	923.61
1322.8353	913.36	923.87
1323.2779	912.26	925.05
1323.6905	911.60	923.24
1324.1046	911.92	925.11
1324.5000	912.78	925.47
1324.8560	915.47	925.03
1325.2688	913.09	925.13
1325.6954	910.22	925.28
1326.1356	914.08	925.67
1326.5791	911.15	925.11
1327.0404	913.71	927.28
1327.3819	915.18	925.18
1327.8289	915.69	925.26
1328.2581	912.29	924.83
1328.6612	912.35	923.81
1329.0984	914.44	925.05
1329.5433	912.74	925.23
1329.8886	912.84	925.52
1330.3272	913.37	926.28
1330.7137	910.35	925.80
1331.1608	914.08	925.63
1331.6045	913.32	926.92
1332.0712	913.54	926.88
1332.4087	913.21	925.99
1332.8435	914.30	927.70
1333.3027	916.84	927.78
1333.7428	915.53	928.66
1334.1730	914.97	928.61
1334.6147	913.19	927.94
1335.0428	916.83	927.42
1335.3863	914.10	927.04
1335.7785	914.19	926.37
1336.2060	913.79	924.80
1336.5996	912.23	925.38
1337.0464	913.00	925.25
1337.3620	913.47	924.96
1337.7751	911.28	925.54
1338.1787	911.55	925.87
1338.6082	909.64	925.88
1338.9405	912.18	925.19
1339.3648	913.63	925.22
1339.7811	912.98	926.69
1340.2273	912.29	926.19
1340.6859	912.98	926.44
1341.1120	913.88	927.26
1341.5671	913.10	926.95
1341.8957	913.01	926.92
1342.3404	914.60	927.79
1342.7660	913.86	927.00
1343.1551	914.97	927.81
1343.6233	913.08	927.02
1344.0454	912.90	927.13
1344.3873	911.85	927.06
1344.7800	913.84	927.20
1345.2221	913.09	926.90
1345.6730	913.08	927.03
1346.1298	912.25	926.97
1346.5615	913.62	927.67
1346.8994	913.86	926.75
1347.3336	915.57	928.01
1347.7299	913.90	927.34
1348.1580	912.67	926.19
1348.5511	914.82	925.73
1348.9021	913.24	926.99
1349.3507	915.32	927.28
1349.7750	911.61	927.25
1350.1667	911.39	926.16
1350.6124	911.78	925.95
1351.0554	913.59	926.53
1351.4087	911.70	926.30
1351.8693	914.28	925.95
1352.2969	913.22	925.26
1352.7522	912.04	926.21
1353.1751	911.99	925.23
1353.6023	912.39	926.84
1354.0455	911.80	926.05
1354.3928	912.36	926.55
1354.8445	913.03	925.89
1355.2884	914.42	926.67
1355.7287	910.91	926.98
1356.1787	912.80	926.91
1356.6027	914.55	927.32
1357.0430	913.81	927.81
1357.3884	912.56	927.18
1357.8409	913.83	929.11
1358.3033	913.45	926.70
1358.7427	914.86	927.42
1359.1787	916.26	928.08
1359.6053	915.20	926.70
1360.0601	916.18	928.13
1360.4167	912.81	926.73
1360.8376	914.99	927.79
1361.2257	914.64	928.17
1361.6099	915.43	928.37
1362.0409	914.43	927.64
1362.3827	913.59	927.45
1362.7734	912.15	927.84
1363.1657	912.56	927.49
1363.6022	915.30	928.35
1364.0481	912.36	927.80
1364.4089	914.84	927.46
1364.8296	913.11	926.99
1365.2340	914.30	928.01
1365.6673	912.29	928.02
1366.0525	910.99	927.80
1366.3916	913.15	927.12
1366.7632	912.88	927.58
1367.1559	915.26	927.64
1367.5537	914.36	927.88
1367.9098	914.78	928.31
1368.3673	914.41	926.94
1368.7854	914.15	928.78
1369.1788	912.96	928.04
1369.6327	914.30	928.73
1370.0631	913.45	929.57
1370.4204	914.12	929.09
1370.8367	917.44	929.38
1371.2255	916.67	927.84
1371.6887	915.95	928.58
1372.1113	915.11	927.36
1372.5495	915.36	928.84
1372.8654	915.20	928.46
1373.3506	917.30	929.79
1373.8295	917.08	929.61
1374.2335	914.91	929.44
1374.6629	915.88	929.03
1375.0785	915.50	929.78
1375.4386	914.09	928.65
1375.8482	915.41	927.71
1376.2411	913.83	928.24
1376.6847	915.84	928.67
1377.1279	916.52	928.24
1377.5441	915.84	929.24
1377.9093	914.56	928.18
1378.3424	912.81	928.24
1378.8043	914.64	928.00
1379.2617	914.39	928.70
1379.6921	916.42	928.34
1380.1197	915.40	928.60
1380.5551	916.11	929.34
1380.8943	915.25	927.83
1381.2960	916.95	928.30
1381.7330	911.78	928.79
1382.1209	913.07	928.92
1382.5562	913.73	929.74
1382.9170	913.42	929.42
1383.3692	915.80	928.94
1383.7929	915.92	930.47
1384.2565	913.20	928.83
1384.6703	916.21	929.32
1385.1146	919.86	930.40
1385.5625	916.91	930.43
1385.9054	913.17	930.11
1386.3271	915.27	928.99
1386.7371	913.03	930.11
1387.1943	917.33	930.29
1387.6139	917.21	930.36
1388.0665	918.51	929.99
1388.4306	916.22	928.88
1388.8811	915.95	930.45
1389.3108	919.04	930.55
1389.7371	915.37	928.95
1390.1866	917.57	930.86
1390.6139	916.66	931.24
1391.0674	917.47	931.87
1391.3917	917.10	931.16
1391.7939	918.78	932.06
1392.2375	920.10	932.17
1392.6668	918.54	931.37
1393.0644	918.93	932.05
1393.4037	917.15	930.96
1393.8763	915.68	931.03
1394.3290	917.71	931.44
1394.7302	915.95	930.21
1395.1495	916.87	931.37
1395.5594	917.80	931.46
1395.9082	917.47	930.27
1396.3377	918.15	931.18
1396.7518	916.29	931.13
1397.1580	918.02	931.01
1397.5975	918.56	931.90
1397.9418	916.84	932.05
1398.4039	920.30	932.19
1398.8639	917.25	931.31
1399.2896	919.85	930.66
1399.7232	915.98	930.22
1400.1549	915.53	930.87
1400.4858	915.74	930.31
1400.8983	916.64	930.07
1401.2905	914.31	929.81
1401.7088	916.64	930.92
1402.1123	916.17	930.02
1402.4724	916.75	929.57
1402.9102	916.73	930.10
1403.3611	920.06	931.25
1403.7690	916.09	930.58
1404.1859	917.07	930.13
1404.6063	917.37	930.76
1404.8949	917.52	930.16
1405.2530	916.61	929.34
1405.6614	916.10	931.02
1405.9974	916.87	930.48
1406.4276	914.82	929.71
1406.8368	916.10	930.63
1407.2410	914.70	929.67
1407.6587	915.51	930.34
1408.0070	918.83	931.20
1408.4370	916.19	929.75
1408.8501	914.42	930.01
1409.2670	914.44	929.16
1409.7273	918.12	930.58
1410.1567	918.53	930.69
1410.5072	918.95	931.35
1410.9677	919.84	931.34
1411.4225	916.89	930.50
1411.8402	918.73	930.43
1412.2710	918.93	930.61
1412.6999	919.22	930.59
1413.1530	915.81	930.37
1413.5127	916.32	930.34
1413.9747	917.75	931.38
1414.3918	917.89	930.70
1414.7937	920.26	930.69
1415.2253	916.52	930.07
1415.7023	918.11	931.84
1416.0560	919.45	930.80
1416.5031	917.44	930.46
1416.9633	917.33	930.48
1417.3552	918.34	931.07
1417.8060	918.62	931.10
1418.2340	918.26	931.76
1418.6726	918.64	931.41
1419.0217	916.18	930.38
1419.4630	919.34	931.80
1419.9186	916.99	930.68
1420.3291	915.45	931.01
1420.7907	916.49	930.17
1421.1895	917.99	931.43
1421.5266	918.63	931.54
1422.0006	919.13	931.50
1422.4491	921.09	932.29
1422.8592	921.89	932.86
1423.3064	918.84	932.64
1423.7492	921.29	933.52
1424.2041	920.01	933.77
1424.6801	918.61	933.20
1425.0023	921.26	933.54
1425.4080	921.07	932.45
1425.8850	918.70	931.33
1426.3065	919.06	931.36
1426.7396	918.68	932.25
1427.1999	919.98	932.57
1427.5461	920.22	931.68
1428.0057	920.63	932.76
1428.4654	919.17	932.18
1428.9153	919.28	931.64
1429.3601	918.31	931.67
1429.7914	917.34	931.22
1430.2073	920.19	931.96
1430.6766	918.48	932.00
1431.0198	921.24	932.66
1431.4413	920.17	931.27
1431.8498	919.93	932.10
1432.2685	918.43	932.64
1432.7406	919.47	932.10
1433.0769	920.01	933.02
1433.5032	917.98	933.52
1433.9412	919.72	932.59
1434.3708	919.97	931.75
1434.7927	919.79	932.17
1435.1847	920.50	933.36
1435.5339	918.30	932.15
1436.0071	920.05	932.41
1436.4362	921.60	931.96
1436.8787	921.34	932.66
1437.3308	920.28	934.04
1437.7429	920.32	933.30
1438.1912	919.97	934.35
1438.5400	921.07	933.25
1438.9771	921.41	933.98
1439.3986	920.94	932.62
1439.8066	918.90	933.07
1440.2173	919.66	932.31
1440.5530	919.12	933.40
1440.9829	920.84	933.38
1441.4428	921.17	933.69
1441.8616	919.99	933.83
1442.3120	920.91	933.46
1442.7373	918.99	933.30
1443.1872	920.99	933.75
1443.5461	919.84	934.02
1443.9768	922.12	934.27
1444.4199	923.84	935.34
1444.8738	920.87	934.02
1445.3149	920.86	934.11
1445.7477	923.64	934.86
1446.2027	920.64	935.29
1446.6798	919.88	934.03
1446.9755	920.78	933.88
1447.4216	920.01	932.66
1447.8441	921.08	932.95
1448.2659	922.37	933.85
1448.7394	921.07	935.03
1449.0784	919.57	933.09
1449.5202	925.24	934.65
1449.9733	922.40	934.59
1450.4015	921.49	933.53
1450.8037	921.40	934.21
1451.2547	920.95	934.81
1451.7114	923.35	934.32
1452.0471	921.55	934.44
1452.5075	921.17	933.65
1452.9468	923.63	933.81
1453.3625	919.36	932.78
1453.7849	920.60	934.71
1454.2186	920.89	934.57
1454.5746	919.94	933.32
1454.9911	922.04	934.52
1455.4388	923.98	934.74
1455.9206	921.41	934.22
1456.3517	919.43	934.55
1456.8108	922.70	936.23
1457.2321	920.96	935.17
1457.5791	919.46	933.89
1458.0136	922.44	934.64
1458.4383	922.72	935.03
1458.8553	920.97	935.29
1459.2514	920.16	933.90
1459.5976	919.67	934.16
1460.0468	920.99	935.37
1460.4539	920.55	934.00
1460.9060	920.96	934.31
1461.3331	922.40	934.08
1461.7797	920.78	934.31
1462.1224	922.67	934.83
1462.5336	920.31	934.01
1462.9596	921.16	934.45
1463.3630	921.76	934.91
1463.8224	922.19	935.22
1464.1657	922.19	934.46
1464.6197	921.73	935.24
1465.0571	922.66	934.82
1465.4901	922.31	935.34
1465.9242	922.92	935.04
1466.3269	920.29	935.00
1466.6763	920.06	933.94
1467.1035	920.77	932.75
1467.5118	921.86	935.00
1467.9321	920.15	934.68
1468.3326	922.64	934.50
1468.6779	923.53	933.79
1469.0929	923.03	934.62
1469.5375	921.77	934.99
1469.9656	919.19	934.29
1470.3655	921.34	935.01
1470.7036	918.06	933.46
1471.1614	919.70	934.51
1471.5592	920.67	934.08
1471.9508	919.82	934.84
1472.2435	919.88	934.51
1472.6730	921.85	935.33
1473.1299	922.78	936.27
1473.5697	922.02	935.14
1474.0196	921.48	934.97
1474.4116	920.93	935.78
1474.7565	920.81	935.37
1475.2286	920.58	934.78
1475.6616	921.69	935.10
1476.0937	922.14	935.41
1476.5321	921.19	934.37
1476.9580	923.24	935.48
1477.4274	925.08	936.76
1477.7799	922.46	935.93
1478.2261	922.62	935.29
1478.6335	920.83	935.09
1479.0569	920.98	935.37
1479.4862	918.81	935.08
1479.9519	921.79	935.46
1480.2975	922.39	935.56
1480.7161	923.28	936.22
1481.1738	924.25	937.05
1481.6434	924.25	936.67
1482.0613	922.90	936.76
1482.5129	921.40	937.11
1482.9612	922.76	936.13
1483.2951	924.63	936.17
1483.7409	921.70	936.61
1484.1994	920.62	935.67
1484.6272	923.06	935.53
1485.0460	922.59	935.87
1485.4660	924.02	937.16
1485.8266	922.88	937.14
1486.2811	921.98	936.34
1486.6803	923.08	936.32
1487.0904	921.46	935.96
1487.4878	922.72	936.72
1487.7767	924.23	936.40
1488.1673	921.81	936.05
1488.5468	921.42	935.96
1488.8361	923.44	936.37
1489.1994	921.78	935.20
1489.5749	922.07	935.17
1489.8632	921.93	935.48
1490.2632	923.07	934.92
1490.6658	920.56	935.21
1491.0698	922.55	935.87
1491.3606	923.43	935.70
1491.7391	921.75	935.43
1492.1420	921.43	934.99
1492.5535	922.92	935.62
1492.8635	922.91	936.87
1493.2524	920.61	935.41
1493.6739	923.33	935.65
1494.0599	920.40	936.07
1494.3538	924.05	936.14
1494.7565	921.34	935.49
1495.1530	922.31	935.36
1495.4424	921.59	934.93
1495.8091	923.17	935.80
1496.1998	922.44	935.89
1496.5732	921.04	935.87
1496.8617	922.17	936.09
1497.2454	922.11	935.51
1497.6191	921.17	934.97
1497.9193	921.60	936.39
1498.2961	921.51	935.60
1498.6800	923.05	936.35
1499.0686	923.30	935.69
1499.3580	922.06	935.42
1499.7625	923.11	934.86
1500.1656	922.49	936.24
1500.5737	924.35	936.18
1500.8629	922.66	935.19
1501.2509	922.08	935.73
1501.6383	922.28	935.78
1501.9250	923.08	936.17
1502.2773	921.12	934.85
1502.6439	922.55	935.64
1503.0589	922.67	936.68
1503.3677	922.84	934.66
1503.7521	920.78	935.52
1504.2017	925.23	936.95
1504.6220	922.46	936.20
1504.9630	924.27	936.71
1505.3549	920.59	934.74
1505.7593	921.38	935.61
1506.1467	922.06	936.12
1506.4803	920.87	935.83
1506.8887	923.89	936.35
1507.3074	923.47	935.73
1507.7079	922.36	935.97
1508.1485	923.35	936.00
1508.4938	922.65	936.52
1508.9278	923.79	935.20
1509.3135	923.88	936.70
1509.7289	923.37	936.70
1510.1156	923.68	936.80
1510.4706	921.81	935.29
1510.8715	922.01	937.14
1511.2677	923.32	936.79
1511.6995	925.26	937.79
1512.1399	925.87	938.50
1512.4596	924.07	936.47
1512.8244	920.55	936.17
1513.1707	923.59	935.93
1513.4603	923.57	935.66
1513.8224	921.76	934.88
1514.1860	920.96	935.76
1514.4759	923.19	935.84
1514.8438	923.13	936.84
1515.2010	924.59	936.45
1515.4927	923.08	935.44
1515.8479	923.57	935.81
1516.2001	925.36	936.25
1516.4889	924.69	936.32
1516.8832	924.19	935.80
1517.2484	922.83	936.13
1517.5480	925.53	937.12
1517.8999	924.64	936.06
1518.2473	923.05	936.65
1518.5362	923.65	936.60
1518.9034	925.64	936.83
1519.2487	923.38	935.81
1519.5380	924.07	936.56
1519.9011	925.08	936.35
1520.2494	923.11	936.10
1520.5386	922.99	936.29
1520.9024	925.02	936.11
1521.2488	927.48	936.64
1521.5406	924.37	937.27
1521.9021	922.51	936.67
1522.2489	924.25	937.74
1522.5377	923.18	936.37
1522.9030	924.39	937.35
1523.2506	925.45	936.71
1523.5372	923.78	937.04
1523.8987	923.37	937.87
1524.2496	925.03	937.09
1524.5408	925.94	937.11
1524.9117	925.45	937.12
1525.2533	923.58	937.06
1525.5444	923.94	937.34
1525.9123	924.64	937.71
1526.2524	925.00	937.38
1526.5408	924.39	936.37
1526.9045	925.43	936.18
1527.2543	923.08	936.40
1527.5439	923.57	935.75
1527.9067	923.27	936.72
1528.2518	927.23	937.09
1528.5416	924.65	936.19
1528.9059	923.91	936.12
1529.2509	922.52	936.42
1529.5391	921.64	936.01
1529.9032	923.44	936.27
1530.2521	922.18	937.18
1530.5414	923.74	936.60
1530.9046	923.50	937.54
1531.2514	925.43	937.06
1531.5409	923.34	935.85
1531.9043	923.19	936.68
1532.2518	923.98	937.73
1532.5411	924.43	937.15
1532.9045	923.91	937.53
1533.2522	924.15	936.52
1533.5419	922.93	937.61
1533.9044	923.96	937.51
1534.2498	924.45	936.93
1534.5377	925.89	936.90
1534.9023	922.13	936.59
1535.2504	925.73	937.36
1535.6909	922.06	938.51
1536.0363	925.10	939.07
1536.4935	928.63	940.88
1536.8996	923.86	938.36
1537.2950	924.51	938.60
1537.6997	926.48	938.84
1538.0417	924.83	938.47
1538.4818	926.07	937.93
1538.8919	923.49	937.98
1539.2825	926.13	938.21
1539.6917	926.52	938.02
1540.0582	925.94	938.48
1540.5091	927.20	939.57
1540.9258	927.28	939.23
1541.3801	923.63	938.64
1541.8032	927.71	939.34
1542.2474	925.68	938.86
1542.7001	926.02	939.23
1543.0369	923.48	938.33
1543.4657	925.48	938.87
1543.8648	924.54	938.69
1544.2836	925.27	938.96
1544.7424	926.79	939.22
1545.1730	926.46	939.06
1545.5043	927.14	938.53
1545.9432	927.93	939.79
1546.3513	926.59	938.62
1546.7584	927.27	939.20
1547.1855	927.38	938.69
1547.5263	927.49	938.11
1547.9412	926.89	938.64
1548.3461	926.03	938.42
1548.7451	924.48	939.13
1549.1578	925.60	939.81
1549.5153	926.64	938.35
1549.9453	928.51	939.79
1550.3366	927.53	938.92
1550.7360	928.97	940.27
1551.1665	928.82	938.94
1551.5102	926.60	938.74
1551.9361	926.73	938.59
1552.3414	927.74	939.58
1552.7279	925.49	938.48
1553.0475	925.69	939.23
1553.4668	926.30	938.13
1553.8692	925.82	939.24
1554.2756	926.28	938.90
1554.7216	925.21	938.77
1555.0660	927.06	938.93
1555.5058	926.33	939.27
1555.8974	924.53	938.92
1556.2813	927.59	939.30
1556.6200	925.26	939.05
1557.0209	924.42	938.70
1557.4173	925.61	939.64
1557.8078	925.87	938.68
1558.2455	926.26	940.42
1558.5904	928.12	940.35
1558.9837	924.74	938.53
1559.3763	927.20	940.18
1559.7657	927.13	939.59
1560.1128	927.74	940.26
1560.5078	927.76	940.21
1560.9285	924.00	939.62
1561.3524	928.01	939.73
1561.6841	927.52	940.14
1562.1099	925.61	939.51
1562.4836	926.76	939.31
1562.9118	927.12	940.11
1563.3171	925.95	940.36
1563.6655	926.80	939.56
1564.0532	927.76	939.16
1564.4480	927.91	940.16
1564.8517	927.50	940.64
1565.2008	928.87	940.57
1565.6398	929.39	941.01
1566.0889	928.47	940.03
1566.4686	927.16	939.68
1566.8562	927.98	940.68
1567.1972	930.33	941.20
1567.5844	928.88	940.90
1567.9867	928.44	940.94
1568.3928	927.48	941.68
1568.7298	928.91	941.91
1569.1778	927.51	940.93
1569.6220	929.76	941.19
1570.0623	928.63	941.62
1570.4819	925.63	940.82
1570.8789	929.85	941.26
1571.2447	927.07	941.61
1571.6690	926.75	941.17
1572.0697	927.05	941.62
1572.4689	927.80	941.71
1572.7997	930.38	943.22
1573.2282	927.40	942.50
1573.6433	929.16	942.10
1574.0288	927.55	940.83
1574.4182	927.31	940.82
1574.7596	928.68	941.44
1575.1720	929.14	940.72
1575.5967	928.30	940.54
1575.9897	927.67	941.45
1576.4405	929.27	941.87
1576.7929	930.32	940.84
1577.2450	927.00	940.99
1577.6714	929.33	942.30
1578.1018	927.73	941.88
1578.5592	930.20	942.83
1578.9979	926.59	941.79
1579.4219	929.81	942.01
1579.7637	930.27	941.85
1580.2177	928.16	941.52
1580.6486	929.47	942.38
1581.0268	928.62	941.36
1581.4356	928.60	941.38
1581.7873	930.64	942.76
1582.2327	930.64	942.65
1582.6706	930.48	941.77
1583.0971	929.32	942.24
1583.5684	930.72	943.34
1583.9889	928.14	942.69
1584.4415	931.44	943.66
1584.7841	929.51	942.59
1585.2130	929.73	942.25
1585.6270	928.04	942.14
1586.0542	928.71	941.47
1586.4796	929.56	941.65
1586.8137	929.95	941.93
1587.2420	931.24	942.04
1587.6418	928.42	942.25
1588.0281	930.57	942.38
1588.4302	929.87	942.33
1588.7933	930.28	942.59
1589.2170	932.54	943.35
1589.6728	927.38	942.18
1590.0780	931.77	942.55
1590.5226	928.19	942.63
1590.9804	932.31	943.07
1591.3401	931.61	942.18
1591.7722	932.28	943.52
1592.2300	928.97	942.74
1592.6554	930.16	942.78
1593.0852	931.15	942.62
1593.5257	928.23	942.92
1593.8623	932.32	944.09
1594.2857	931.58	942.50
1594.7238	928.87	942.05
1595.1468	929.07	941.86
1595.5728	931.05	943.61
1595.9803	929.10	943.17
1596.3456	931.46	942.85
1596.7827	931.01	943.22
1597.2427	930.20	942.19
1597.6385	926.90	942.01
1598.0951	928.76	942.87
1598.5365	929.33	943.55
1598.9657	931.23	944.33
1599.3263	931.11	943.96
1599.7722	930.30	942.66
1600.2007	928.49	943.76
1600.6106	928.29	944.01
1601.0289	928.86	944.58
1601.3690	930.46	943.28
1601.7674	927.94	944.03
1602.2070	931.39	942.73
1602.6493	928.77	942.91
1603.0519	928.66	942.37
1603.4645	933.61	943.65
1603.8044	930.19	942.79
1604.2262	931.41	942.70
1604.6799	930.49	943.72
1605.1068	929.43	943.42
1605.5017	929.53	942.37
1605.8389	929.64	942.11
1606.2862	933.93	943.28
1606.7221	932.25	943.64
1607.1075	931.55	943.70
1607.4432	931.20	943.62
1607.8343	931.20	943.81
1608.2237	929.32	943.24
1608.6126	931.71	944.06
1608.9487	932.27	943.02
1609.4099	933.13	945.31
1609.8120	930.84	943.80
1610.2336	932.01	944.94
1610.6539	928.74	944.60
1610.9836	929.87	942.77
1611.3933	931.85	944.77
1611.8233	931.91	944.88
1612.2984	929.70	945.00
1612.7024	929.81	944.16
1613.1095	931.75	944.49
1613.4738	931.12	943.64
1613.9010	931.38	944.52
1614.3310	928.61	943.55
1614.7704	931.98	944.62
1615.2110	932.03	944.31
1615.6621	931.63	945.81
1615.9949	930.47	943.85
1616.4531	933.13	946.44
1616.8767	933.37	945.01
1617.3556	932.17	944.54
1617.7725	932.33	944.73
1618.2083	931.20	944.56
1618.5492	932.56	943.39
1618.9700	932.59	944.98
1619.4081	932.15	945.98
1619.8438	933.08	945.49
1620.2250	931.73	945.46
1620.6867	931.23	946.06
1621.0246	934.62	945.56
1621.4841	933.86	945.28
1621.8940	934.53	946.34
1622.2916	933.40	946.19
1622.7425	933.79	944.90
1623.0721	932.75	945.21
1623.4954	932.83	945.36
1623.9248	932.52	944.11
1624.3224	932.95	944.94
1624.7881	932.93	945.75
1625.2111	931.69	944.20
1625.5625	932.02	945.87
1625.9961	933.81	944.91
1626.3961	933.28	945.69
1626.8405	932.41	946.73
1627.2753	933.18	945.96
1627.7216	930.84	946.83
1628.0604	933.38	945.57
1628.4630	935.52	946.20
1628.9227	932.54	946.50
1629.3480	933.50	946.91
1629.7814	933.18	946.72
1630.2252	934.93	948.03
1630.5907	935.52	947.33
1631.0203	931.98	947.41
1631.4810	935.53	947.20
1631.8963	938.00	947.99
1632.2922	931.79	946.61
1632.7760	931.47	947.29
1633.1220	933.67	947.14
1633.5428	933.75	946.45
1633.9338	933.01	946.28
1634.3221	932.06	946.08
1634.6630	932.44	944.91
1635.0947	932.00	946.03
1635.5418	932.79	945.72
1635.9944	930.64	945.14
1636.4163	931.88	944.72
1636.8515	931.27	945.16
1637.2970	931.23	944.96
1637.6436	932.53	945.71
1638.0681	931.77	946.92
1638.4854	929.65	946.80
1638.9289	931.59	946.42
1639.3491	933.25	946.15
1639.6943	932.73	946.65
1640.1337	933.52	945.55
1640.5434	932.27	946.38
1640.9607	930.42	945.82
1641.3614	932.16	946.62
1641.7072	934.38	945.22
1642.1055	936.97	946.87
1642.5579	934.75	947.10
1643.0076	932.02	945.92
1643.4450	932.90	946.13
1643.7853	933.87	946.33
1644.1965	932.78	946.20
1644.5894	935.61	946.86
1644.9879	933.44	946.31
1645.4323	933.35	946.03
1645.7928	934.26	946.80
1646.2417	932.89	947.01
1646.6691	933.27	946.25
1647.1147	929.61	946.23
1647.5548	933.81	947.23
1647.9836	933.35	947.15
1648.4499	937.11	946.79
1648.8186	932.88	946.18
1649.2505	934.91	947.43
1649.6733	932.13	947.35
1650.0682	933.11	948.29
1650.4735	934.24	948.42
1650.8550	932.63	948.39
1651.3054	934.81	947.43
1651.7235	934.99	948.51
1652.1508	934.43	947.77
1652.6252	933.83	947.37
1653.0786	933.99	947.71
1653.5257	934.98	947.32
1653.9864	935.07	948.26
1654.3410	934.30	947.54
1654.7720	934.13	948.10
1655.2046	934.37	948.11
1655.5965	934.17	947.12
1656.0328	935.56	947.83
1656.4707	934.50	947.37
1656.8353	931.95	946.64
1657.2714	933.15	946.82
1657.7395	933.28	946.75
1658.1509	931.56	946.66
1658.6186	933.37	947.54
1659.0526	934.14	947.46
1659.4657	933.20	947.27
1659.8367	934.03	947.60
1660.2785	933.47	947.33
1660.7022	935.63	947.12
1661.1546	933.26	946.79
1661.5822	936.24	947.19
1662.0004	936.19	947.99
1662.3557	932.69	947.30
1662.8008	931.65	947.44
1663.1800	933.03	946.57
1663.5534	935.45	948.22
1663.8427	934.53	948.18
1664.2114	933.66	946.78
1664.5688	934.21	946.47
1664.8563	931.70	947.64
1665.2078	932.68	946.45
1665.5652	931.75	946.99
1665.8526	931.05	947.30
1666.2122	933.49	947.31
1666.5690	932.05	947.59
1666.8568	931.92	947.20
1667.2200	932.17	946.71
1667.5877	932.06	946.95
1667.9218	933.66	947.33
1668.3589	933.68	947.23
1668.7987	936.18	948.66
1669.2247	933.17	947.53
1669.6184	933.34	947.15
1670.0448	933.88	948.03
1670.3892	933.61	948.78
1670.8430	932.42	947.70
1671.3037	937.01	949.40
1671.7339	935.17	948.24
1672.1834	936.42	949.45
1672.6218	934.38	948.85
1672.9517	934.30	948.32
1673.3601	934.39	948.94
1673.8003	934.11	948.50
1674.2149	934.68	948.32
1674.6206	935.35	947.85
1674.9698	934.49	948.87
1675.4246	935.43	948.94
1675.8579	932.99	948.68
1676.2528	934.29	948.51
1676.7060	936.70	949.67
1677.1638	933.35	949.05
1677.5200	935.91	947.55
1677.9593	935.11	949.39
1678.4177	934.62	948.16
1678.8526	936.84	949.92
1679.2997	935.93	950.42
1679.7535	937.01	950.20
1680.1853	936.92	951.66
1680.5290	939.05	949.28
1680.9237	938.80	950.28
1681.3640	936.79	950.48
1681.7682	937.89	952.33
1682.2330	937.67	950.96
1682.5859	936.61	950.90
1683.0495	936.01	950.23
1683.4517	934.69	948.86
1683.9045	935.46	950.30
1684.3406	936.06	950.14
1684.7620	936.03	950.05
1685.2347	937.11	951.75
1685.7445	938.24	951.67
1686.0886	937.98	951.71
1686.5146	938.50	952.99
1686.9625	937.41	950.94
1687.3617	935.16	951.03
1687.7873	936.97	951.85
1688.1052	938.58	951.84
1688.5186	936.59	952.12
1688.9651	936.63	951.40
1689.3749	937.80	951.26
1689.8381	939.08	951.49
1690.2499	939.35	952.36
1690.5966	938.31	951.94
1691.0400	938.68	950.99
1691.4681	937.16	950.69
1691.9041	937.85	952.00
1692.2980	937.50	951.48
1692.7383	937.17	951.17
1693.0783	938.01	951.35
1693.5054	937.70	950.71
1693.9001	935.52	950.61
1694.3137	935.67	950.19
1694.7870	937.67	951.43
1695.1117	939.29	952.27
1695.5674	938.16	950.05
1696.0145	939.90	951.88
1696.4339	937.77	950.99
1696.8808	938.36	950.62
1697.2814	936.18	952.09
1697.6348	935.04	950.75
1698.0614	936.82	950.54
1698.5060	936.42	950.58
1698.9140	937.32	951.24
1699.3050	940.09	951.71
1699.6271	936.20	950.99
1700.0088	936.76	950.59
1700.4373	937.94	951.71
1700.8653	936.85	950.26
1701.3075	937.48	953.16
1701.6466	936.73	950.73
1702.0486	939.12	949.75
1702.4818	938.07	951.54
1702.9356	936.95	951.92
1703.3571	939.35	951.67
1703.8019	937.91	954.06
1704.1384	939.20	953.26
1704.5815	942.20	952.96
1704.9817	939.17	951.47
1705.4282	936.68	952.99
1705.8800	939.42	953.19
1706.3037	937.09	952.48
1706.6493	940.34	953.33
1707.1073	938.15	952.90
1707.5636	939.06	953.83
1708.0140	938.09	952.04
1708.4306	937.21	952.52
1708.8938	939.32	953.01
1709.3420	938.34	953.92
1709.7045	939.93	953.55
1710.1733	940.90	952.90
1710.6203	938.87	953.52
1711.0767	938.02	953.57
1711.5157	939.83	953.12
1711.9705	940.10	953.09
1712.4412	940.41	954.00
1712.7998	938.61	953.77
1713.2204	939.66	953.82
1713.6635	940.07	953.34
1714.1287	939.08	953.66
1714.5762	939.21	953.85
1714.9901	938.95	953.75
1715.4364	939.57	953.22
1715.7883	942.28	954.79
1716.2475	938.68	953.42
1716.7135	940.43	953.43
1717.1067	941.69	952.83
1717.4957	939.96	953.89
1717.9564	938.78	954.25
1718.2999	940.77	953.65
1718.7416	938.37	953.53
1719.1854	941.64	955.20
1719.6205	941.24	954.61
1720.0670	940.51	954.66
1720.5075	941.02	953.50
1720.9463	940.23	955.67
1721.2876	942.55	955.33
1721.7224	944.05	954.60
1722.1799	944.25	956.79
1722.6191	942.34	955.69
1723.0718	941.19	956.77
1723.5064	940.56	955.23
1723.9376	941.69	955.65
1724.2892	942.93	956.35
1724.7603	942.11	955.72
1725.1648	941.87	955.77
1725.6429	937.63	954.28
1726.0666	940.05	954.42
1726.5210	941.26	954.40
1727.0067	941.17	954.31
1727.4284	941.27	954.88
1727.7799	939.86	955.48
1728.2126	942.31	954.53
1728.6343	940.34	954.51
1729.0868	941.26	954.73
1729.5270	939.45	955.51
1729.9454	940.58	955.48
1730.3010	939.52	955.61
1730.7574	940.66	953.99
1731.1494	940.65	954.38
1731.6147	942.45	956.24
1732.0374	940.82	954.23
1732.4979	942.37	955.32
1732.8540	940.84	955.05
1733.2744	939.67	955.53
1733.7229	941.26	954.73
1734.1673	939.29	954.21
1734.6158	941.35	955.55
1735.0441	939.43	954.87
1735.3808	940.41	954.99
1735.8338	941.62	955.57
1736.2453	940.50	956.00
1736.6976	941.00	955.16
1737.1276	939.76	955.45
1737.5294	941.50	955.57
1737.8760	940.69	955.74
1738.3225	941.52	956.12
1738.7804	940.57	956.16
1739.2235	941.87	956.12
1739.6210	943.26	956.33
1740.0637	941.53	957.22
1740.4161	942.79	955.86
1740.8594	941.76	957.29
1741.3229	944.96	956.17
1741.7316	942.91	957.04
1742.1655	943.01	956.51
1742.6347	942.17	957.29
1743.0728	942.37	956.99
1743.4226	941.93	956.55
1743.8929	942.66	956.18
1744.3004	942.62	956.31
1744.7321	941.94	957.05
1745.1471	941.40	956.64
1745.5968	943.74	958.63
1745.9579	943.99	956.40
1746.3846	943.72	957.50
1746.7952	943.03	957.53
1747.2249	943.78	956.76
1747.6940	942.12	957.72
1748.1258	943.14	957.39
1748.4682	943.58	956.14
1748.9344	943.91	958.07
1749.3694	942.87	957.31
1749.8242	944.49	958.37
1750.2794	943.78	957.68
1750.7226	943.38	957.68
1751.1504	945.10	959.05
1751.4972	944.46	956.65
1751.9723	942.77	957.11
1752.3929	943.84	957.03
1752.8420	943.87	958.36
1753.2741	944.54	956.93
1753.7222	942.76	958.80
1754.1588	943.39	958.40
1754.5056	943.58	958.26
1754.9154	943.67	957.21
1755.3460	942.46	957.88
1755.8005	945.01	957.14
1756.2384	942.36	958.19
1756.6824	943.90	957.80
1757.0298	945.42	958.42
1757.4853	943.85	957.16
1757.9386	942.26	957.27
1758.3513	942.42	958.06
1758.8060	942.83	958.36
1759.2582	942.91	956.29
1759.6902	941.64	957.35
1760.0354	943.40	957.05
1760.4806	944.26	958.29
1760.9248	944.00	958.71
1761.3862	944.35	958.22
1761.7909	944.19	958.34
1762.2526	943.91	958.83
1762.6810	942.14	958.40
1763.0176	945.57	958.66
1763.4781	942.47	958.74
1763.9405	941.31	957.41
1764.3573	942.15	957.85
1764.8153	945.69	958.50
1765.2399	942.16	956.52
1765.7054	941.99	959.11
1766.0487	945.10	959.35
1766.4749	945.26	959.12
1766.9593	945.45	958.95
1767.3588	946.97	958.91
1767.7984	945.87	959.23
1768.2561	943.57	959.55
1768.6934	945.01	958.41
1769.0425	945.39	958.72
1769.4800	943.91	959.61
1769.9062	943.71	958.59
1770.3706	942.82	959.21
1770.7987	942.92	958.39
1771.2642	944.46	960.09
1771.6852	945.56	958.97
1772.0277	944.96	960.44
1772.4905	946.01	959.59
1772.9303	945.06	960.94
1773.3672	944.77	959.14
1773.8242	942.71	959.70
1774.2464	944.69	960.25
1774.6921	943.82	959.70
1775.0382	946.47	960.83
1775.4893	946.57	959.65
1775.9247	946.05	959.91
1776.3629	944.22	959.76
1776.8004	947.13	961.49
1777.2538	944.99	959.13
1777.6845	944.99	960.19
1778.0262	945.08	960.51
1778.4938	945.84	959.73
1778.9605	945.52	959.65
1779.4109	945.22	959.96
1779.8786	945.97	960.05
1780.3046	943.40	959.49
1780.7522	946.46	959.67
1781.2046	945.24	960.19
1781.5441	944.63	958.86
1782.0070	946.69	961.19
1782.4590	945.82	959.42
1782.9148	944.41	960.34
1783.3415	945.38	961.24
1783.7878	947.05	960.80
1784.2513	945.58	961.10
1784.5948	948.49	961.03
1785.0263	945.54	960.62
1785.4646	948.18	960.16
1785.8994	944.75	960.81
1786.2971	945.70	959.90
1786.7396	944.24	961.00
1787.0866	946.52	961.57
1787.5470	945.44	959.23
1787.9868	947.49	960.61
1788.4153	945.44	959.79
1788.8859	946.89	960.97
1789.3005	946.43	960.71
1789.7722	946.53	961.47
1790.1227	948.36	960.88
1790.5566	947.47	961.04
1790.9529	947.49	960.88
1791.4137	946.01	960.60
1791.8407	946.10	960.51
1792.2858	944.55	960.99
1792.6359	946.90	960.80
1793.0892	946.98	962.23
1793.5216	947.67	960.26
1793.9866	946.10	961.57
1794.4148	944.95	960.66
1794.8502	946.29	961.33
1795.3199	947.98	962.25
1795.6614	947.60	962.30
1796.1050	948.03	962.60
1796.5532	948.56	963.30
1796.9911	948.04	963.36
1797.4470	946.99	962.47
1797.8707	948.46	963.44
1798.3443	947.17	962.97
1798.6834	947.20	962.65
1799.1330	945.14	961.62
1799.5639	947.72	961.67
1800.0000	947.84	961.89
1800.4516	947.69	961.88
1800.8785	947.30	962.52
1801.3213	948.27	963.45
1801.6622	944.83	961.87
1802.0885	949.19	962.73
1802.5433	949.99	962.83
1802.9938	947.49	963.45
1803.4043	947.94	962.69
1803.7914	948.12	963.36
1804.1529	947.59	962.62
1804.5810	947.52	962.31
1804.9932	947.07	962.89
1805.4099	950.38	963.06
1805.8530	949.69	963.74
1806.2980	948.95	963.07
1806.6410	946.95	961.46
1807.0670	947.63	962.37
1807.4655	949.63	963.13
1807.8709	948.32	962.88
1808.2972	948.26	963.23
1808.6508	948.91	962.64
1809.0446	948.15	963.93
1809.4971	948.29	963.70
1809.8734	948.66	963.32
1810.2138	948.88	962.20
1810.6309	949.72	963.42
1811.0731	948.67	962.58
1811.4891	948.88	962.98
1811.9149	948.92	963.20
1812.3356	950.06	964.18
1812.6916	952.58	964.36
1813.1332	952.33	964.18
1813.5126	950.31	964.62
1813.9007	949.80	965.22
1814.3393	950.39	964.46
1814.6875	950.10	965.65
1815.1111	951.31	964.57
1815.5436	952.59	964.88
1815.9866	954.27	966.24
1816.3872	950.89	965.04
1816.7371	952.32	965.09
1817.1395	949.05	964.47
1817.5360	948.04	963.80
1817.9382	948.79	964.21
1818.2975	948.50	963.66
1818.7121	949.22	962.75
1819.1341	949.51	962.66
1819.5391	948.04	963.22
1819.9669	948.30	963.64
1820.3056	949.97	963.80
1820.7204	949.71	963.67
1821.1657	950.81	965.37
1821.5798	952.22	965.63
1821.9871	950.29	965.67
1822.3381	950.92	965.00
1822.7622	949.44	964.44
1823.1834	951.93	965.91
1823.5791	950.88	964.82
1824.0230	953.01	965.75
1824.4761	948.27	965.42
1824.8199	951.74	965.82
1825.2441	951.11	965.34
1825.6244	947.23	964.16
1826.0294	951.85	964.99
1826.4556	951.46	965.15
1826.7910	950.57	965.61
1827.1888	950.14	965.16
1827.5709	950.65	965.16
1827.9574	950.22	966.04
1828.3408	950.48	965.04
1828.7732	951.03	964.53
1829.2179	950.10	964.55
1829.6561	950.76	966.56
1830.1029	950.22	965.60
1830.5196	950.72	966.03
1830.8541	948.73	965.58
1831.2582	951.94	965.70
1831.6410	953.12	965.70
1832.0411	949.43	964.96
1832.4873	949.50	965.88
1832.8327	950.81	966.94
1833.2453	949.39	966.00
1833.6649	952.08	965.74
1834.0628	950.05	964.93
1834.5084	951.31	964.87
1834.8518	948.36	965.23
1835.2533	951.69	965.23
1835.6874	949.90	966.10
1836.1407	952.34	966.07
1836.5657	951.01	965.34
1837.0109	954.21	966.79
1837.3627	952.44	966.76
1837.8158	954.03	967.62
1838.2794	954.82	967.12
1838.6982	951.44	965.67
1839.1321	954.17	966.89
1839.5690	950.83	965.52
1839.9059	950.49	964.57
1840.3314	952.23	966.09
1840.7635	950.23	965.59
1841.1426	951.11	965.96
1841.5666	951.81	966.47
1841.9068	949.52	965.06
1842.3617	953.76	965.74
1842.7675	952.51	965.86
1843.2087	950.74	965.55
1843.5948	950.44	965.14
1843.9331	950.94	966.36
1844.3654	951.53	965.35
1844.7622	950.99	965.15
1845.1807	952.01	965.79
1845.5991	954.22	966.10
1846.0425	952.29	967.56
1846.3439	954.24	967.69
1846.7644	951.27	965.44
1847.1863	951.02	966.32
1847.6004	952.68	966.43
1847.9371	951.66	965.50
1848.3596	953.00	966.38
1848.7691	951.13	965.98
1849.1766	952.31	966.67
1849.6117	953.92	965.92
1850.0381	952.74	967.75
1850.4003	955.09	966.49
1850.8210	951.82	965.82
1851.2140	952.69	966.21
1851.6483	952.62	966.67
1852.0961	953.84	967.62
1852.5405	956.19	968.00
1852.8812	952.28	966.77
1853.2788	950.12	966.90
1853.6324	954.29	967.20
1853.9221	953.84	965.35
1854.2895	953.93	967.36
1854.7375	952.98	968.84
1855.1655	952.39	966.66
1855.6002	953.52	967.63
1855.9365	953.68	968.32
1856.3569	953.64	968.12
1856.7822	951.63	966.99
1857.1737	952.55	966.87
1857.6161	953.57	966.96
1858.0476	953.07	967.94
1858.4218	953.13	968.27
1858.8315	952.51	968.31
1859.2199	954.93	969.05
1859.6821	955.51	968.87
1860.1255	956.78	968.56
1860.5498	952.78	966.83
1860.8945	954.28	968.03
1861.3063	954.47	968.31
1861.7246	954.51	968.29
1862.1270	952.99	968.02
1862.5571	952.80	968.41
1862.9040	954.25	968.44
1863.3299	953.25	967.12
1863.7072	953.40	967.55
1864.1115	952.54	966.93
1864.4835	952.39	967.58
1864.8898	952.59	969.00
1865.2752	951.49	968.41
1865.7257	951.79	967.33
1866.1573	955.93	968.97
1866.6222	953.01	967.38
1866.9680	954.53	967.74
1867.3722	955.35	968.36
1867.8249	954.05	968.25
1868.2475	957.17	968.54
1868.6349	952.65	968.35
1868.9768	956.62	970.45
1869.3794	954.13	969.15
1869.8307	954.33	967.83
1870.2595	955.77	968.59
1870.6684	955.29	969.04
1871.0224	954.44	969.54
1871.4731	956.43	969.66
1871.9012	953.46	969.79
1872.2958	955.54	970.87
1872.7223	954.32	968.91
1873.0619	954.07	968.69
1873.5072	953.34	969.43
1873.9257	955.84	969.07
1874.3712	956.25	970.09
1874.7885	955.05	968.18
1875.1840	954.36	968.40
1875.5381	954.36	969.66
1875.9733	957.43	970.24
1876.4049	956.72	969.18
1876.8553	954.79	968.93
1877.2995	954.22	969.19
1877.7408	955.27	970.29
1878.1684	956.86	970.10
1878.5134	956.74	969.24
1878.9170	956.83	969.01
1879.3554	955.87	968.36
1879.7855	956.30	969.29
1880.1866	955.54	968.50
1880.5446	956.21	968.99
1880.9659	958.55	969.15
1881.4077	958.57	969.25
1881.8463	955.05	969.24
1882.2938	955.92	969.48
1882.7314	956.23	970.71
1883.1812	955.63	969.91
1883.5495	956.00	969.96
1883.9863	957.47	969.11
1884.4119	955.35	971.15
1884.8072	956.02	971.21
1885.2548	958.31	971.05
1885.6958	957.14	970.74
1886.0433	957.04	970.49
1886.4462	957.14	970.25
1886.8224	957.84	971.03
1887.1218	957.50	971.35
1887.4783	956.45	969.34
1887.8468	957.35	969.33
1888.1486	956.30	970.25
1888.5073	958.49	969.32
1888.9085	957.00	970.34
1889.3127	958.17	970.35
1889.6090	959.48	970.59
1890.0252	958.58	970.74
1890.4312	958.09	969.10
1890.8366	956.33	969.71
1891.1731	961.36	971.37
1891.5760	959.01	972.41
1891.9562	958.49	971.75
1892.3545	958.97	970.93
1892.6831	958.13	970.49
1893.0762	957.45	971.08
1893.4716	956.56	969.86
1893.8685	956.96	968.39
1894.2956	955.15	969.88
1894.6172	957.95	969.07
1895.0614	954.66	968.84
1895.4549	959.42	968.52
1895.8540	956.82	968.30
1896.1846	955.96	969.22
1896.5691	955.71	969.31
1896.9823	958.04	968.38
1897.4036	956.51	969.68
1897.8264	957.67	969.43
1898.1644	956.88	969.71
1898.5939	956.79	969.80
1898.9995	957.29	971.33
1899.4265	959.28	970.75
1899.8286	958.11	970.74
1900.1703	957.20	970.82
1900.5927	958.58	970.22
1900.9837	957.38	970.59
1901.4084	955.49	970.07
1901.8144	956.82	970.62
1902.1205	957.87	970.39
1902.5031	958.11	971.00
1902.9297	956.84	970.81
1903.3533	959.62	970.85
1903.6908	958.42	969.18
1904.0508	959.90	971.46
1904.4660	957.26	970.76
1904.8795	959.22	971.31
1905.2961	956.89	969.14
1905.5863	955.41	969.91
1905.9407	958.06	970.21
1906.3692	956.02	970.27
1906.6619	959.72	970.63
1907.1213	959.35	972.30
1907.5296	958.61	970.94
1907.9244	959.73	971.66
1908.3573	958.15	971.46
1908.6926	957.59	971.53
1909.0655	958.03	970.70
1909.4647	958.17	970.74
1909.8875	960.64	971.61
1910.3533	962.09	972.13
1910.6957	961.03	973.01
1911.1519	959.95	972.19
1911.5714	960.15	972.04
1911.9540	960.18	971.61
1912.3461	960.50	971.92
1912.6923	959.86	972.90
1913.1124	961.10	971.87
1913.5138	960.96	972.43
1913.9322	957.76	972.00
1914.3517	959.02	972.74
1914.6950	956.55	969.64
1915.0993	958.70	970.22
1915.4755	960.46	971.60
1915.7652	958.90	972.40
1916.1791	959.14	972.04
1916.5830	960.47	972.84
1917.0215	960.64	972.33
1917.4390	959.79	970.87
1917.7675	960.69	972.45
1918.2099	960.38	971.48
1918.5940	958.53	972.22
1918.9792	957.70	972.27
1919.3139	959.88	969.03
1919.7075	959.65	972.07
1920.1204	958.30	971.60
1920.5770	960.10	973.45
1921.0021	960.10	973.01
1921.4656	963.45	974.06
1921.7964	960.39	973.03
1922.2605	960.46	971.49
1922.6835	960.91	972.20
1923.1247	959.72	973.92
1923.5627	957.94	971.19
1923.9569	961.77	972.51
1924.3006	961.97	973.46
1924.6870	959.86	971.75
1925.1186	959.74	972.51
1925.5339	959.04	972.89
1925.8665	960.20	971.25
1926.3058	963.06	974.70
1926.7760	959.14	972.76
1927.2391	961.04	974.36
1927.6806	959.93	973.26
1928.0768	959.17	972.17
1928.5203	960.46	972.57
1928.8533	960.15	973.74
1929.2821	961.35	972.83
1929.7319	962.37	974.18
1930.1743	959.09	973.78
1930.6174	962.16	974.35
1931.0387	961.21	973.02
1931.3998	960.11	974.31
1931.8178	963.44	974.59
1932.2597	963.47	973.53
1932.7259	962.80	974.17
1933.1858	962.61	975.56
1933.6226	962.30	975.48
1934.0140	963.14	974.24
1934.3635	961.48	974.09
1934.8037	964.09	974.87
1935.2424	965.70	973.28
1935.6893	960.17	973.59
1936.0751	964.16	974.33
1936.4022	960.01	972.59
1936.8101	962.53	973.35
1937.2201	961.37	973.89
1937.6549	956.92	970.49
1938.0676	962.11	970.14
1938.4235	959.90	974.20
1938.8318	961.56	974.39
1939.2469	961.94	972.50
1939.6435	961.87	973.08
1939.9734	961.63	973.95
1940.3982	963.47	973.78
1940.8468	963.99	974.26
1941.3089	960.91	972.71
