sep= 
Time [s]	R2_m9 [ng/cm^2]	C1_m [ng/cm^2]
0.0000	Failed	Failed
1.2562	Failed	Failed
2.4979	Failed	Failed
3.7545	Failed	Failed
5.0005	Failed	Failed
6.2645	Failed	Failed
7.5209	Failed	Failed
8.7772	Failed	Failed
10.0377	Failed	Failed
11.3003	Failed	Failed
12.5607	Failed	Failed
13.8209	Failed	Failed
15.0742	Failed	Failed
16.3308	Failed	Failed
17.5912	Failed	Failed
18.8573	Failed	Failed
20.1168	Failed	Failed
21.3704	Failed	Failed
22.6314	Failed	Failed
23.8804	Failed	Failed
25.1316	Failed	Failed
26.3874	Failed	Failed
27.6394	Failed	Failed
28.8954	Failed	Failed
30.1447	Failed	Failed
31.3922	Failed	Failed
32.6373	Failed	Failed
33.8798	Failed	Failed
35.1327	Failed	Failed
36.3792	Failed	Failed
37.6186	Failed	Failed
38.8733	Failed	Failed
40.1215	Failed	Failed
41.3483	Failed	Failed
42.6079	Failed	Failed
43.8497	Failed	Failed
45.1006	Failed	Failed
46.3514	Failed	Failed
47.6004	Failed	Failed
48.8476	Failed	Failed
50.0967	Failed	Failed
51.3470	Failed	Failed
52.5894	Failed	Failed
53.8390	Failed	Failed
55.0895	Failed	Failed
56.2992	Failed	Failed
57.6135	Failed	Failed
58.8678	Failed	Failed
60.1292	Failed	Failed
61.3814	Failed	Failed
62.6275	Failed	Failed
63.8761	Failed	Failed
65.1245	Failed	Failed
66.3556	Failed	Failed
67.5987	Failed	Failed
68.8419	Failed	Failed
70.0835	Failed	Failed
71.3336	Failed	Failed
72.5858	Failed	Failed
73.8325	Failed	Failed
75.0785	Failed	Failed
76.3223	Failed	Failed
77.5749	Failed	Failed
78.8158	Failed	Failed
80.0630	Failed	Failed
81.3129	Failed	Failed
82.5642	Failed	Failed
83.8251	Failed	Failed
85.0758	Failed	Failed
86.3152	Failed	Failed
87.5681	Failed	Failed
88.8183	Failed	Failed
90.0760	Failed	Failed
91.3217	Failed	Failed
92.5471	Failed	Failed
93.7935	Failed	Failed
95.0277	Failed	Failed
96.2736	Failed	Failed
97.5159	Failed	Failed
98.7619	Failed	Failed
100.0159	Failed	Failed
101.2413	Failed	Failed
102.4944	Failed	Failed
103.7449	Failed	Failed
104.9987	Failed	Failed
106.2443	Failed	Failed
107.5018	Failed	Failed
108.7467	Failed	Failed
109.9920	Failed	Failed
111.2352	Failed	Failed
112.4838	Failed	Failed
113.7356	Failed	Failed
114.9844	Failed	Failed
116.2371	Failed	Failed
117.4859	Failed	Failed
118.7423	Failed	Failed
120.0048	Failed	Failed
121.2587	Failed	Failed
122.5113	Failed	Failed
123.7571	Failed	Failed
124.9971	Failed	Failed
126.2510	Failed	Failed
127.4964	Failed	Failed
128.7465	Failed	Failed
130.0024	Failed	Failed
131.2639	Failed	Failed
132.5065	Failed	Failed
133.7599	Failed	Failed
135.0119	Failed	Failed
136.2722	Failed	Failed
137.5285	Failed	Failed
138.7859	Failed	Failed
140.0337	Failed	Failed
141.2903	Failed	Failed
142.5462	Failed	Failed
143.8059	Failed	Failed
145.0554	Failed	Failed
146.3079	Failed	Failed
147.5401	Failed	Failed
148.7984	Failed	Failed
150.0449	Failed	Failed
151.2981	Failed	Failed
152.5531	Failed	Failed
153.7991	Failed	Failed
155.0513	Failed	Failed
156.2992	Failed	Failed
157.5394	Failed	Failed
158.7917	Failed	Failed
160.0500	Failed	Failed
161.2733	Failed	Failed
162.5368	Failed	Failed
163.7826	Failed	Failed
165.0409	Failed	Failed
166.2840	Failed	Failed
167.5327	Failed	Failed
168.7807	Failed	Failed
170.0245	Failed	Failed
171.2716	Failed	Failed
172.5173	Failed	Failed
173.7650	Failed	Failed
175.0239	Failed	Failed
176.2684	Failed	Failed
177.5201	Failed	Failed
178.7721	Failed	Failed
180.0219	Failed	Failed
181.2727	Failed	Failed
182.5222	Failed	Failed
183.7629	Failed	Failed
185.0136	Failed	Failed
186.2548	Failed	Failed
187.5114	Failed	Failed
188.7523	Failed	Failed
189.9930	Failed	Failed
191.2450	Failed	Failed
192.4976	Failed	Failed
193.7532	Failed	Failed
194.9947	Failed	Failed
196.2468	Failed	Failed
197.5007	Failed	Failed
198.7468	Failed	Failed
199.9910	Failed	Failed
201.2482	Failed	Failed
202.4945	Failed	Failed
203.7458	Failed	Failed
204.9916	Failed	Failed
206.2421	Failed	Failed
207.4917	Failed	Failed
208.7422	Failed	Failed
209.9873	Failed	Failed
211.2448	Failed	Failed
212.4946	Failed	Failed
213.7409	Failed	Failed
214.9777	Failed	Failed
216.2298	Failed	Failed
217.4839	Failed	Failed
218.7262	Failed	Failed
219.9643	Failed	Failed
221.1889	Failed	Failed
222.4221	Failed	Failed
223.6690	0.00	0.00
224.9075	0.00	0.00
226.1458	0.00	0.00
227.3904	0.00	0.00
228.6301	0.00	0.00
229.8799	0.00	0.00
231.1199	0.00	0.00
233.6276	0.00	0.00
238.5167	0.00	0.00
239.6029	0.00	0.00
240.2883	0.00	0.00
243.8211	0.00	0.00
244.1667	0.00	0.00
244.5109	0.00	0.00
244.8553	0.00	0.00
245.1997	0.00	0.00
245.5633	0.00	0.00
245.8999	0.00	0.00
246.2566	0.00	0.00
246.6072	0.00	0.00
246.9709	0.00	0.00
247.3253	0.00	0.00
247.6750	0.00	0.00
248.0365	0.00	0.00
248.3895	0.00	0.00
248.7304	0.00	0.00
249.0807	0.00	0.00
249.4367	0.00	0.00
249.7863	0.00	0.00
250.1282	0.00	0.00
250.4943	0.00	0.00
250.8349	0.00	0.00
251.1792	0.00	0.00
251.4977	0.00	0.00
251.8268	0.00	0.00
252.1491	0.00	0.00
252.4809	0.00	0.00
252.7936	0.00	0.00
253.1111	0.00	0.00
253.4685	0.00	0.00
253.8079	0.00	0.00
254.1478	0.00	0.00
254.5063	0.00	0.00
254.8288	0.00	0.00
255.1661	0.00	0.00
255.5400	0.00	0.00
255.8931	0.00	0.00
256.2412	0.00	0.00
256.6074	0.00	0.00
256.9623	0.00	0.00
257.3120	0.00	0.00
257.6563	0.00	0.00
257.9869	0.00	0.00
258.2990	0.00	0.00
258.6428	0.00	0.00
258.9543	0.00	0.00
259.2661	0.00	0.00
259.6196	0.00	0.00
259.9706	0.00	0.00
260.3194	0.00	0.00
260.6697	0.00	0.00
260.9981	0.00	0.00
261.3396	0.00	0.00
261.6995	0.00	0.00
262.0571	0.00	0.00
262.4091	0.00	0.00
262.7529	0.00	0.00
263.1082	0.00	0.00
263.4470	0.00	0.00
263.8023	0.00	0.00
264.1620	0.00	0.00
264.5100	0.00	0.00
264.8586	0.00	0.00
265.2088	0.00	0.00
265.5648	0.00	0.00
265.9160	0.00	0.00
266.2553	0.00	0.00
266.6208	0.00	0.00
266.9531	0.00	0.00
267.3070	0.00	0.00
267.6636	0.00	0.00
268.0075	0.00	0.00
268.3604	0.00	0.00
268.7140	0.00	0.00
269.0584	0.00	0.00
269.4123	0.00	0.00
269.7509	0.00	0.00
270.1242	0.00	0.00
270.4692	0.00	0.00
270.8201	0.00	0.00
271.1646	0.00	0.00
271.5220	0.00	0.00
271.8639	0.00	0.00
272.2063	0.00	0.00
272.6732	0.00	0.00
273.0121	0.00	0.00
273.3556	0.00	0.00
273.7254	0.00	0.00
274.0892	0.00	0.00
274.4294	0.00	0.00
274.7764	0.00	0.00
275.1272	0.00	0.00
275.4826	0.00	0.00
275.8241	0.00	0.00
276.1862	0.00	0.00
276.5469	0.00	0.00
276.8912	0.00	0.00
277.2276	0.00	0.00
277.5943	0.00	0.00
277.9320	0.00	0.00
278.2817	0.00	0.00
278.6474	0.00	0.00
279.0997	0.00	0.00
279.4413	0.00	0.00
279.8058	0.00	0.00
280.1748	0.00	0.00
280.5290	0.00	0.00
280.8779	0.00	0.00
281.2218	0.00	0.00
281.5358	0.00	0.00
281.8808	0.00	0.00
282.2281	0.00	0.00
282.5847	0.00	0.00
282.9331	0.00	0.00
283.2812	0.00	0.00
283.6407	0.00	0.00
283.9740	0.00	0.00
284.3174	0.00	0.00
284.6788	0.00	0.00
285.0224	0.00	0.00
285.3580	0.00	0.00
285.7377	0.00	0.00
286.0801	0.00	0.00
286.4310	0.00	0.00
286.8098	0.00	0.00
287.1570	0.00	0.00
287.5021	0.00	0.00
287.8734	0.00	0.00
288.2361	0.00	0.00
288.5884	0.00	0.00
288.9489	0.00	0.00
289.2986	0.00	0.00
289.6597	0.00	0.00
289.9992	0.00	0.00
290.3521	0.00	0.00
290.7210	0.00	0.00
291.0595	0.00	0.00
291.3912	0.00	0.00
291.7646	0.00	0.00
292.1029	0.00	0.00
292.4504	0.00	0.00
292.8130	0.00	0.00
293.1644	0.00	0.00
293.5036	0.00	0.00
293.8531	0.00	0.00
294.2099	0.00	0.00
294.5610	0.00	0.00
294.9039	0.00	0.00
295.2639	0.00	0.00
295.6214	0.00	0.00
295.9654	0.00	0.00
296.3260	0.00	0.00
296.7106	0.00	0.00
297.0532	0.00	0.00
297.3999	0.00	0.00
297.7722	0.00	0.00
298.1258	0.00	0.00
298.4690	0.00	0.00
298.8363	0.00	0.00
299.1872	0.00	0.00
299.5490	0.00	0.00
299.8949	0.00	0.00
300.2514	0.00	0.00
300.6223	0.00	0.00
300.9601	0.00	0.00
301.3211	0.00	0.00
301.6846	0.00	0.00
301.9913	0.00	0.00
302.3493	0.00	0.00
302.7104	0.00	0.00
303.0515	0.00	0.00
303.4009	0.00	0.00
303.7609	0.00	0.00
304.1074	0.00	0.00
304.4435	0.00	0.00
304.8158	0.00	0.00
305.1618	0.00	0.00
305.4981	0.00	0.00
305.8591	0.00	0.00
306.2094	0.00	0.00
306.5684	0.00	0.00
306.9201	0.00	0.00
307.2790	0.00	0.00
307.6148	0.00	0.00
307.9721	0.00	0.00
308.3677	0.00	0.00
308.7108	0.00	0.00
309.0547	0.00	0.00
309.4172	0.00	0.00
309.7667	0.00	0.00
310.1189	0.00	0.00
310.4785	0.00	0.00
310.8536	0.00	0.00
311.2119	0.00	0.00
311.5462	0.00	0.00
311.9052	0.00	0.00
312.2629	0.00	0.00
312.6009	0.00	0.00
312.9421	0.00	0.00
313.3029	0.00	0.00
313.6416	0.00	0.00
313.9792	0.00	0.00
314.3377	0.00	0.00
314.6869	0.00	0.00
315.0311	0.00	0.00
315.3872	0.00	0.00
315.7158	0.00	0.00
316.0484	0.00	0.00
316.4016	0.00	0.00
316.7595	0.00	0.00
317.0941	0.00	0.00
317.4393	0.00	0.00
317.7840	0.00	0.00
318.1264	0.00	0.00
318.4695	0.00	0.00
318.8260	0.00	0.00
319.1596	0.00	0.00
319.5096	0.00	0.00
319.8547	0.00	0.00
320.1888	0.00	0.00
320.5251	0.00	0.00
320.8967	0.00	0.00
321.2488	0.00	0.00
321.5836	0.00	0.00
321.9251	0.00	0.00
322.2634	0.00	0.00
322.6164	0.00	0.00
322.9646	0.00	0.00
323.3350	0.00	0.00
323.6935	0.00	0.00
324.0231	0.00	0.00
324.3887	0.00	0.00
324.7296	0.00	0.00
325.0722	0.00	0.00
325.4356	0.00	0.00
325.7809	0.00	0.00
326.1199	0.00	0.00
326.4916	0.00	0.00
326.8581	0.00	0.00
327.1999	0.00	0.00
327.5434	0.00	0.00
327.9137	0.00	0.00
328.2622	0.00	0.00
328.6101	0.00	0.00
328.9801	0.00	0.00
329.3327	0.00	0.00
329.6883	0.00	0.00
330.0366	0.00	0.00
330.4031	0.00	0.00
330.7485	0.00	0.00
331.1015	0.00	0.00
331.4898	0.00	0.00
331.8526	0.00	0.00
332.1822	0.00	0.00
332.5618	0.00	0.00
332.9309	0.00	0.00
333.2730	0.00	0.00
333.6360	0.00	0.00
333.9679	0.00	0.00
334.2983	0.00	0.00
334.6409	0.00	0.00
335.0277	0.00	0.00
335.3966	0.00	0.00
335.7363	0.00	0.00
336.0874	0.00	0.00
336.4621	0.00	0.00
336.8151	0.00	0.00
337.2208	0.00	0.00
337.6018	0.00	0.00
337.9551	0.00	0.00
338.2930	0.00	0.00
338.6726	0.00	0.00
339.0244	0.00	0.00
339.3698	0.00	0.00
339.7319	0.00	0.00
340.1006	0.00	0.00
340.4479	0.00	0.00
340.7906	0.00	0.00
341.1505	0.00	0.00
341.4795	0.00	0.00
341.7826	0.00	0.00
342.1489	0.00	0.00
342.5146	0.00	0.00
342.8806	0.00	0.00
343.2332	0.00	0.00
343.5847	0.00	0.00
343.9396	0.00	0.00
344.2603	0.00	0.00
344.6239	0.00	0.00
344.9595	0.00	0.00
345.3028	0.00	0.00
345.6744	0.00	0.00
346.0220	0.00	0.00
346.3480	0.00	0.00
346.6968	0.00	0.00
347.0513	0.00	0.00
347.3834	0.00	0.00
347.7260	0.00	0.00
348.0877	0.00	0.00
348.4226	0.00	0.00
348.7628	0.00	0.00
349.1210	0.00	0.00
349.4491	0.00	0.00
349.7929	0.00	0.00
350.1391	0.00	0.00
350.4676	0.00	0.00
350.8130	0.00	0.00
351.1643	0.00	0.00
351.5032	0.00	0.00
351.8510	0.00	0.00
352.1957	0.00	0.00
352.5351	0.00	0.00
352.8734	0.00	0.00
353.2221	0.00	0.00
353.5620	0.00	0.00
353.9023	0.00	0.00
354.2447	0.00	0.00
354.5837	0.00	0.00
354.9487	0.00	0.00
355.3039	0.00	0.00
355.6601	0.00	0.00
355.9939	0.00	0.00
356.3227	0.00	0.00
356.6684	0.00	0.00
357.0122	0.00	0.00
357.3496	0.00	0.00
357.7242	0.00	0.00
358.0772	0.00	0.00
358.4034	0.00	0.00
358.7620	0.00	0.00
359.1223	0.00	0.00
359.4547	0.00	0.00
359.8046	0.00	0.00
360.1545	0.00	0.00
360.4818	0.00	0.00
360.8260	0.00	0.00
361.1990	0.00	0.00
361.5359	0.00	0.00
361.8725	0.00	0.00
362.2409	0.00	0.00
362.5776	0.00	0.00
362.9220	0.00	0.00
363.2903	0.00	0.00
363.6371	0.00	0.00
363.9901	0.00	0.00
364.3342	0.00	0.00
364.7137	0.00	0.00
365.0689	0.00	0.00
365.3929	0.00	0.00
365.7557	0.00	0.00
366.1009	0.00	0.00
366.4362	0.00	0.00
366.7889	0.00	0.00
367.1428	0.00	0.00
367.4795	0.00	0.00
367.8350	0.00	0.00
368.2050	0.00	0.00
368.5330	0.00	0.00
368.8708	0.00	0.00
369.2338	0.00	0.00
369.5678	0.00	0.00
369.9055	0.00	0.00
370.2674	0.00	0.00
370.5989	0.00	0.00
370.9322	0.00	0.00
371.2931	0.00	0.00
371.6384	0.00	0.00
371.9756	0.00	0.00
372.3291	0.00	0.00
372.6661	0.00	0.00
373.0217	0.00	0.00
373.3837	0.00	0.00
373.7243	0.00	0.00
374.0539	0.00	0.00
374.3914	0.00	0.00
374.7338	0.00	0.00
375.0733	0.00	0.00
375.4154	0.00	0.00
375.7617	0.00	0.00
376.1194	0.00	0.00
376.4585	0.00	0.00
376.8156	0.00	0.00
377.1566	0.00	0.00
377.4979	0.00	0.00
377.8546	0.00	0.00
378.1934	0.00	0.00
378.5242	0.00	0.00
378.8846	0.00	0.00
379.2389	0.00	0.00
379.5704	0.00	0.00
379.9408	0.00	0.00
380.2900	0.00	0.00
380.6204	0.00	0.00
380.9737	0.00	0.00
381.3192	0.00	0.00
381.6655	0.00	0.00
382.0258	0.00	0.00
382.3778	0.00	0.00
382.7274	0.00	0.00
383.0756	0.00	0.00
383.4275	0.00	0.00
383.7996	0.00	0.00
384.1559	0.00	0.00
384.5157	0.00	0.00
384.8613	0.00	0.00
385.2151	0.00	0.00
385.5637	0.00	0.00
385.9314	0.00	0.00
386.2742	0.00	0.00
386.6061	0.00	0.00
386.9791	0.00	0.00
387.3192	0.00	0.00
387.6545	0.00	0.00
388.0165	0.00	0.00
388.3568	0.00	0.00
388.6904	0.00	0.00
389.0495	0.00	0.00
389.4000	0.00	0.00
389.7426	0.00	0.00
390.0911	0.00	0.00
390.4456	0.00	0.00
390.7773	0.00	0.00
391.1321	0.00	0.00
391.4933	0.00	0.00
391.8361	0.00	0.00
392.1702	0.00	0.00
392.5290	0.00	0.00
392.8954	0.00	0.00
393.2537	0.00	0.00
393.6051	0.00	0.00
393.9698	0.00	0.00
394.3307	0.00	0.00
394.6662	0.00	0.00
395.0267	0.00	0.00
395.3681	0.00	0.00
395.7237	0.00	0.00
396.0969	0.00	0.00
396.4388	0.00	0.00
396.7655	0.00	0.00
397.1256	0.00	0.00
397.4824	0.00	0.00
397.8270	0.00	0.00
398.1703	0.00	0.00
398.5363	0.00	0.00
398.8654	0.00	0.00
399.2104	0.00	0.00
399.5716	0.00	0.00
399.9397	0.00	0.00
400.2760	0.00	0.00
400.6244	0.00	0.00
400.9795	0.00	0.00
401.3154	0.00	0.00
401.6650	0.00	0.00
401.9884	0.00	0.00
402.3309	0.00	0.00
402.6765	0.00	0.00
403.0235	0.00	0.00
403.3700	0.00	0.00
403.7378	0.00	0.00
404.0932	0.00	0.00
404.4269	0.00	0.00
404.7770	0.00	0.00
405.1261	0.00	0.00
405.4666	0.00	0.00
405.8090	0.00	0.00
406.1677	0.00	0.00
406.5216	0.00	0.00
406.8827	0.00	0.00
407.2235	0.00	0.00
407.6027	0.00	0.00
407.9558	0.00	0.00
408.3066	0.00	0.00
408.6640	0.00	0.00
409.0003	0.00	0.00
409.3320	0.00	0.00
409.6873	0.00	0.00
410.0709	0.00	0.00
410.4430	0.00	0.00
410.7801	0.00	0.00
411.1440	0.00	0.00
411.4886	0.00	0.00
411.8256	0.00	0.00
412.1817	0.00	0.00
412.5586	0.00	0.00
412.9019	0.00	0.00
413.2491	0.00	0.00
413.6218	0.00	0.00
413.9658	0.00	0.00
414.3237	0.00	0.00
414.6830	0.00	0.00
415.0385	0.00	0.00
415.4081	0.00	0.00
415.7544	0.00	0.00
416.1133	0.00	0.00
416.4613	0.00	0.00
416.8366	0.00	0.00
417.2024	0.00	0.00
417.5614	0.00	0.00
417.9084	0.00	0.00
418.2589	0.00	0.00
418.6200	0.00	0.00
419.0080	0.00	0.00
419.3605	0.00	0.00
419.7292	0.00	0.00
420.0872	0.00	0.00
420.4416	0.00	0.00
420.7854	0.00	0.00
421.1334	0.00	0.00
421.5018	0.00	0.00
421.8393	0.00	0.00
422.2129	0.00	0.00
422.5811	0.00	0.00
422.9165	0.00	0.00
423.2723	0.00	0.00
423.6392	0.00	0.00
423.9809	0.00	0.00
424.3221	0.00	0.00
424.7081	0.00	0.00
425.0537	0.00	0.00
425.3749	0.00	0.00
425.7429	0.00	0.00
426.0951	0.00	0.00
426.4289	0.00	0.00
426.8033	0.00	0.00
427.1775	0.00	0.00
427.5108	0.00	0.00
427.8971	0.00	0.00
428.2708	0.00	0.00
428.6053	0.00	0.00
428.9565	0.00	0.00
429.3239	0.00	0.00
429.7169	0.00	0.00
430.0772	0.00	0.00
430.4117	0.00	0.00
430.7968	0.00	0.00
431.1534	0.00	0.00
431.4977	0.00	0.00
431.8392	0.00	0.00
432.2090	0.00	0.00
432.5453	0.00	0.00
432.8994	0.00	0.00
433.2734	0.00	0.00
433.6196	0.00	0.00
433.9571	0.00	0.00
434.3096	0.00	0.00
434.6638	0.00	0.00
435.0057	0.00	0.00
435.3490	0.00	0.00
435.7152	0.00	0.00
436.0516	0.00	0.00
436.3880	0.00	0.00
436.7584	0.00	0.00
437.1314	0.00	0.00
437.4660	0.00	0.00
437.8213	0.00	0.00
438.1897	0.00	0.00
438.5474	0.00	0.00
438.9145	0.00	0.00
439.2892	0.00	0.00
439.6254	0.00	0.00
439.9791	0.00	0.00
440.3434	0.00	0.00
440.7338	0.00	0.00
441.0864	0.00	0.00
441.4326	0.00	0.00
441.8055	0.00	0.00
442.1747	0.00	0.00
442.5078	0.00	0.00
442.8709	0.00	0.00
443.2467	0.00	0.00
443.5858	0.00	0.00
443.9485	0.00	0.00
444.3138	0.00	0.00
444.6546	0.00	0.00
445.0279	0.00	0.00
445.3926	0.00	0.00
445.7523	0.00	0.00
446.0945	0.00	0.00
446.4586	0.00	0.00
446.8513	0.00	0.00
447.1945	0.00	0.00
447.5472	0.00	0.00
447.9091	0.00	0.00
448.2848	0.00	0.00
448.6224	0.00	0.00
449.0094	0.00	0.00
449.3821	0.00	0.00
449.7378	0.00	0.00
450.0800	0.00	0.00
450.4456	0.00	0.00
450.8425	0.00	0.00
451.1890	0.00	0.00
451.5295	0.00	0.00
451.8987	0.00	0.00
452.2374	0.00	0.00
452.5708	0.00	0.00
452.9378	0.00	0.00
453.3367	0.00	0.00
453.6698	0.00	0.00
454.0239	0.00	0.00
454.4078	0.00	0.00
454.7695	0.00	0.00
455.1516	0.00	0.00
455.5244	0.00	0.00
455.8734	0.00	0.00
456.2137	0.00	0.00
456.5422	0.00	0.00
456.9099	0.00	0.00
457.2769	0.00	0.00
457.6169	0.00	0.00
457.9546	0.00	0.00
458.3242	0.00	0.00
458.6618	0.00	0.00
459.0088	0.00	0.00
459.3714	0.00	0.00
459.7038	0.00	0.00
460.0402	0.00	0.00
460.4045	0.00	0.00
460.7578	0.00	0.00
461.0885	0.00	0.00
461.4547	0.00	0.00
461.8257	0.00	0.00
462.1255	0.00	0.00
462.4714	0.00	0.00
462.8640	0.00	0.00
463.2229	0.00	0.00
463.5930	0.00	0.00
463.9541	0.00	0.00
464.2981	0.00	0.00
464.6617	0.00	0.00
465.0304	0.00	0.00
465.4119	0.00	0.00
465.7561	0.00	0.00
466.0841	0.00	0.00
466.4671	0.00	0.00
466.8444	0.00	0.00
467.2081	0.00	0.00
467.5725	0.00	0.00
467.9343	0.00	0.00
468.3334	0.00	0.00
468.6713	0.00	0.00
469.0303	0.00	0.00
469.4042	0.00	0.00
469.7617	0.00	0.00
470.0953	0.00	0.00
470.4413	0.00	0.00
470.7976	0.00	0.00
471.1310	0.00	0.00
471.4745	0.00	0.00
471.8597	0.00	0.00
472.1868	0.00	0.00
472.5422	0.00	0.00
472.9121	0.00	0.00
473.2861	0.00	0.00
473.6232	0.00	0.00
473.9781	0.00	0.00
474.3381	0.00	0.00
474.6831	0.00	0.00
475.0288	0.00	0.00
475.3942	0.00	0.00
475.7317	0.00	0.00
476.0929	0.00	0.00
476.4513	0.00	0.00
476.7975	0.00	0.00
477.1394	0.00	0.00
477.5033	0.00	0.00
477.8896	0.00	0.00
478.2418	0.00	0.00
478.5747	0.00	0.00
478.9414	0.00	0.00
479.3337	0.00	0.00
479.6938	0.00	0.00
480.0633	0.00	0.00
480.4309	0.00	0.00
480.7629	0.00	0.00
481.1268	0.00	0.00
481.4834	0.00	0.00
481.8494	0.00	0.00
482.2091	0.00	0.00
482.5540	0.00	0.00
482.9224	0.00	0.00
483.2970	0.00	0.00
483.6575	0.00	0.00
484.0218	0.00	0.00
484.4246	0.00	0.00
484.7987	0.00	0.00
485.1890	0.00	0.00
485.5586	0.00	0.00
485.9391	0.00	0.00
486.2943	0.00	0.00
486.6396	0.00	0.00
487.0053	0.00	0.00
487.3971	0.00	0.00
487.7511	0.00	0.00
488.0986	0.00	0.00
488.4783	0.00	0.00
488.8162	0.00	0.00
489.1550	0.00	0.00
489.5230	0.00	0.00
489.9005	0.00	0.00
490.2843	0.00	0.00
490.6254	0.00	0.00
490.9917	0.00	0.00
491.3413	0.00	0.00
491.6712	0.00	0.00
492.0432	0.00	0.00
492.3936	0.00	0.00
492.7248	0.00	0.00
493.0801	0.00	0.00
493.4697	0.00	0.00
493.8598	0.00	0.00
494.2146	0.00	0.00
494.5758	0.00	0.00
494.9319	0.00	0.00
495.2910	0.00	0.00
495.6738	0.00	0.00
496.0480	0.00	0.00
496.3935	0.00	0.00
496.7345	0.00	0.00
497.1365	0.00	0.00
497.5137	0.00	0.00
497.8536	0.00	0.00
498.2062	0.00	0.00
498.5596	0.00	0.00
498.9285	0.00	0.00
499.3138	0.00	0.00
499.6519	0.00	0.00
500.0212	0.00	0.00
500.3849	0.00	0.00
500.7563	0.00	0.00
501.1186	0.00	0.00
501.5224	0.00	0.00
501.8995	0.00	0.00
502.2523	0.00	0.00
502.6015	0.00	0.00
502.9586	0.00	0.00
503.3117	0.00	0.00
503.6547	0.00	0.00
504.0180	0.00	0.00
504.3638	0.00	0.00
504.7179	0.00	0.00
505.0961	0.00	0.00
505.4381	0.00	0.00
505.7747	0.00	0.00
506.1354	0.00	0.00
506.4844	0.00	0.00
506.8337	0.00	0.00
507.1978	0.00	0.00
507.5720	0.00	0.00
507.9287	0.00	0.00
508.3235	0.00	0.00
508.6580	0.00	0.00
509.0276	0.00	0.00
509.3694	0.00	0.00
509.7100	0.00	0.00
510.1060	0.00	0.00
510.4856	0.00	0.00
510.8421	0.00	0.00
511.2170	0.00	0.00
511.5737	0.00	0.00
511.9472	0.00	0.00
512.3296	0.00	0.00
512.6969	0.00	0.00
513.0718	0.00	0.00
513.4280	0.00	0.00
513.7800	0.00	0.00
514.1500	0.00	0.00
514.5230	0.00	0.00
514.8575	0.00	0.00
515.2273	0.00	0.00
515.5794	0.00	0.00
515.9134	0.00	0.00
516.3039	0.00	0.00
516.6556	0.00	0.00
517.0395	0.00	0.00
517.4066	0.00	0.00
517.7383	0.00	0.00
518.1129	0.00	0.00
518.4728	0.00	0.00
518.8137	0.00	0.00
519.1680	0.00	0.00
519.5161	0.00	0.00
519.8509	0.00	0.00
520.2015	0.00	0.00
520.5640	0.00	0.00
520.9061	0.00	0.00
521.2884	0.00	0.00
521.6635	0.00	0.00
522.0400	0.00	0.00
522.3711	0.00	0.00
522.7092	0.00	0.00
523.0701	0.00	0.00
523.4034	0.00	0.00
523.7348	0.00	0.00
524.0994	0.00	0.00
524.4660	0.00	0.00
524.8100	0.00	0.00
525.1774	0.00	0.00
525.5218	0.00	0.00
525.8802	0.00	0.00
526.2385	0.00	0.00
526.6239	0.00	0.00
527.0198	0.00	0.00
527.3872	0.00	0.00
527.7378	0.00	0.00
528.1500	0.00	0.00
528.5248	0.00	0.00
528.8814	0.00	0.00
529.2536	0.00	0.00
529.6425	0.00	0.00
529.9781	0.00	0.00
530.3717	0.00	0.00
530.7119	0.00	0.00
531.0978	0.00	0.00
531.4813	0.00	0.00
531.8659	0.00	0.00
532.2165	0.00	0.00
532.5590	0.00	0.00
532.8721	0.00	0.00
533.2258	0.00	0.00
533.5644	0.00	0.00
533.9023	0.00	0.00
534.2810	0.00	0.00
534.6391	0.00	0.00
534.9593	0.00	0.00
535.3208	0.00	0.00
535.7119	0.00	0.00
536.0936	0.00	0.00
536.4695	0.00	0.00
536.8083	0.00	0.00
537.1500	0.00	0.00
537.5332	0.00	0.00
537.9230	0.00	0.00
538.2929	0.00	0.00
538.6597	0.00	0.00
539.0283	0.00	0.00
539.3916	0.00	0.00
539.7453	0.00	0.00
540.0757	0.00	0.00
540.4823	0.00	0.00
540.8346	0.00	0.00
541.2266	0.00	0.00
541.5871	0.00	0.00
541.9591	0.00	0.00
542.3209	0.00	0.00
542.7183	0.00	0.00
543.0842	0.00	0.00
543.4118	0.00	0.00
543.7794	0.00	0.00
544.1553	0.00	0.00
544.5007	0.00	0.00
544.8505	0.00	0.00
545.2635	0.00	0.00
545.6052	0.00	0.00
545.9457	0.00	0.00
546.3047	0.00	0.00
546.6386	0.00	0.00
546.9635	0.00	0.00
547.3196	0.00	0.00
547.6541	0.00	0.00
547.9999	0.00	0.00
548.3673	0.00	0.00
548.7268	0.00	0.00
549.0652	0.00	0.00
549.4158	0.00	0.00
549.7834	0.00	0.00
550.1634	0.00	0.00
550.5071	0.00	0.00
550.8687	0.00	0.00
551.2277	0.00	0.00
551.5648	0.00	0.00
551.9093	0.00	0.00
552.3035	0.00	0.00
552.6672	0.00	0.00
553.0804	0.00	0.00
553.4249	0.00	0.00
553.7929	0.00	0.00
554.1828	0.00	0.00
554.5050	0.00	0.00
554.8648	0.00	0.00
555.2545	0.00	0.00
555.6272	0.00	0.00
555.9663	0.00	0.00
556.3219	0.00	0.00
556.7210	0.00	0.00
557.0819	0.00	0.00
557.4341	0.00	0.00
557.7792	0.00	0.00
558.1466	0.00	0.00
558.4866	0.00	0.00
558.8360	0.00	0.00
559.2103	0.00	0.00
559.5888	0.00	0.00
559.9398	0.00	0.00
560.3372	0.00	0.00
560.7158	0.00	0.00
561.0996	0.00	0.00
561.4582	0.00	0.00
561.8471	0.00	0.00
562.2256	0.00	0.00
562.6000	0.00	0.00
562.9537	0.00	0.00
563.3269	0.00	0.00
563.7170	0.00	0.00
564.0907	0.00	0.00
564.4401	0.00	0.00
564.8172	0.00	0.00
565.1937	0.00	0.00
565.5270	0.00	0.00
565.8942	0.00	0.00
566.2620	0.00	0.00
566.6422	0.00	0.00
566.9809	0.00	0.00
567.3431	0.00	0.00
567.7006	0.00	0.00
568.0385	0.00	0.00
568.4040	0.00	0.00
568.7813	0.00	0.00
569.1318	0.00	0.00
569.4770	0.00	0.00
569.8739	0.00	0.00
570.2854	0.00	0.00
570.6410	0.00	0.00
570.9656	0.00	0.00
571.3069	0.00	0.00
571.7158	0.00	0.00
572.1062	0.00	0.00
572.4679	0.00	0.00
572.8444	0.00	0.00
573.2219	0.00	0.00
573.5557	0.00	0.00
573.9209	0.00	0.00
574.3335	0.00	0.00
574.7033	0.00	0.00
574.9946	0.00	0.00
575.3517	0.00	0.00
575.6965	0.00	0.00
576.0188	0.00	0.00
576.3634	0.00	0.00
576.7417	0.00	0.00
577.0972	0.00	0.00
577.4349	0.00	0.00
577.8223	0.00	0.00
578.1910	0.00	0.00
578.5512	0.00	0.00
578.9275	0.00	0.00
579.2780	0.00	0.00
579.6059	0.00	0.00
579.9667	0.00	0.00
580.3364	0.00	0.00
580.7194	0.00	0.00
581.0695	0.00	0.00
581.4613	0.00	0.00
581.8363	0.00	0.00
582.2395	0.00	0.00
582.5467	0.00	0.00
582.8952	0.00	0.00
583.2799	0.00	0.00
583.6536	0.00	0.00
584.0133	0.00	0.00
584.4097	0.00	0.00
584.7693	0.00	0.00
585.1557	0.00	0.00
585.5074	0.00	0.00
585.8909	0.00	0.00
586.3040	0.00	0.00
586.6798	0.00	0.00
587.0332	0.00	0.00
587.4020	0.00	0.00
587.7318	0.00	0.00
588.0780	0.00	0.00
588.4585	0.00	0.00
588.8498	0.00	0.00
589.2280	0.00	0.00
589.5756	0.00	0.00
589.9527	0.00	0.00
590.3305	0.00	0.00
590.6721	0.00	0.00
591.0232	0.00	0.00
591.4086	0.00	0.00
591.7878	0.00	0.00
592.1257	0.00	0.00
592.4908	0.00	0.00
592.8803	0.00	0.00
593.2754	0.00	0.00
593.6348	0.00	0.00
593.9936	0.00	0.00
594.3741	0.00	0.00
594.7614	0.00	0.00
595.1092	0.00	0.00
595.5168	0.00	0.00
595.8937	0.00	0.00
596.2973	0.00	0.00
596.6563	0.00	0.00
597.0515	0.00	0.00
597.4296	0.00	0.00
597.8175	0.00	0.00
598.1628	0.00	0.00
598.5641	0.00	0.00
598.8876	0.00	0.00
599.2798	0.00	0.00
599.6334	0.00	0.00
600.0080	0.00	0.00
600.3380	0.00	0.00
600.6892	0.00	0.00
601.0774	0.00	0.00
601.4650	0.00	0.00
601.8359	0.00	0.00
602.1519	0.00	0.00
602.5360	0.00	0.00
602.8907	0.00	0.00
603.2307	0.00	0.00
603.6023	0.00	0.00
603.9822	0.00	0.00
604.3278	0.00	0.00
604.6802	0.00	0.00
605.0642	0.00	0.00
605.4071	0.00	0.00
605.7941	0.00	0.00
606.1441	0.00	0.00
606.5402	0.00	0.00
606.8862	0.00	0.00
607.2192	0.00	0.00
607.5871	0.00	0.00
607.9608	0.00	0.00
608.3386	0.00	0.00
608.6923	0.00	0.00
609.0737	0.00	0.00
609.4543	0.00	0.00
609.8303	0.00	0.00
610.1800	0.00	0.00
610.5356	0.00	0.00
610.8912	0.00	0.00
611.2327	0.00	0.00
611.5967	0.00	0.00
611.9735	0.00	0.00
612.3566	0.00	0.00
612.7120	0.00	0.00
613.0807	0.00	0.00
613.4587	0.00	0.00
613.8448	0.00	0.00
614.2017	0.00	0.00
614.5988	0.00	0.00
614.9958	0.00	0.00
615.3669	0.00	0.00
615.7345	0.00	0.00
616.1088	0.00	0.00
616.4891	0.00	0.00
616.8837	0.00	0.00
617.2429	0.00	0.00
617.6472	0.00	0.00
618.0268	0.00	0.00
618.3917	0.00	0.00
618.7508	0.00	0.00
619.1349	0.00	0.00
619.4668	0.00	0.00
619.7724	0.00	0.00
620.0621	0.00	0.00
620.3697	0.00	0.00
620.7228	0.00	0.00
621.1050	0.00	0.00
621.4328	0.00	0.00
621.7939	0.00	0.00
622.1651	0.00	0.00
622.5578	0.00	0.00
622.9558	0.00	0.00
623.3045	0.00	0.00
623.7220	0.00	0.00
624.0856	0.00	0.00
624.4739	0.00	0.00
624.8264	0.00	0.00
625.2031	0.00	0.00
625.6008	0.00	0.00
625.9733	0.00	0.00
626.3301	0.00	0.00
626.7192	0.00	0.00
627.1009	0.00	0.00
627.4725	0.00	0.00
627.8336	0.00	0.00
628.1991	0.00	0.00
628.5708	0.00	0.00
628.9272	0.00	0.00
629.2961	0.00	0.00
629.6956	0.00	0.00
630.0749	0.00	0.00
630.4554	0.00	0.00
630.8157	0.00	0.00
631.2059	0.00	0.00
631.5832	0.00	0.00
631.9791	0.00	0.00
632.3263	0.00	0.00
632.7240	0.00	0.00
633.0788	0.00	0.00
633.4721	0.00	0.00
633.8496	0.00	0.00
634.1810	0.00	0.00
634.5978	0.00	0.00
634.9534	0.00	0.00
635.3080	0.00	0.00
635.6959	0.00	0.00
636.0654	0.00	0.00
636.3934	0.00	0.00
636.7601	0.00	0.00
637.1459	0.00	0.00
637.5405	0.00	0.00
637.9534	0.00	0.00
638.2987	0.00	0.00
638.6476	0.00	0.00
639.0562	0.00	0.00
639.4135	0.00	0.00
639.8262	0.00	0.00
640.1899	0.00	0.00
640.5373	0.00	0.00
640.8978	0.00	0.00
641.2988	0.00	0.00
641.6759	0.00	0.00
642.0502	0.00	0.00
642.4048	0.00	0.00
642.7005	0.00	0.00
643.0253	0.00	0.00
643.3916	0.00	0.00
643.7557	0.00	0.00
644.1476	0.00	0.00
644.5089	0.00	0.00
644.9028	0.00	0.00
645.3093	0.00	0.00
645.7088	0.00	0.00
646.0508	0.00	0.00
646.3967	0.00	0.00
646.7584	0.00	0.00
647.1342	0.00	0.00
647.5052	0.00	0.00
647.8940	0.00	0.00
648.2560	0.00	0.00
648.6436	0.00	0.00
648.9964	0.00	0.00
649.3856	0.00	0.00
649.7907	0.00	0.00
650.1860	0.00	0.00
650.5401	0.00	0.00
650.9226	0.00	0.00
651.2968	0.00	0.00
651.6775	0.00	0.00
652.0452	0.00	0.00
652.3943	0.00	0.00
652.7876	0.00	0.00
653.1608	0.00	0.00
653.5540	0.00	0.00
653.9596	0.00	0.00
654.3376	0.00	0.00
654.7170	0.00	0.00
655.0803	0.00	0.00
655.5052	0.00	0.00
655.8730	0.00	0.00
656.2434	0.00	0.00
656.6023	0.00	0.00
656.9755	0.00	0.00
657.3776	0.00	0.00
657.7667	0.00	0.00
658.1231	0.00	0.00
658.5225	0.00	0.00
658.8850	0.00	0.00
659.2773	0.00	0.00
659.7017	0.00	0.00
660.0589	0.00	0.00
660.4662	0.00	0.00
660.8295	0.00	0.00
661.2478	0.00	0.00
661.6087	0.00	0.00
661.9866	0.00	0.00
662.3606	0.00	0.00
662.7457	0.00	0.00
663.1212	0.00	0.00
663.4764	0.00	0.00
663.8317	0.00	0.00
664.1861	0.00	0.00
664.5626	0.00	0.00
664.9027	0.00	0.00
665.3026	0.00	0.00
665.6629	0.00	0.00
666.0319	0.00	0.00
666.4050	0.00	0.00
666.7853	0.00	0.00
667.1424	0.00	0.00
667.5392	0.00	0.00
667.9344	0.00	0.00
668.3069	0.00	0.00
668.6649	0.00	0.00
669.0215	0.00	0.00
669.4041	0.00	0.00
669.8023	0.00	0.00
670.1771	0.00	0.00
670.5588	0.00	0.00
670.9242	0.00	0.00
671.3128	0.00	0.00
671.6827	0.00	0.00
672.0601	0.00	0.00
672.4390	0.00	0.00
672.8354	0.00	0.00
673.2077	0.00	0.00
673.6115	0.00	0.00
674.0083	0.00	0.00
674.4202	0.00	0.00
674.7784	0.00	0.00
675.1371	0.00	0.00
675.5510	0.00	0.00
675.9030	0.00	0.00
676.2497	0.00	0.00
676.6499	0.00	0.00
677.0342	0.00	0.00
677.4072	0.00	0.00
677.7703	0.00	0.00
678.1227	0.00	0.00
678.5419	0.00	0.00
678.9111	0.00	0.00
679.2593	0.00	0.00
679.6468	0.00	0.00
680.0396	0.00	0.00
680.4106	0.00	0.00
680.8324	0.00	0.00
681.1891	0.00	0.00
681.5938	0.00	0.00
681.9800	0.00	0.00
682.3528	0.00	0.00
682.7327	0.00	0.00
683.0959	0.00	0.00
683.4778	0.00	0.00
683.8629	0.00	0.00
684.2305	0.00	0.00
684.6075	0.00	0.00
684.9555	0.00	0.00
685.3661	0.00	0.00
685.7488	0.00	0.00
686.1562	0.00	0.00
686.5073	0.00	0.00
686.9072	0.00	0.00
687.2503	0.00	0.00
687.6490	0.00	0.00
688.0132	0.00	0.00
688.4124	0.00	0.00
688.7800	0.00	0.00
689.1415	0.00	0.00
689.5274	0.00	0.00
689.9024	0.00	0.00
690.2496	0.00	0.00
690.6794	0.00	0.00
691.0270	0.00	0.00
691.4052	0.00	0.00
691.7773	0.00	0.00
692.1382	0.00	0.00
692.5534	0.00	0.00
692.9479	0.00	0.00
693.2799	0.00	0.00
693.6755	0.00	0.00
694.0706	0.00	0.00
694.4477	0.00	0.00
694.8057	0.00	0.00
695.1670	0.00	0.00
695.5459	0.00	0.00
695.9667	0.00	0.00
696.3165	0.00	0.00
696.7253	0.00	0.00
697.0942	0.00	0.00
697.4721	0.00	0.00
697.8250	0.00	0.00
698.2314	0.00	0.00
698.6029	0.00	0.00
698.9943	0.00	0.00
699.3445	0.00	0.00
699.7421	0.00	0.00
700.1134	0.00	0.00
700.4766	0.00	0.00
700.8469	0.00	0.00
701.2244	0.00	0.00
701.6154	0.00	0.00
701.9970	0.00	0.00
702.3443	0.00	0.00
702.7261	0.00	0.00
703.0657	0.00	0.00
703.4303	0.00	0.00
703.7986	0.00	0.00
704.1496	0.00	0.00
704.5587	0.00	0.00
704.9302	0.00	0.00
705.2738	0.00	0.00
705.6636	0.00	0.00
706.0471	0.00	0.00
706.4189	0.00	0.00
706.7960	0.00	0.00
707.1517	0.00	0.00
707.5385	0.00	0.00
707.9247	0.00	0.00
708.2800	0.00	0.00
708.6755	0.00	0.00
709.0492	0.00	0.00
709.4245	0.00	0.00
709.7754	0.00	0.00
710.1563	0.00	0.00
710.5366	0.00	0.00
710.9211	0.00	0.00
711.2702	0.00	0.00
711.6608	0.00	0.00
712.0676	0.00	0.00
712.4546	0.00	0.00
712.8358	0.00	0.00
713.1981	0.00	0.00
713.5820	0.00	0.00
713.9742	0.00	0.00
714.3262	0.00	0.00
714.7214	0.00	0.00
715.1092	0.00	0.00
715.4803	0.00	0.00
715.8371	0.00	0.00
716.2367	0.00	0.00
716.6236	0.00	0.00
716.9934	0.00	0.00
717.3472	0.00	0.00
717.7076	0.00	0.00
718.1058	0.00	0.00
718.5021	0.00	0.00
718.8650	0.00	0.00
719.2517	0.00	0.00
719.6376	0.00	0.00
720.0183	0.00	0.00
720.3682	0.00	0.00
720.7561	0.00	0.00
721.1537	0.00	0.00
721.5258	0.00	0.00
721.8911	0.00	0.00
722.2686	0.00	0.00
722.6442	0.00	0.00
723.0258	0.00	0.00
723.3877	0.00	0.00
723.7789	0.00	0.00
724.1477	0.00	0.00
724.5208	0.00	0.00
724.8845	0.00	0.00
725.2541	0.00	0.00
725.7301	0.00	0.00
726.1101	0.00	0.00
726.5398	0.00	0.00
726.9096	0.00	0.00
727.2743	0.00	0.00
727.6821	0.00	0.00
728.0407	0.00	0.00
728.3975	0.00	0.00
728.7873	0.00	0.00
729.1592	0.00	0.00
729.5490	0.00	0.00
729.9065	0.00	0.00
730.2774	0.00	0.00
730.6782	0.00	0.00
731.0669	0.00	0.00
731.4175	0.00	0.00
731.8306	0.00	0.00
732.2418	0.00	0.00
732.6146	0.00	0.00
733.0399	0.00	0.00
733.4098	0.00	0.00
733.8219	0.00	0.00
734.2312	0.00	0.00
734.5993	0.00	0.00
734.9577	0.00	0.00
735.3557	0.00	0.00
735.7215	0.00	0.00
736.1227	0.00	0.00
736.5514	0.00	0.00
736.9337	0.00	0.00
737.3506	0.00	0.00
737.7102	0.00	0.00
738.1291	0.00	0.00
738.4735	0.00	0.00
738.8854	0.00	0.00
739.2716	0.00	0.00
739.6680	0.00	0.00
740.0137	0.00	0.00
740.4042	0.00	0.00
740.7777	0.00	0.00
741.1444	0.00	0.00
741.5043	0.00	0.00
741.9086	0.00	0.00
742.2636	0.00	0.00
742.6743	0.00	0.00
743.0929	0.00	0.00
743.4509	0.00	0.00
743.8228	0.00	0.00
744.2278	0.00	0.00
744.6375	0.00	0.00
745.0139	0.00	0.00
745.4476	0.00	0.00
745.8031	0.00	0.00
746.2023	0.00	0.00
746.5722	0.00	0.00
746.9793	0.00	0.00
747.4140	0.00	0.00
747.8154	0.00	0.00
748.2118	0.00	0.00
748.5712	0.00	0.00
748.9649	0.00	0.00
749.3394	0.00	0.00
749.7146	0.00	0.00
750.0591	0.00	0.00
750.4625	0.00	0.00
750.8632	0.00	0.00
751.2731	0.00	0.00
751.6401	0.00	0.00
751.9940	0.00	0.00
752.3953	0.00	0.00
752.7884	0.00	0.00
753.2084	0.00	0.00
753.5762	0.00	0.00
753.9519	0.00	0.00
754.3599	0.00	0.00
754.7494	0.00	0.00
755.0971	0.00	0.00
755.4777	0.00	0.00
755.8510	0.00	0.00
756.2407	0.00	0.00
756.5870	0.00	0.00
756.9813	0.00	0.00
757.3592	0.00	0.00
757.7534	0.00	0.00
758.0861	0.00	0.00
758.4963	0.00	0.00
758.8510	0.00	0.00
759.2541	0.00	0.00
759.6035	0.00	0.00
759.9971	0.00	0.00
760.3558	0.00	0.00
760.7397	0.00	0.00
761.0843	0.00	0.00
761.4907	0.00	0.00
761.8766	0.00	0.00
762.2401	0.00	0.00
762.5963	0.00	0.00
762.9976	0.00	0.00
763.3803	0.00	0.00
763.7802	0.00	0.00
764.1294	0.00	0.00
764.5213	0.00	0.00
764.8997	0.00	0.00
765.2938	0.00	0.00
765.6442	0.00	0.00
766.0041	0.00	0.00
766.3866	0.00	0.00
766.7964	0.00	0.00
767.1726	0.00	0.00
767.5626	0.00	0.00
767.9621	0.00	0.00
768.3179	0.00	0.00
768.6668	0.00	0.00
769.0826	0.00	0.00
769.4374	0.00	0.00
769.8484	0.00	0.00
770.1953	0.00	0.00
770.5733	0.00	0.00
770.9462	0.00	0.00
771.3282	0.00	0.00
771.6685	0.00	0.00
772.0821	0.00	0.00
772.4482	0.00	0.00
772.8395	0.00	0.00
773.1909	0.00	0.00
773.5765	0.00	0.00
773.9701	0.00	0.00
774.3485	0.00	0.00
774.6920	0.00	0.00
775.1047	0.00	0.00
775.4640	0.00	0.00
775.8738	0.00	0.00
776.3012	0.00	0.00
776.6585	0.00	0.00
777.0400	0.00	0.00
777.4146	0.00	0.00
777.8093	0.00	0.00
778.1775	0.00	0.00
778.5574	0.00	0.00
778.9457	0.00	0.00
779.3612	0.00	0.00
779.7041	0.00	0.00
780.1074	0.00	0.00
780.4911	0.00	0.00
780.8672	0.00	0.00
781.2179	0.00	0.00
781.6349	0.00	0.00
782.0025	0.00	0.00
782.4029	0.00	0.00
782.7522	0.00	0.00
783.1435	0.00	0.00
783.5188	0.00	0.00
783.9219	0.00	0.00
784.2666	0.00	0.00
784.6757	0.00	0.00
785.0793	0.00	0.00
785.4674	0.00	0.00
785.8171	0.00	0.00
786.2143	0.00	0.00
786.5781	0.00	0.00
786.9739	0.00	0.00
787.3983	0.00	0.00
787.7503	0.00	0.00
788.1347	0.00	0.00
788.5157	0.00	0.00
788.9053	0.00	0.00
789.2606	0.00	0.00
789.6389	0.00	0.00
790.0118	0.00	0.00
790.3958	0.00	0.00
790.7579	0.00	0.00
791.1617	0.00	0.00
791.5924	0.00	0.00
791.9825	0.00	0.00
792.4339	0.00	0.00
792.7860	0.00	0.00
793.1852	0.00	0.00
793.5485	0.00	0.00
793.9522	0.00	0.00
794.3089	0.00	0.00
794.7022	0.00	0.00
795.1202	0.00	0.00
795.5120	0.00	0.00
795.9373	0.00	0.00
796.3038	0.00	0.00
796.6857	0.00	0.00
797.0763	0.00	0.00
797.4941	0.00	0.00
797.8450	0.00	0.00
798.2562	0.00	0.00
798.6258	0.00	0.00
799.0135	0.00	0.00
799.4551	0.00	0.00
799.8117	0.00	0.00
800.2072	0.00	0.00
800.5700	0.00	0.00
800.9782	0.00	0.00
801.3463	0.00	0.00
801.7246	0.00	0.00
802.1014	0.00	0.00
802.5021	0.00	0.00
802.8721	0.00	0.00
803.3081	0.00	0.00
803.7210	0.00	0.00
804.1324	0.00	0.00
804.5682	0.00	0.00
804.9731	0.00	0.00
805.3492	0.00	0.00
805.7088	0.00	0.00
806.1177	0.00	0.00
806.5283	0.00	0.00
806.8660	0.00	0.00
807.3070	0.00	0.00
807.7162	0.00	0.00
808.1122	0.00	0.00
808.4861	0.00	0.00
808.8464	0.00	0.00
809.2384	0.00	0.00
809.6430	0.00	0.00
810.0076	0.00	0.00
810.3783	0.00	0.00
810.7781	0.00	0.00
811.1646	0.00	0.00
811.5833	0.00	0.00
811.9312	0.00	0.00
812.3734	0.00	0.00
812.7364	0.00	0.00
813.1405	0.00	0.00
813.4929	0.00	0.00
813.8995	0.00	0.00
814.3240	0.00	0.00
814.6989	0.00	0.00
815.1235	0.00	0.00
815.4637	0.00	0.00
815.8854	0.00	0.00
816.2975	0.00	0.00
816.6973	0.00	0.00
817.1222	0.00	0.00
817.4747	0.00	0.00
817.8802	0.00	0.00
818.2954	0.00	0.00
818.6756	0.00	0.00
819.0816	0.00	0.00
819.4543	0.00	0.00
819.8833	0.00	0.00
820.2712	0.00	0.00
820.6495	0.00	0.00
821.0026	0.00	0.00
821.4459	0.00	0.00
821.8487	0.00	0.00
822.2477	0.00	0.00
822.6338	0.00	0.00
822.9803	0.00	0.00
823.3349	0.00	0.00
823.7194	0.00	0.00
824.0689	0.00	0.00
824.4403	0.00	0.00
824.8236	0.00	0.00
825.2243	0.00	0.00
825.5701	0.00	0.00
825.9678	0.00	0.00
826.3444	0.00	0.00
826.7269	0.00	0.00
827.0746	0.00	0.00
827.4834	0.00	0.00
827.8950	0.00	0.00
828.3110	0.00	0.00
828.6793	0.00	0.00
829.0322	0.00	0.00
829.4267	0.00	0.00
829.7948	0.00	0.00
830.1811	0.00	0.00
830.5399	0.00	0.00
830.9321	0.00	0.00
831.3169	0.00	0.00
831.7093	0.00	0.00
832.0804	0.00	0.00
832.4897	0.00	0.00
832.8656	0.00	0.00
833.2554	0.00	0.00
833.6812	0.00	0.00
834.0341	0.00	0.00
834.4185	0.00	0.00
834.8016	0.00	0.00
835.1881	0.00	0.00
835.5427	0.00	0.00
835.9306	0.00	0.00
836.3122	0.00	0.00
836.6950	0.00	0.00
837.0410	0.00	0.00
837.4445	0.00	0.00
837.8986	0.00	0.00
838.3146	0.00	0.00
838.7048	0.00	0.00
839.0557	0.00	0.00
839.4825	0.00	0.00
839.8973	0.00	0.00
840.3287	0.00	0.00
840.7475	0.00	0.00
841.0849	0.00	0.00
841.5010	0.00	0.00
841.8677	0.00	0.00
842.2678	0.00	0.00
842.7177	0.00	0.00
843.0715	0.00	0.00
843.4975	0.00	0.00
843.8918	0.00	0.00
844.2890	0.00	0.00
844.6305	0.00	0.00
845.0129	0.00	0.00
845.4262	0.00	0.00
845.8755	0.00	0.00
846.2500	0.00	0.00
846.5388	0.00	0.00
846.9452	0.00	0.00
847.3486	0.00	0.00
847.7016	0.00	0.00
848.0940	0.00	0.00
848.4563	0.00	0.00
848.8691	0.00	0.00
849.3085	0.00	0.00
849.6701	0.00	0.00
850.0782	0.00	0.00
850.4623	0.00	0.00
850.8708	0.00	0.00
851.2106	0.00	0.00
851.5959	0.00	0.00
851.9914	0.00	0.00
852.3838	0.00	0.00
852.8128	0.00	0.00
853.1822	0.00	0.00
853.6178	0.00	0.00
853.9942	0.00	0.00
854.3907	0.00	0.00
854.7275	0.00	0.00
855.1626	0.00	0.00
855.5642	0.00	0.00
855.9668	0.00	0.00
856.3903	0.00	0.00
856.7347	0.00	0.00
857.1561	0.00	0.00
857.5322	0.00	0.00
857.9279	0.00	0.00
858.2777	0.00	0.00
858.6828	0.00	0.00
859.0961	0.00	0.00
859.4529	0.00	0.00
859.8019	0.00	0.00
860.2329	0.00	0.00
860.6016	0.00	0.00
860.9954	0.00	0.00
861.3402	0.00	0.00
861.7397	0.00	0.00
862.1123	0.00	0.00
862.5122	0.00	0.00
862.9417	0.00	0.00
863.3011	0.00	0.00
863.6811	0.00	0.00
864.0869	0.00	0.00
864.5017	0.00	0.00
864.8457	0.00	0.00
865.2688	0.00	0.00
865.6914	0.00	0.00
866.1200	0.00	0.00
866.5115	0.00	0.00
866.9635	0.00	0.00
867.3194	0.00	0.00
867.7998	0.00	0.00
868.2015	0.00	0.00
868.6183	0.00	0.00
869.0664	0.00	0.00
869.4673	0.00	0.00
869.8306	0.00	0.00
870.2665	0.00	0.00
870.6942	0.00	0.00
871.0722	0.00	0.00
871.6143	0.00	0.00
872.1029	0.00	0.00
872.7753	0.00	0.00
873.1754	0.00	0.00
873.5517	0.00	0.00
873.9536	0.00	0.00
874.3040	0.00	0.00
874.7403	0.00	0.00
875.1197	0.00	0.00
875.5515	0.00	0.00
875.9622	0.00	0.00
876.3296	0.00	0.00
876.7449	0.00	0.00
877.1317	0.00	0.00
877.5177	0.00	0.00
877.8578	0.00	0.00
878.2664	0.00	0.00
878.6863	1007.97	1007.97
879.0811	995.24	995.75
879.5062	985.33	985.96
879.8590	976.07	977.17
880.3069	969.17	970.80
880.7160	961.17	963.10
881.1003	955.89	956.98
881.4902	949.12	951.38
881.8388	947.10	946.86
882.2212	938.78	940.68
882.6122	937.27	936.49
882.9958	930.46	932.09
883.3576	926.96	927.69
883.6885	924.53	924.45
884.0710	919.67	920.96
884.4968	917.67	918.47
884.8592	912.52	912.91
885.3138	910.64	912.74
885.7297	906.79	907.42
886.1001	904.65	904.38
886.4850	901.63	902.13
886.8510	896.43	901.11
887.2554	893.67	895.23
887.6705	888.40	892.52
888.0656	888.20	888.80
888.4270	883.95	885.34
888.8516	881.59	880.61
889.2659	880.41	879.55
889.6679	875.21	875.96
890.1023	874.13	872.42
890.4443	869.10	871.05
890.8474	869.91	867.95
891.2219	863.87	865.44
891.6011	862.52	862.84
891.9487	857.79	858.27
892.3679	856.81	858.53
892.7334	851.83	852.44
893.1418	846.56	848.39
893.5649	845.38	844.84
893.9267	842.41	841.54
894.3365	837.64	838.26
894.7610	835.69	835.44
895.1921	833.94	833.84
895.5867	829.63	831.04
895.9396	828.44	830.63
896.3945	823.99	825.94
896.8290	823.28	824.50
897.2622	817.51	820.31
897.6815	816.44	819.30
898.0796	813.50	814.62
898.4330	812.88	814.22
898.8859	808.30	809.29
899.3235	806.08	805.63
899.7428	801.94	803.22
900.1839	801.94	800.57
900.5682	799.43	799.23
900.9313	795.73	798.25
901.3389	794.48	794.11
901.7353	792.60	792.53
902.1145	789.86	793.13
902.4243	788.70	792.00
902.7916	788.17	791.11
903.1890	787.48	788.95
903.5761	783.86	786.83
903.9269	781.20	784.50
904.3037	779.95	782.17
904.6611	777.32	779.91
905.0620	777.03	778.06
905.4171	773.20	774.19
905.7904	772.67	774.36
906.1712	768.90	771.53
906.5720	766.74	767.61
906.9378	763.15	766.12
907.3773	765.56	764.97
907.7429	759.89	762.14
908.1144	759.78	761.28
908.4886	758.80	760.10
908.8850	755.60	758.07
909.2290	756.14	757.40
909.6201	753.83	753.76
909.9708	752.17	752.63
910.3560	749.17	751.27
910.7192	748.43	751.21
911.1623	747.37	749.78
911.5759	746.58	747.89
911.9245	745.24	744.39
912.2892	742.28	744.12
912.6730	741.88	741.86
913.0811	739.45	741.61
913.4448	738.77	739.56
913.8479	736.75	737.59
914.2390	735.11	735.90
914.6260	735.17	735.46
914.9681	733.40	735.17
915.3678	732.38	733.25
915.7433	731.45	731.01
916.1209	732.13	731.47
916.5597	728.99	730.98
916.9228	728.81	730.71
917.3006	726.48	726.52
917.6918	726.37	726.72
918.1095	726.11	726.34
918.4703	722.09	724.25
918.8662	722.66	723.93
919.2336	722.99	723.40
919.6068	721.79	722.06
919.9616	721.29	721.41
920.3702	721.65	722.03
920.7617	718.05	718.61
921.1503	717.91	719.32
921.5120	716.29	717.87
921.8864	716.92	719.21
922.3063	715.93	715.47
922.6809	715.76	716.30
923.0937	714.23	717.65
923.4832	717.91	716.72
923.8935	716.55	712.11
924.3047	713.72	714.02
924.6829	711.58	712.97
925.0394	710.35	711.48
925.4413	709.97	710.92
925.8311	708.82	709.76
926.2248	709.55	709.38
926.6465	707.90	709.59
926.9982	707.43	708.10
927.4080	707.17	707.71
927.7780	705.33	706.74
928.1894	706.20	706.86
928.5626	704.22	705.53
928.9352	704.01	703.98
929.3028	704.36	705.59
929.6877	704.42	704.30
930.0434	704.93	704.66
930.4385	702.64	703.39
930.8079	704.59	703.77
931.1943	702.53	703.69
931.5460	701.76	701.38
931.9007	700.98	700.87
932.3161	703.74	702.05
932.6846	701.76	701.72
933.0252	700.24	701.51
933.4423	702.17	701.73
933.8138	701.39	700.37
934.2062	700.60	700.24
934.5579	701.22	699.72
934.9557	699.65	699.29
935.3151	698.63	699.83
935.7280	700.28	697.82
936.0927	698.41	697.95
936.4643	696.37	696.62
936.8396	697.62	697.47
937.2606	698.80	698.86
937.6364	700.80	698.47
937.9945	697.92	697.01
938.3925	699.55	698.63
938.7926	696.98	696.96
939.1478	695.89	695.75
939.5051	697.47	698.87
939.8929	697.22	696.43
940.2677	697.96	698.30
940.6496	696.85	696.95
941.0158	695.91	696.80
941.4413	698.06	698.05
941.8648	695.63	694.43
942.2156	695.75	694.42
942.6072	696.70	694.89
942.9894	694.46	694.15
943.3691	695.70	694.81
943.7126	694.00	694.77
944.1033	695.90	694.90
944.5086	696.17	693.49
944.9426	695.14	693.92
945.3131	693.21	693.24
945.6799	693.99	693.10
946.0663	693.08	696.33
946.4426	695.78	695.36
946.8589	694.52	694.24
947.2071	696.42	694.70
947.6258	695.36	694.47
948.0150	693.56	694.52
948.4360	694.16	693.79
948.8782	694.05	695.38
949.2005	693.45	694.98
949.5755	694.37	694.55
950.0129	694.21	693.53
950.4348	692.78	692.50
950.8070	694.04	693.30
951.1828	694.34	693.62
951.5440	692.73	695.02
951.9286	691.03	692.10
952.3084	692.46	690.87
952.6596	691.07	691.11
953.0668	692.40	690.54
953.4802	691.79	691.49
953.8610	691.61	692.19
954.2161	692.15	690.96
954.6148	693.55	690.60
954.9785	690.91	689.61
955.3641	692.30	691.96
955.7054	688.64	691.06
956.0487	691.26	691.47
956.4103	690.25	691.43
956.8124	689.65	690.51
957.1816	691.10	691.16
957.5938	690.03	689.54
957.9749	690.24	689.08
958.3696	689.68	690.22
958.7027	690.18	690.01
959.1157	690.05	688.65
959.4756	690.20	689.31
959.8757	690.21	691.26
960.2251	689.92	691.32
960.6370	691.28	692.06
960.9892	690.63	688.37
961.3947	689.60	689.84
961.8208	690.14	689.92
962.1942	689.73	688.27
962.5630	688.56	687.82
962.9100	688.28	687.13
963.2478	688.00	687.02
963.6520	691.42	690.51
964.0441	689.35	690.44
964.4347	690.12	690.97
964.7768	687.18	690.06
965.1711	687.93	689.00
965.5356	690.13	689.74
965.8979	690.74	690.14
966.2385	688.11	689.65
966.6421	689.56	688.81
967.0193	690.74	688.97
967.4233	691.36	690.13
967.7750	691.71	689.00
968.1640	689.73	689.52
968.5417	688.12	687.83
968.9258	690.69	691.28
969.3555	689.96	691.65
969.7295	690.13	690.30
970.0872	689.92	690.42
970.4871	692.98	692.43
970.8528	690.37	690.82
971.1995	689.23	688.17
971.6064	689.63	688.93
971.9693	692.06	689.74
972.3564	690.47	689.30
972.6961	692.06	691.19
973.0851	690.30	691.90
973.4735	691.36	689.90
973.8796	690.52	690.73
974.2248	691.89	689.84
974.5848	692.35	692.34
974.9750	690.15	690.41
975.3696	689.91	692.08
975.7470	692.75	690.35
976.1589	693.17	692.46
976.5322	693.34	690.53
976.9045	692.66	691.59
977.2750	690.58	690.83
977.7080	693.08	688.23
978.1248	691.96	690.68
978.4946	692.61	692.20
978.8823	692.38	691.98
979.2422	692.03	692.91
979.6678	691.26	690.74
980.0976	690.30	691.86
980.4805	690.93	690.04
980.9015	690.18	689.52
981.2515	691.32	690.38
981.6424	690.26	690.65
982.0210	689.70	690.49
982.4119	691.13	690.72
982.7634	691.95	690.10
983.1448	690.49	691.44
983.5332	692.26	691.76
983.9250	691.01	691.78
984.2964	691.65	692.16
984.6854	691.69	691.02
985.0549	691.95	691.83
985.4544	691.38	692.07
985.8214	692.87	693.03
986.2307	694.13	691.93
986.6173	692.04	691.94
986.9945	690.60	689.51
987.3407	690.98	690.89
987.7486	693.29	692.10
988.1165	690.01	689.65
988.5253	691.97	693.05
988.8769	693.27	692.21
989.2592	692.91	691.13
989.6837	692.92	691.23
990.1079	692.58	691.20
990.4830	692.89	692.46
990.8366	691.10	689.19
991.2139	691.33	689.37
991.5999	690.82	690.75
991.9966	691.58	691.61
992.3621	693.20	690.65
992.7850	692.55	690.22
993.1568	692.77	691.80
993.5685	691.29	691.05
993.9893	692.85	691.97
994.3747	694.20	694.45
994.7895	695.74	693.93
995.2002	696.25	694.66
995.6080	694.28	692.68
995.9921	694.44	694.33
996.3506	695.64	693.97
996.7463	692.49	692.17
997.1299	693.99	694.01
997.5274	693.85	693.62
997.9059	694.18	693.69
998.3280	693.59	691.30
998.7354	694.56	692.97
999.1465	695.62	692.79
999.5327	694.70	693.70
999.9120	693.19	693.83
1000.2905	693.34	691.76
1000.7131	696.78	694.67
1001.1302	695.01	694.05
1001.4860	698.05	696.62
1001.8969	695.61	695.38
1002.2905	696.14	695.38
1002.7098	694.99	694.84
1003.0983	697.21	696.18
1003.4690	694.62	692.97
1003.8436	696.05	696.40
1004.2357	694.96	694.50
1004.6090	695.34	694.71
1004.9702	695.11	695.59
1005.3873	695.06	693.96
1005.7878	693.81	693.38
1006.1791	694.27	693.81
1006.6252	694.95	694.52
1006.9985	693.52	692.82
1007.4455	696.92	695.68
1007.8747	694.96	695.31
1008.2579	695.04	694.88
1008.6643	695.25	693.02
1009.0294	696.80	694.11
1009.4331	693.19	696.04
1009.8436	694.73	695.27
1010.2490	695.24	696.47
1010.6148	697.34	694.10
1010.9702	696.80	693.83
1011.3702	697.55	694.43
1011.7954	696.81	695.41
1012.2004	695.48	695.91
1012.6262	695.32	695.41
1012.9775	696.01	697.22
1013.3518	694.44	693.82
1013.7545	696.69	695.30
1014.1459	696.44	696.25
1014.5028	696.20	694.23
1014.9192	696.83	696.33
1015.2968	693.21	694.81
1015.6915	699.20	695.78
1016.1280	696.62	695.48
1016.4989	697.68	697.10
1016.9531	696.43	697.01
1017.3437	696.14	695.20
1017.7249	697.26	697.32
1018.1358	696.89	696.51
1018.5131	697.75	697.64
1018.9442	697.51	695.82
1019.3146	697.61	694.32
1019.7209	697.42	696.53
1020.0649	697.46	697.07
1020.4915	696.75	696.47
1020.8923	695.89	694.89
1021.3205	697.19	694.98
1021.7463	697.27	695.90
1022.1924	698.50	697.80
1022.5438	699.05	696.28
1022.9259	696.46	695.84
1023.2981	697.67	695.44
1023.7123	697.66	694.93
1024.0701	698.35	695.54
1024.4918	698.33	695.25
1024.8894	696.92	696.51
1025.2531	699.07	698.43
1025.5947	697.25	695.25
1026.0037	699.72	696.62
1026.4089	696.93	696.80
1026.8206	698.37	698.11
1027.2237	697.60	696.62
1027.5781	698.18	697.24
1028.0093	699.24	698.41
1028.4376	697.05	697.38
1028.8119	697.50	695.95
1029.2459	698.84	699.79
1029.5916	696.91	695.21
1029.9904	699.24	698.25
1030.4113	695.32	696.51
1030.8000	699.39	695.93
1031.1413	695.90	695.65
1031.5285	699.46	698.62
1031.9209	698.21	698.13
1032.3075	700.73	699.78
1032.7365	698.73	698.06
1033.1088	700.52	699.46
1033.5452	701.12	698.29
1033.9289	700.14	699.82
1034.2957	698.48	698.03
1034.6415	699.18	698.25
1035.0627	699.41	697.99
1035.4811	700.00	698.64
1035.8719	699.68	698.51
1036.2888	701.82	698.59
1036.6375	698.90	698.51
1037.0454	698.40	698.01
1037.4371	699.52	698.54
1037.8565	698.57	697.86
1038.2407	697.96	698.59
1038.6054	700.20	699.48
1039.0154	700.59	699.32
1039.4188	699.23	698.18
1039.8062	697.89	696.09
1040.2333	700.15	699.06
1040.6012	699.91	697.84
1041.0378	698.24	700.36
1041.4093	697.84	699.24
1041.7968	698.99	696.04
1042.2364	699.61	697.59
1042.6033	700.32	698.31
1042.9778	699.26	699.09
1043.3629	699.11	697.44
1043.7422	700.83	699.11
1044.1122	700.64	696.87
1044.5653	702.40	699.26
1044.9923	698.89	697.54
1045.3726	700.14	698.59
1045.7965	699.10	696.81
1046.1404	699.91	698.36
1046.5470	698.87	698.28
1046.9968	699.20	696.53
1047.4253	699.41	697.76
1047.8648	700.84	698.69
1048.2541	701.72	700.24
1048.6223	700.19	698.65
1049.0417	699.21	699.47
1049.4276	700.09	699.04
1049.8836	701.87	700.00
1050.3275	702.45	699.21
1050.7398	700.30	699.63
1051.0954	703.41	700.35
1051.5005	700.65	697.68
1051.9446	701.62	700.47
1052.3744	699.62	698.40
1052.7492	701.25	700.07
1053.1100	700.87	698.52
1053.4940	700.00	698.21
1053.9168	700.25	700.31
1054.3209	701.15	698.51
1054.7548	702.44	697.97
1055.1199	700.35	698.72
1055.5632	701.51	699.90
1056.0158	701.68	699.13
1056.4502	702.16	699.09
1056.8914	699.67	697.47
1057.3145	703.14	699.23
1057.7508	700.13	700.28
1058.1099	699.76	696.97
1058.5354	700.30	699.33
1058.8942	700.35	698.98
1059.2908	701.22	696.72
1059.6140	702.07	698.81
1060.0395	699.87	697.66
1060.4507	700.19	699.01
1060.8837	699.64	697.92
1061.3190	698.69	696.96
1061.6868	699.57	698.05
1062.0959	699.58	698.55
1062.5020	700.40	699.10
1062.8982	699.88	698.48
1063.3439	699.97	697.70
1063.7099	697.57	696.07
1064.1026	699.12	695.78
1064.4878	700.12	695.22
1064.8750	699.52	699.05
1065.2196	699.58	696.63
1065.6246	700.23	696.56
1065.9956	699.55	696.76
1066.4033	700.11	699.98
1066.8443	701.17	699.31
1067.2123	699.75	699.68
1067.6293	699.53	699.57
1067.9957	700.35	698.54
1068.4073	701.12	697.89
1068.8359	701.05	699.40
1069.1893	701.40	697.31
1069.5777	700.52	697.61
1069.9994	701.31	699.22
1070.3957	700.15	700.28
1070.8207	701.87	700.81
1071.1887	702.25	699.38
1071.5846	701.61	698.44
1071.9898	700.94	696.33
1072.4081	702.12	696.62
1072.8255	700.41	699.48
1073.1966	699.99	699.95
1073.6382	702.65	700.42
1074.0605	700.18	700.26
1074.4658	700.53	699.61
1074.8853	703.56	700.47
1075.2256	702.19	699.68
1075.6432	702.14	699.50
1076.0607	702.26	701.58
1076.4723	702.47	700.38
1076.8725	702.39	699.55
1077.2412	702.17	700.24
1077.6781	700.60	698.73
1078.1005	702.39	699.80
1078.4939	700.11	699.49
1078.9262	702.80	700.00
1079.2705	700.79	699.24
1079.6931	702.36	696.80
1080.1282	703.05	696.41
1080.5592	702.50	698.16
1080.9896	699.51	697.06
1081.3817	701.70	698.53
1081.7404	701.29	697.98
1082.1691	700.31	697.22
1082.5530	700.01	697.50
1082.9811	700.92	697.34
1083.3880	702.12	697.91
1083.7555	700.99	697.27
1084.1582	702.25	697.50
1084.5657	700.82	698.06
1084.9897	700.06	698.29
1085.3933	700.20	699.15
1085.7696	700.33	699.14
1086.1951	700.23	696.52
1086.5707	704.04	696.23
1086.9623	700.96	697.79
1087.3188	702.16	697.95
1087.7435	701.67	698.60
1088.1776	700.95	698.29
1088.5339	699.47	697.43
1088.9424	701.43	697.40
1089.3055	702.40	700.39
1089.7593	701.97	698.26
1090.2027	702.10	699.04
1090.6321	702.59	700.61
1091.0865	701.55	696.12
1091.5028	702.11	699.05
1091.9533	702.49	699.26
1092.3080	702.98	699.53
1092.7499	702.53	697.94
1093.1191	700.83	697.19
1093.5114	702.26	697.15
1093.9736	700.10	696.91
1094.3249	702.62	697.56
1094.7380	704.07	698.88
1095.1492	700.19	697.77
1095.5743	702.81	699.43
1096.0321	703.40	700.37
1096.4586	701.30	698.46
1096.8106	702.07	696.62
1097.2245	703.57	697.27
1097.6285	702.78	697.03
1098.0357	702.77	699.16
1098.4754	700.09	698.07
1098.8306	702.39	700.81
1099.2747	701.69	697.34
1099.7071	703.23	697.26
1100.1190	702.18	697.25
1100.5140	701.40	697.43
1100.9446	699.55	696.57
1101.3023	702.85	697.99
1101.7312	700.31	696.24
1102.1307	702.22	697.56
1102.5352	704.06	698.39
1102.9482	704.15	698.56
1103.3112	702.34	696.21
1103.6970	703.76	698.09
1104.1323	702.96	697.59
1104.5227	704.58	698.47
1104.9746	703.22	699.46
1105.3418	704.35	700.20
1105.7920	704.75	699.21
1106.1891	702.95	699.09
1106.6065	703.75	700.14
1107.0033	701.62	698.16
1107.3447	703.62	699.81
1107.7717	703.15	697.94
1108.2087	703.66	699.51
1108.6448	702.65	698.39
1109.0734	701.27	699.18
1109.4573	703.77	699.75
1109.8055	702.66	697.63
1110.2055	703.78	698.40
1110.5940	702.01	698.08
1111.0119	702.38	697.52
1111.3525	702.19	696.58
1111.7893	702.33	699.03
1112.2135	702.65	698.57
1112.5909	702.37	699.02
1113.0137	702.42	699.68
1113.3578	703.18	698.71
1113.7959	703.49	699.08
1114.1909	704.19	698.85
1114.5623	704.15	699.27
1115.0022	704.05	701.30
1115.3513	704.37	700.41
1115.7541	704.64	698.41
1116.2039	703.98	701.71
1116.5755	704.15	698.54
1117.0081	705.88	699.99
1117.3785	704.33	699.59
1117.7967	702.81	700.26
1118.2133	703.44	698.23
1118.6355	704.45	698.64
1119.0678	702.68	697.26
1119.4601	702.25	697.64
1119.8105	702.09	697.67
1120.2114	700.70	697.92
1120.5820	702.87	698.99
1121.0207	702.30	698.98
1121.4701	702.22	698.63
1121.8372	702.85	698.74
1122.2794	702.78	700.01
1122.6999	703.71	700.15
1123.0910	703.01	698.03
1123.4766	702.43	697.81
1123.8447	704.57	698.33
1124.2642	704.34	697.15
1124.6605	701.71	698.40
1125.0344	703.50	698.54
1125.3914	704.81	699.22
1125.8233	703.37	698.65
1126.2631	704.26	698.96
1126.6913	702.88	697.09
1127.1330	704.90	700.97
1127.5674	705.55	699.76
1128.0150	700.96	699.39
1128.3741	702.11	697.91
1128.7711	702.51	698.14
1129.1786	703.48	699.13
1129.6137	704.06	699.25
1130.0751	704.97	700.28
1130.4356	704.34	699.31
1130.8713	704.62	699.95
1131.2734	704.63	700.97
1131.7165	705.53	699.25
1132.1497	703.63	699.99
1132.5741	704.53	700.65
1132.9207	702.78	699.19
1133.3478	703.22	699.94
1133.7715	704.88	701.50
1134.2017	705.22	700.06
1134.6361	705.48	700.32
1134.9767	703.78	700.23
1135.3952	704.87	701.38
1135.8211	707.62	701.72
1136.2235	702.97	700.65
1136.6504	704.74	700.56
1137.0854	703.35	700.02
1137.4428	704.47	701.76
1137.8594	704.86	701.71
1138.2533	705.42	701.53
1138.6630	706.53	702.31
1139.0727	706.57	703.19
1139.4302	704.42	702.92
1139.8342	705.72	701.42
1140.2555	703.74	699.13
1140.6711	707.15	700.68
1141.0789	705.20	701.86
1141.4344	706.20	701.29
1141.8635	704.22	701.45
1142.2695	704.65	702.25
1142.7067	706.38	702.47
1143.1338	705.70	701.50
1143.4762	705.66	700.69
1143.9008	706.26	701.86
1144.3067	704.94	703.05
1144.7113	704.92	702.60
1145.1428	705.00	702.54
1145.4899	706.07	701.31
1145.8963	706.60	702.13
1146.3273	706.31	701.10
1146.7410	705.02	700.01
1147.1617	705.82	702.15
1147.5918	705.13	701.21
1147.9673	706.53	702.97
1148.4032	707.83	701.43
1148.8459	707.18	700.44
1149.2828	703.68	701.42
1149.6787	705.75	700.06
1150.1260	707.54	702.46
1150.4764	705.18	702.29
1150.9187	706.60	701.57
1151.3103	705.57	701.57
1151.7559	705.15	699.56
1152.1989	705.02	701.33
1152.5471	704.60	701.42
1152.9629	705.15	702.59
1153.4249	707.04	702.41
1153.8732	704.54	702.23
1154.2937	704.16	701.24
1154.7009	704.40	701.78
1155.0648	703.10	699.68
1155.5073	705.03	700.67
1155.9402	702.15	699.44
1156.3549	703.69	700.11
1156.7807	703.31	699.64
1157.2222	703.32	700.09
1157.5820	703.38	699.53
1158.0124	704.43	699.56
1158.4376	704.09	699.46
1158.8289	703.74	699.65
1159.2632	703.29	699.55
1159.5956	703.13	700.00
1160.0160	703.03	697.47
1160.4453	704.18	700.16
1160.8315	703.11	699.34
1161.2826	705.07	702.27
1161.7131	703.63	701.33
1162.0954	706.00	700.64
1162.5232	703.97	701.74
1162.9512	703.09	700.64
1163.3750	703.11	700.52
1163.7640	704.29	701.16
1164.2223	704.70	701.85
1164.5818	702.90	701.27
1165.0063	703.47	698.48
1165.4581	705.76	702.52
1165.8924	702.47	701.42
1166.3452	702.86	701.05
1166.7907	704.04	702.06
1167.2142	704.44	702.25
1167.5831	704.62	702.18
1168.0409	705.98	700.36
1168.4587	704.14	701.25
1168.9008	704.50	700.74
1169.3286	705.02	701.30
1169.7225	702.98	700.43
1170.0764	704.90	700.97
1170.5248	703.54	701.17
1170.9666	702.95	703.12
1171.3751	703.52	700.75
1171.7831	704.13	701.00
1172.2026	706.05	700.66
1172.5669	705.07	702.65
1173.0184	706.00	700.94
1173.4477	701.98	701.16
1173.8394	701.42	702.03
1174.2868	705.51	703.16
1174.7306	703.74	701.58
1175.0429	704.65	701.13
1175.4394	704.18	702.60
1175.8444	704.01	702.31
1176.2852	704.50	702.70
1176.6258	703.88	700.91
1177.0430	704.85	702.72
1177.4443	702.99	700.94
1177.8698	703.27	702.37
1178.2773	703.90	701.08
1178.6162	705.83	702.13
1179.0653	705.44	702.95
1179.4619	704.37	701.89
1179.8690	705.04	703.76
1180.3040	703.62	702.46
1180.6468	706.69	702.56
1181.0687	704.78	701.27
1181.4791	704.86	701.92
1181.8805	704.70	702.39
1182.3134	703.07	702.50
1182.7541	703.42	700.50
1183.1204	705.44	701.76
1183.5090	706.31	702.72
1183.8827	703.94	701.87
1184.1720	704.77	703.09
1184.5231	703.54	701.55
1184.9038	704.35	702.68
1185.1917	705.71	703.16
1185.5872	705.38	702.62
1185.9954	705.41	703.99
1186.4315	706.79	703.80
1186.8628	705.22	702.90
1187.2082	704.26	702.88
1187.6107	706.49	703.64
1188.0375	703.23	702.77
1188.4591	704.78	702.73
1188.8407	704.84	702.98
1189.1916	703.74	702.08
1189.6281	705.10	703.28
1190.0197	701.61	703.01
1190.4874	705.40	703.22
1190.9074	704.75	703.08
1191.3457	704.04	703.59
1191.6939	703.31	702.62
1192.1104	706.12	704.32
1192.5592	703.31	702.05
1192.9435	706.21	702.68
1193.3809	703.30	701.99
1193.7279	706.45	704.67
1194.1580	706.76	704.16
1194.6060	703.16	703.11
1195.0092	703.97	704.36
1195.4383	703.68	703.92
1195.7797	702.99	701.87
1196.2019	704.40	703.16
1196.6090	703.08	702.86
1196.9941	705.63	704.29
1197.4380	705.16	702.34
1197.7806	707.22	704.50
1198.2186	706.00	702.76
1198.6113	704.98	704.00
1199.0167	704.28	702.80
1199.4807	705.31	703.76
1199.8189	704.34	703.05
1200.2676	705.08	703.55
1200.7060	707.76	705.79
1201.1625	706.25	703.20
1201.5998	705.27	704.32
1201.9991	704.77	704.33
1202.3409	704.29	704.11
1202.7418	704.70	702.66
1203.1554	705.62	704.73
1203.6088	705.17	704.59
1203.9824	704.59	704.03
1204.3458	705.92	704.29
1204.7176	703.19	703.04
1205.1103	705.28	704.43
1205.5229	704.34	702.38
1205.8785	703.11	701.67
1206.2923	705.47	703.56
1206.7405	703.83	704.22
1207.1806	705.39	703.73
1207.6027	705.22	704.79
1207.9425	704.92	703.12
1208.3641	706.04	703.65
1208.7902	705.46	703.61
1209.2274	704.41	701.52
1209.6736	702.71	702.34
1210.0280	705.75	703.60
1210.3948	703.59	702.16
1210.7686	705.01	703.25
1211.1738	705.65	704.30
1211.6183	703.44	702.18
1212.0290	702.57	702.77
1212.3932	703.35	701.79
1212.7633	704.77	703.94
1213.1741	702.73	703.06
1213.5513	704.52	702.17
1213.8967	705.03	702.90
1214.3171	703.13	703.10
1214.7060	702.97	703.79
1215.1003	705.97	703.44
1215.4483	705.86	702.51
1215.8456	705.52	704.52
1216.2588	706.39	703.76
1216.6516	706.24	702.74
1217.0007	702.41	700.44
1217.3931	705.71	705.69
1217.7872	705.23	703.57
1218.1655	705.39	704.08
1218.5232	705.73	704.77
1218.9227	703.03	702.63
1219.2880	703.42	703.64
1219.6729	704.52	702.30
1220.0130	703.88	702.06
1220.4342	705.19	703.49
1220.8462	703.55	702.28
1221.2328	705.65	701.10
1221.6173	704.92	702.98
1221.9794	704.31	702.98
1222.3818	704.02	704.58
1222.8134	705.43	704.03
1223.2253	705.42	704.19
1223.6080	705.48	704.45
1223.9533	703.40	702.33
1224.3575	705.39	704.33
1224.7317	704.37	704.33
1225.1466	704.17	704.25
1225.5073	703.69	702.74
1225.8770	703.79	703.65
1226.2695	703.77	704.58
1226.6613	704.73	707.02
1227.0162	703.57	701.22
1227.4002	705.20	702.81
1227.7928	705.86	702.79
1228.1804	705.70	704.87
1228.5436	706.64	703.71
1228.9183	704.95	703.46
1229.3012	704.01	704.95
1229.6703	705.36	704.73
1230.0349	707.37	705.08
1230.4572	706.83	704.41
1230.8568	704.98	705.60
1231.2644	705.25	704.78
1231.6895	705.37	704.40
1232.0477	706.16	704.75
1232.4254	705.90	704.58
1232.8055	706.74	706.56
1233.2127	707.68	705.33
1233.5723	704.42	704.51
1234.0042	703.62	703.63
1234.4018	706.57	705.37
1234.8183	704.20	705.01
1235.1982	705.95	703.39
1235.5669	705.80	704.60
1235.9351	704.62	702.59
1236.3494	706.98	705.75
1236.7795	707.89	707.04
1237.1205	706.71	705.76
1237.5250	705.56	704.73
1237.9085	706.04	705.62
1238.2991	707.24	705.29
1238.6460	707.20	705.50
1239.0319	706.88	705.54
1239.4188	705.04	705.28
1239.7981	706.75	704.39
1240.1484	706.01	705.73
1240.5598	706.51	705.38
1241.0024	708.79	705.56
1241.4290	707.18	706.67
1241.8622	706.06	705.14
1242.2870	706.72	705.56
1242.6369	706.39	705.81
1243.0649	705.83	704.33
1243.4990	706.58	705.35
1243.9174	704.62	702.35
1244.2918	706.56	703.80
1244.6402	706.03	705.11
1244.9942	704.62	702.72
1245.4111	704.76	704.12
1245.8435	707.39	705.11
1246.1875	705.04	704.57
1246.5901	706.27	705.28
1246.9814	706.95	706.30
1247.3494	704.84	704.03
1247.6988	706.43	705.79
1248.1122	705.69	704.34
1248.5176	706.31	704.89
1248.9119	705.53	705.52
1249.2970	706.37	705.35
1249.6503	706.40	704.27
1250.0540	705.08	705.34
1250.4279	706.99	705.71
1250.8147	706.65	705.78
1251.1676	708.87	705.55
1251.5551	708.00	705.61
1251.9278	708.50	708.30
1252.3347	707.24	706.02
1252.6864	706.62	705.54
1253.1229	707.69	705.76
1253.5017	706.98	705.89
1253.9119	705.99	704.70
1254.2510	708.29	706.63
1254.6573	707.83	705.76
1255.0949	706.46	706.42
1255.5017	708.41	706.93
1255.9139	707.13	704.48
1256.3591	706.23	705.10
1256.7061	707.73	704.44
1257.0915	706.90	704.64
1257.5020	707.71	707.06
1257.9183	708.65	705.62
1258.2664	706.25	704.73
1258.6757	708.48	706.80
1259.0521	704.69	704.19
1259.4401	706.78	704.75
1259.8918	709.89	706.51
1260.2526	709.74	707.36
1260.6722	708.31	705.68
1261.0467	706.56	704.53
1261.4322	708.59	707.30
1261.8994	709.61	705.99
1262.2535	708.27	706.73
1262.6661	706.75	705.98
1263.0340	706.80	706.05
1263.4209	707.25	704.68
1263.7716	707.20	705.99
1264.1659	707.15	706.21
1264.5553	706.50	704.79
1264.9686	706.61	706.19
1265.3985	707.42	705.34
1265.7586	706.62	703.11
1266.1701	708.53	705.08
1266.5646	708.30	705.36
1266.9877	705.72	704.76
1267.4167	705.13	705.52
1267.7834	706.73	705.09
1268.2380	705.23	703.04
1268.6149	705.17	704.70
1269.0065	708.09	705.44
1269.3584	706.69	703.60
1269.7940	706.89	704.83
1270.2141	707.02	705.48
1270.6039	705.46	703.80
1270.9999	706.33	705.13
1271.3779	706.74	704.93
1271.8219	706.18	702.55
1272.2109	707.19	704.90
1272.5966	704.83	704.94
1272.9334	706.82	704.12
1273.3539	705.92	705.01
1273.8026	705.95	705.06
1274.2174	706.33	705.25
1274.6083	706.68	704.21
1274.9496	706.59	704.94
1275.3506	705.92	705.03
1275.7768	706.16	705.28
1276.1797	705.06	703.62
1276.6114	704.73	704.09
1276.9421	705.20	703.52
1277.3459	706.09	704.26
1277.7646	704.68	704.03
1278.1541	704.23	703.51
1278.5340	705.82	704.12
1278.8767	706.25	704.55
1279.2779	704.55	703.92
1279.6686	704.88	704.22
1280.0632	706.44	705.13
1280.4387	704.70	704.37
1280.8608	705.82	704.23
1281.2481	703.50	703.97
1281.6533	704.92	704.45
1282.0884	705.57	705.56
1282.4605	705.35	704.45
1282.8660	706.54	705.05
1283.2541	706.45	704.29
1283.6975	706.18	705.00
1284.0959	705.72	704.93
1284.4584	705.36	703.60
1284.8403	704.84	703.28
1285.2610	708.39	705.11
1285.6518	707.05	705.24
1286.0088	707.33	705.18
1286.4225	706.26	703.14
1286.8505	707.29	705.02
1287.2436	707.81	706.79
1287.6965	707.62	705.06
1288.0526	707.64	707.61
1288.4903	709.04	708.04
1288.8815	708.61	707.08
1289.3061	707.72	706.06
1289.7130	708.63	706.70
1290.0675	709.57	706.41
1290.5180	707.16	706.63
1290.9426	709.54	707.03
1291.3664	707.92	707.47
1291.7591	706.60	706.06
1292.2160	710.45	707.28
1292.5652	708.77	705.46
1292.9429	708.86	707.30
1293.3766	707.64	706.77
1293.7674	706.50	705.75
1294.2136	708.42	706.07
1294.5675	708.10	706.03
1294.9967	707.94	706.04
1295.3883	706.89	706.07
1295.8284	706.10	704.86
1296.2627	706.80	705.71
1296.6076	705.70	704.82
1297.0212	708.24	705.19
1297.4603	706.68	705.39
1297.8967	708.16	705.64
1298.3345	706.80	705.17
1298.7699	707.81	706.52
1299.1926	706.56	704.66
1299.5616	708.22	705.28
1300.0157	708.03	704.65
1300.4729	706.48	705.78
1300.8902	707.43	704.65
1301.3209	706.45	704.90
1301.7056	708.40	704.38
1302.0680	705.62	703.44
1302.5243	707.84	706.17
1302.9469	707.83	705.10
1303.3819	706.43	705.35
1303.8198	707.26	705.44
1304.2143	708.07	705.35
1304.5845	705.68	704.56
1305.0126	705.57	703.65
1305.4355	706.26	704.12
1305.8117	707.26	704.31
1306.2237	704.89	705.18
1306.6007	706.37	704.93
1307.0362	706.80	704.99
1307.4669	708.36	705.13
1307.8833	706.46	703.85
1308.2495	706.90	704.96
1308.5931	706.52	704.44
1309.0244	708.02	706.08
1309.4318	706.44	705.33
1309.8181	707.33	705.36
1310.2209	707.60	706.44
1310.5775	710.35	707.68
1310.9977	708.93	706.10
1311.4220	706.37	706.75
1311.8230	709.59	707.70
1312.2516	710.24	706.73
1312.6141	710.28	706.39
1313.0549	709.18	706.87
1313.4652	708.99	706.60
1313.9003	709.07	706.23
1314.3258	707.95	706.19
1314.6665	710.21	706.62
1315.0855	709.76	707.15
1315.5018	706.69	706.39
1315.8931	706.75	706.54
1316.3232	707.68	706.91
1316.6844	709.57	706.28
1317.1140	707.09	707.25
1317.5388	709.05	704.94
1317.9646	708.64	706.87
1318.3469	708.25	705.19
1318.7969	708.05	705.85
1319.1621	708.48	706.47
1319.5566	710.74	707.35
1320.0069	708.68	707.01
1320.4306	708.34	705.86
1320.8653	710.60	709.21
1321.2096	709.39	706.85
1321.6643	709.69	707.72
1322.0638	708.26	706.43
1322.4519	708.95	705.54
1322.9128	707.18	705.59
1323.3270	708.31	705.43
1323.6870	708.62	705.59
1324.0980	709.69	707.82
1324.5368	706.98	705.23
1324.9787	707.91	707.00
1325.3862	709.62	707.85
1325.7413	709.28	707.70
1326.1722	707.34	705.78
1326.6087	709.89	707.24
1327.0177	709.15	707.55
1327.4457	711.81	708.74
1327.8892	708.80	709.34
1328.2490	710.80	706.28
1328.6532	708.38	706.61
1329.0575	708.69	706.52
1329.4832	707.76	705.35
1329.9236	708.07	705.61
1330.2791	709.52	706.39
1330.6956	708.70	705.84
1331.1001	708.49	705.19
1331.5010	710.02	707.75
1331.8592	709.27	706.78
1332.2655	709.21	707.60
1332.6968	709.62	707.32
1333.0708	708.57	707.95
1333.5004	711.55	708.83
1333.9537	709.68	708.90
1334.3042	710.31	708.57
1334.6834	712.16	710.93
1335.0494	711.32	710.03
1335.4704	711.47	709.95
1335.8288	711.63	708.27
1336.2605	709.66	707.81
1336.6850	708.76	708.57
1337.0791	712.05	708.73
1337.5047	710.92	709.39
1337.8585	712.89	711.24
1338.2685	711.37	708.69
1338.7115	710.95	709.34
1339.1364	711.47	709.33
1339.5753	712.67	712.19
1340.0377	713.75	710.80
1340.4605	713.59	711.34
1340.8311	713.90	712.70
1341.2592	713.34	709.65
1341.6784	711.58	709.81
1342.0782	713.47	710.54
1342.5327	714.89	710.99
1342.9483	712.44	709.76
1343.3010	712.38	710.02
1343.6799	712.17	710.65
1344.0822	711.04	708.92
1344.5121	714.82	712.44
1344.9596	712.52	710.76
1345.3045	710.96	709.94
1345.6798	711.57	709.62
1346.0864	712.49	709.23
1346.5279	712.49	710.38
1346.9840	712.97	709.94
1347.3251	713.79	710.51
1347.7527	711.61	708.95
1348.1742	709.15	708.86
1348.5848	709.98	708.87
1349.0028	709.12	708.61
1349.3473	709.16	707.80
1349.7363	712.51	709.35
1350.1423	711.32	708.00
1350.5649	711.57	708.46
1350.9459	711.13	709.94
1351.3052	712.00	709.61
1351.6853	714.44	710.74
1352.1243	710.23	708.89
1352.5304	710.44	707.17
1352.9585	711.43	709.57
1353.3150	712.53	710.46
1353.7578	710.37	707.44
1354.1803	708.65	706.90
1354.5930	711.78	709.34
1355.0118	712.99	709.82
1355.3545	711.54	710.75
1355.7729	709.41	708.50
1356.1912	710.59	709.73
1356.5922	710.57	707.74
1357.0331	712.50	710.25
1357.4578	709.67	708.72
1357.8182	714.46	711.07
1358.2546	712.45	709.89
1358.6477	709.70	708.66
1359.0787	712.44	710.68
1359.4765	710.98	709.48
1359.8365	712.42	708.95
1360.2560	710.16	707.84
1360.6514	710.04	707.11
1361.0903	710.63	707.89
1361.5136	710.82	709.80
1361.8684	708.73	708.84
1362.2956	710.04	708.00
1362.6796	708.01	708.79
1363.1262	709.67	707.54
1363.4995	708.83	706.93
1363.7920	708.92	706.38
1364.1891	710.35	707.13
1364.6202	708.62	708.00
1365.0001	708.37	706.97
1365.3249	710.52	708.62
1365.7392	710.12	706.75
1366.1353	710.18	707.82
1366.5377	708.19	706.19
1366.8924	711.91	709.10
1367.3462	708.88	707.68
1367.7862	708.87	706.29
1368.2366	706.80	707.09
1368.6737	707.02	706.15
1369.0990	707.89	706.53
1369.4405	710.00	706.45
1369.8517	709.21	705.39
1370.3252	707.83	707.80
1370.7378	706.99	706.45
1371.1231	706.38	705.49
1371.4794	707.82	705.96
1371.9061	706.88	705.86
1372.3409	709.62	704.21
1372.7652	707.30	705.44
1373.1439	710.85	705.07
1373.5937	708.17	706.64
1373.9494	708.10	706.38
1374.3801	706.60	706.94
1374.7625	707.60	705.73
1375.1990	709.35	707.14
1375.6065	707.83	707.14
1375.9595	708.55	705.63
1376.3784	709.46	707.67
1376.7598	708.29	705.42
1377.2133	707.52	706.26
1377.6602	711.29	708.00
1378.0885	710.28	707.03
1378.4472	709.56	706.52
1378.8925	708.65	706.55
1379.3243	709.57	706.91
1379.7461	707.50	706.30
1380.1944	708.61	706.34
1380.6626	709.44	706.54
1381.0802	709.94	707.08
1381.4438	709.67	708.51
1381.9099	708.80	707.59
1382.3253	706.89	705.97
1382.7085	706.73	705.18
1383.1424	709.13	707.25
1383.5992	707.58	707.48
1383.9436	705.19	705.07
1384.3673	707.45	705.76
1384.7681	706.93	706.26
1385.2119	707.06	704.92
1385.6374	706.81	705.51
1386.0804	706.94	705.60
1386.4286	706.80	705.64
1386.8457	710.00	706.28
1387.2650	706.76	702.75
1387.6892	705.88	706.42
1388.0729	708.63	704.84
1388.4205	706.08	703.03
1388.8536	707.52	706.20
1389.2607	705.86	705.20
1389.7104	707.54	705.22
1390.1572	706.15	706.51
1390.5967	706.51	704.43
1390.9660	707.26	704.11
1391.4068	706.75	702.75
1391.8218	705.98	704.44
1392.1977	705.39	704.72
1392.5884	707.34	705.03
1392.9346	706.44	705.53
1393.3799	706.07	703.20
1393.8026	705.47	704.37
1394.2415	707.68	705.54
1394.6836	707.20	703.13
1395.1317	707.63	705.26
1395.4882	707.59	706.63
1395.9312	709.62	706.23
1396.3518	705.29	705.01
1396.7563	706.33	704.22
1397.1932	708.56	703.95
1397.6351	708.68	704.81
1397.9871	708.22	706.55
1398.3729	707.81	705.31
1398.7738	708.46	705.19
1399.1760	706.56	706.06
1399.5148	708.29	704.53
1399.9493	708.05	704.99
1400.3489	707.23	704.78
1400.7648	707.97	706.07
1401.1850	707.78	705.38
1401.6317	708.36	705.10
1401.9818	706.68	703.39
1402.3600	707.41	705.55
1402.7784	708.63	705.84
1403.1804	710.93	707.52
1403.5219	708.69	707.48
1403.9096	707.68	704.57
1404.3105	709.93	706.22
1404.7090	707.16	706.17
1405.0528	708.14	707.08
1405.4659	708.32	705.49
1405.9001	711.47	708.04
1406.2904	710.12	707.08
1406.6716	707.52	704.65
1407.0392	711.75	705.90
1407.5127	710.02	706.07
1407.9546	710.38	707.31
1408.3623	708.57	707.44
1408.7983	709.10	705.76
1409.1948	708.82	706.37
1409.5698	709.43	708.44
1410.0180	711.76	707.69
1410.4648	708.73	707.31
1410.9013	709.68	708.01
1411.4122	708.83	705.81
1411.8514	711.92	710.17
1412.2546	709.98	708.51
1412.5940	709.94	707.66
1413.0162	709.94	707.24
1413.4692	709.51	705.24
1413.8781	708.80	708.34
1414.2992	710.85	708.04
1414.7487	708.81	707.73
1415.1161	707.70	706.15
1415.5440	708.32	706.34
1415.9826	707.18	704.61
1416.3784	708.03	704.96
1416.7841	709.50	706.90
1417.1421	708.27	705.12
1417.5867	707.11	705.00
1417.9678	709.29	709.49
1418.4311	708.96	705.48
1418.8599	709.98	707.69
1419.3165	708.85	706.13
1419.6760	706.66	704.81
1420.1234	709.25	705.62
1420.5720	708.70	706.67
1420.9593	708.91	705.96
1421.4087	708.12	706.10
1421.8412	707.48	705.65
1422.2080	709.99	707.99
1422.6591	709.45	708.05
1423.0677	704.48	704.69
1423.4768	709.96	705.47
1423.8865	707.29	706.70
1424.2367	709.33	706.28
1424.6517	710.11	706.37
1425.0791	710.61	709.13
1425.4499	706.75	704.72
1425.8342	710.49	705.95
1426.1839	706.15	704.20
1426.5704	709.76	706.98
1426.9518	707.26	706.69
1427.3440	710.25	707.80
1427.7070	710.31	708.80
1428.1562	709.43	707.94
1428.5488	707.97	708.79
1428.9323	711.83	706.97
1429.2741	709.95	709.41
1429.6983	710.79	708.88
1430.1222	710.23	706.63
1430.5168	710.38	707.53
1430.9522	711.20	708.74
1431.3974	710.98	707.56
1431.7542	712.19	709.34
1432.1747	712.36	708.44
1432.5549	711.44	709.33
1432.9391	712.99	708.76
1433.2801	711.75	709.08
1433.7190	711.33	709.07
1434.1533	712.21	708.62
1434.5926	712.74	710.73
1435.0203	712.49	708.36
1435.4131	712.07	708.49
1435.7639	710.10	708.33
1436.1752	711.17	707.13
1436.6220	710.37	707.82
1437.0536	712.06	708.87
1437.4427	708.42	707.02
1437.8096	711.55	707.35
1438.2196	710.05	707.54
1438.6394	710.56	707.87
1439.1026	712.72	710.11
1439.5166	711.75	710.09
1439.9993	712.02	709.28
1440.3531	710.50	707.64
1440.7976	712.50	709.82
1441.2228	711.37	709.18
1441.6831	711.26	707.77
1442.1128	710.92	708.90
1442.5117	710.69	707.70
1442.8638	709.46	708.65
1443.3223	710.45	707.04
1443.7383	710.03	706.76
1444.1725	709.48	706.48
1444.5604	708.95	706.05
1445.0077	710.02	706.88
1445.3648	710.31	706.39
1445.8099	709.34	707.53
1446.2464	710.38	706.39
1446.7003	708.59	705.99
1447.1179	709.14	705.90
1447.5603	708.79	707.15
1447.9208	707.91	705.16
1448.3667	710.62	705.83
1448.7949	710.61	705.84
1449.2349	706.67	703.93
1449.6845	709.40	707.48
1450.1222	709.76	705.70
1450.4653	707.29	706.19
1450.9144	708.58	706.43
1451.3210	711.33	706.38
1451.7800	709.98	706.72
1452.2317	708.60	706.16
1452.6497	709.03	706.86
1453.0930	709.30	707.25
1453.4487	711.47	707.85
1453.9369	709.28	707.87
1454.3315	711.30	707.67
1454.8027	708.68	705.55
1455.2114	709.35	706.88
1455.6408	709.98	707.63
1456.0841	709.90	707.17
1456.4348	711.78	708.63
1456.9054	711.30	706.92
1457.3298	708.83	705.90
1457.7634	708.38	705.74
1458.2045	708.36	706.14
1458.6073	709.31	706.00
1458.9600	711.08	708.71
1459.4129	710.57	707.62
1459.8596	711.16	707.26
1460.3028	708.78	705.05
1460.7607	710.32	707.71
1461.1832	709.29	708.44
1461.5260	709.80	707.69
1461.9721	712.33	708.44
1462.3663	712.80	708.55
1462.8376	709.56	708.76
1463.2498	710.94	706.54
1463.6569	709.22	705.70
1464.0232	709.32	707.13
1464.4702	709.13	705.49
1464.8621	710.24	708.83
1465.3202	710.11	707.70
1465.7620	712.36	709.44
1466.1094	709.58	708.43
1466.5100	710.65	708.16
1466.8992	710.41	708.62
1467.3594	709.80	706.29
1467.7673	708.55	706.74
1468.2072	709.60	706.22
1468.5527	708.66	705.17
1468.9769	709.67	707.64
1469.3815	710.98	708.68
1469.7698	711.11	708.05
1470.2132	710.54	709.04
1470.5639	711.52	708.06
1471.0162	708.33	705.56
1471.4491	711.20	708.82
1471.9084	707.92	708.87
1472.3291	710.69	708.08
1472.7745	710.81	708.09
1473.2295	710.70	706.31
1473.5727	709.59	706.74
1474.0219	711.02	708.00
1474.4538	711.14	708.29
1474.9104	710.68	707.14
1475.3159	711.57	709.24
1475.7101	711.89	710.56
1476.0638	713.02	711.43
1476.5055	711.83	710.37
1476.9701	711.90	708.52
1477.3855	710.11	707.17
1477.8296	710.78	709.16
1478.2731	710.68	709.81
1478.7174	711.53	710.47
1479.0817	711.08	708.16
1479.5089	711.94	707.09
1479.8971	710.68	707.29
1480.3534	710.83	706.58
1480.8009	710.75	707.29
1481.2227	710.85	709.42
1481.5672	712.54	710.16
1482.0294	710.70	709.17
1482.4415	712.04	707.36
1482.9030	711.18	706.33
1483.3188	710.28	706.97
1483.7153	709.94	706.07
1484.0646	711.26	708.53
1484.5145	712.23	708.11
1484.9506	711.79	707.28
1485.3834	710.34	707.12
1485.7630	712.70	709.52
1486.0837	711.01	707.40
1486.5274	710.28	708.67
1486.9612	710.54	708.71
1487.3826	711.82	709.35
1487.8032	712.61	710.31
1488.2392	715.11	712.91
1488.5899	714.12	711.34
1489.0294	713.68	713.41
1489.4586	711.03	709.38
1489.8877	713.00	712.83
1490.2982	711.82	710.62
1490.7705	712.22	709.78
1491.1330	709.63	708.39
1491.5422	712.41	708.91
1491.9552	711.71	708.07
1492.3816	711.84	708.75
1492.8660	711.06	710.22
1493.3167	710.49	708.70
1493.6635	711.84	709.97
1494.1354	712.31	708.19
1494.5478	708.98	707.83
1495.0015	710.87	708.99
1495.4262	708.24	706.43
1495.8656	711.09	708.27
1496.3055	710.61	708.98
1496.6771	713.04	708.76
1497.1409	713.46	708.44
1497.5449	710.33	707.33
1497.9482	710.66	707.08
1498.3953	712.60	707.66
1498.8449	711.03	708.47
1499.2130	711.11	709.62
1499.6319	711.26	707.44
1500.0884	712.48	708.38
1500.5201	711.33	706.75
1500.9971	712.08	708.62
1501.4021	710.96	708.64
1501.7455	711.81	708.81
1502.1636	711.10	708.19
1502.5589	709.57	706.90
1502.9794	709.85	708.73
1503.4137	710.17	708.69
1503.8403	709.74	708.96
1504.1995	711.51	708.34
1504.6092	710.40	708.94
1504.9939	711.72	710.10
1505.5103	712.47	710.35
1505.8928	710.83	708.20
1506.2687	710.35	709.97
1506.7114	713.25	710.64
1507.0877	709.39	708.04
1507.4892	708.87	706.82
1507.8280	711.02	707.51
1508.2448	711.23	708.54
1508.6736	710.67	708.34
1509.0713	709.86	708.84
1509.5023	711.72	710.53
1509.8359	711.47	708.46
1510.2636	710.81	709.33
1510.6785	711.71	709.58
1511.0920	709.52	707.12
1511.4880	709.03	707.88
1511.8402	710.68	709.78
1512.2407	713.01	709.55
1512.6130	711.04	708.74
1512.9927	710.32	708.75
1513.3395	708.67	708.43
1513.7647	710.69	708.97
1514.1433	709.62	707.47
1514.5264	710.95	708.49
1514.8870	710.49	708.95
1515.2968	713.07	708.59
1515.6860	710.53	707.67
1516.0673	712.38	708.81
1516.4281	711.78	708.18
1516.8433	712.25	708.60
1517.2679	710.83	706.61
1517.6639	711.19	709.50
1518.0856	711.11	709.97
1518.4456	712.08	707.61
1518.8458	710.59	706.80
1519.2659	712.94	708.49
1519.6640	711.14	708.46
1520.0486	712.14	707.24
1520.4130	712.25	709.63
1520.7797	710.25	708.47
1521.1043	711.91	710.35
1521.3890	711.38	708.05
1521.8283	710.67	708.36
1522.2422	712.62	709.90
1522.6362	710.84	709.81
1523.0824	712.40	710.24
1523.4469	712.23	708.20
1523.8839	713.33	709.21
1524.2804	712.66	709.62
1524.6502	710.81	707.03
1525.0002	712.02	708.25
1525.4258	714.14	709.19
1525.8493	710.39	709.79
1526.2393	712.81	709.91
1526.6271	712.65	709.93
1526.9946	711.45	710.31
1527.4266	710.44	707.85
1527.8352	709.90	709.08
1528.2106	710.26	707.95
1528.5707	710.56	708.07
1528.9717	710.70	708.15
1529.3788	710.40	707.46
1529.7901	713.39	708.85
1530.2240	711.20	707.90
1530.5643	710.69	707.35
1530.9590	709.61	706.80
1531.3351	711.53	709.28
1531.7428	710.54	708.59
1532.0849	710.99	708.37
1532.4945	714.37	709.54
1532.9280	711.01	707.50
1533.3408	712.17	709.02
1533.7830	714.13	710.27
1534.2048	713.25	709.42
1534.5572	711.47	708.45
1534.9442	710.78	708.38
1535.3178	712.06	710.42
1535.7035	713.68	710.64
1536.0527	714.80	712.98
1536.4868	714.26	710.38
1536.8887	713.79	709.89
1537.3317	713.53	709.76
1537.7528	711.48	708.08
1538.1024	713.88	709.23
1538.5234	712.20	708.31
1538.9305	713.07	709.87
1539.3139	711.19	709.06
1539.6998	712.08	708.47
1540.0656	712.35	706.97
1540.5227	711.95	708.33
1540.9674	711.33	710.74
1541.3925	711.97	708.71
1541.7639	710.69	707.93
1542.1111	712.06	709.90
1542.5352	711.12	709.28
1542.9715	712.24	707.74
1543.3987	713.12	708.10
1543.8188	713.24	709.22
1544.2458	709.57	706.95
1544.5982	710.29	708.81
1544.9867	711.13	708.52
1545.4295	710.78	708.30
1545.8001	710.53	708.08
1546.1030	710.56	709.17
1546.4928	710.71	707.41
1546.9118	711.19	707.63
1547.3451	712.28	707.66
1547.6864	710.25	707.10
1548.1227	709.77	708.49
1548.5213	710.05	707.92
1548.9088	710.71	708.67
1549.2983	709.64	709.41
1549.6433	712.25	705.55
1550.0568	712.12	707.92
1550.4689	708.96	705.95
1550.8627	709.06	706.72
1551.2219	709.76	708.78
1551.6365	710.91	706.93
1552.0276	711.34	706.61
1552.4520	710.75	708.18
1552.8375	710.93	708.83
1553.1939	709.59	707.77
1553.5856	709.46	706.37
1553.9987	711.62	708.32
1554.3890	711.28	709.05
1554.7350	711.73	709.15
1555.1754	712.77	709.10
1555.5535	713.20	709.50
1555.9492	712.08	709.22
1556.4021	711.58	707.49
1556.7492	713.64	709.21
1557.1970	711.32	710.14
1557.5858	711.23	708.07
1557.9643	709.81	707.88
1558.4198	711.21	708.86
1558.7753	709.81	709.07
1559.2277	712.89	708.32
1559.6025	711.33	707.01
1560.0144	711.29	709.40
1560.4713	712.00	709.36
1560.8175	710.28	708.02
1561.2597	710.58	708.71
1561.6772	709.86	708.62
1562.0659	713.40	709.05
1562.5065	713.47	710.32
1562.8567	712.33	708.62
1563.2816	712.72	710.54
1563.6821	711.86	708.98
1564.0634	712.64	709.50
1564.4545	713.20	709.77
1564.8115	711.91	709.64
1565.1868	712.60	710.58
1565.5682	714.62	709.41
1566.0037	713.39	711.88
1566.3558	711.90	710.42
1566.7673	712.87	711.09
1567.1958	711.73	711.03
1567.5749	711.76	710.86
1568.0152	711.51	709.75
1568.3566	711.01	710.77
1568.7795	711.90	708.38
1569.1704	711.80	708.81
1569.5548	711.43	709.36
1569.8950	712.62	709.75
1570.3133	712.30	709.36
1570.7409	714.19	710.79
1571.1897	712.39	706.30
1571.6171	711.76	709.60
1572.0035	712.25	708.66
1572.3583	712.56	709.68
1572.7515	714.53	711.07
1573.1769	710.84	710.05
1573.5857	712.23	708.41
1574.0096	712.27	709.33
1574.3694	710.69	708.71
1574.7451	710.49	708.61
1575.1677	712.74	710.86
1575.5495	712.64	708.83
1575.9055	712.16	711.45
1576.2882	712.59	710.02
1576.6406	713.69	712.07
1576.9468	712.96	711.40
1577.3631	712.49	708.31
1577.8019	711.56	709.19
1578.1897	712.97	709.33
1578.6308	712.05	709.10
1578.9783	712.50	709.52
1579.4032	711.08	710.33
1579.8157	712.53	709.31
1580.1992	710.27	708.50
1580.5973	712.81	710.17
1580.9394	713.86	711.01
1581.3355	711.85	708.82
1581.7636	712.78	709.84
1582.1511	713.48	710.90
1582.5625	711.24	709.23
1582.9374	714.18	711.69
1583.3523	712.29	710.22
1583.7618	712.71	711.40
1584.1485	712.82	710.43
1584.4961	712.14	710.58
1584.9025	714.66	710.94
1585.2964	714.49	710.44
1585.6926	713.76	711.28
1586.1223	713.25	710.55
1586.4855	713.86	710.21
1586.8778	714.01	710.29
1587.3306	712.15	710.24
1587.7664	712.23	709.44
1588.2080	712.77	710.53
1588.6703	713.95	711.96
1589.0279	714.17	710.17
1589.4834	712.60	709.05
1589.9271	713.60	709.73
1590.3734	709.33	708.47
1590.7691	711.07	709.35
1591.1961	711.52	711.52
1591.5179	713.63	710.33
1591.9392	711.08	709.89
1592.3419	713.81	709.04
1592.7812	713.07	711.97
1593.2050	713.17	712.07
1593.5781	714.65	711.97
1594.0643	712.79	709.49
1594.4576	714.30	713.31
1594.8728	712.24	710.25
1595.2621	712.95	711.30
1595.6963	714.08	712.35
1596.0671	714.40	710.79
1596.5149	712.86	708.52
1596.9364	711.96	707.79
1597.3222	711.24	708.88
1597.6991	712.66	710.00
1598.0501	713.78	709.90
1598.4578	712.07	709.09
1598.8857	711.04	708.96
1599.2750	712.95	709.30
1599.7047	711.10	710.00
1600.0653	712.51	710.16
1600.5060	713.84	709.78
1600.9237	712.18	710.37
1601.3373	712.34	708.60
1601.7787	713.46	709.61
1602.1956	711.27	708.59
1602.5469	712.53	710.69
1602.9228	711.21	708.49
1603.3463	711.13	709.16
1603.7559	711.71	709.44
1604.2025	712.87	708.54
1604.5600	712.44	709.39
1604.9319	712.54	708.35
1605.3537	712.52	709.31
1605.7629	712.94	710.67
1606.2094	711.21	708.20
1606.5339	713.81	709.49
1606.9324	711.63	708.68
1607.3297	714.44	709.53
1607.7640	712.42	707.82
1608.1210	713.52	709.06
1608.5557	711.33	710.68
1608.9502	712.89	709.85
1609.3547	711.60	710.38
1609.8104	710.82	708.03
1610.2342	712.19	709.60
1610.6058	712.68	709.18
1610.9734	711.92	708.46
1611.3728	711.88	708.26
1611.7542	710.68	709.42
1612.1131	713.15	707.17
1612.5095	711.50	708.33
1612.9237	712.56	708.23
1613.3174	712.83	708.42
1613.7612	712.95	709.40
1614.1285	713.44	709.39
1614.5662	710.67	708.34
1614.9761	709.38	707.09
1615.3715	711.19	708.92
1615.7728	711.61	708.51
1616.1379	710.00	708.55
1616.5569	712.48	710.30
1616.9733	711.68	711.85
1617.3761	712.27	708.69
1617.7808	712.36	710.37
1618.1372	713.73	711.03
1618.5770	712.18	709.17
1618.9599	712.04	710.68
1619.3447	712.24	708.55
1619.7847	714.16	708.96
1620.1363	711.56	708.38
1620.5327	715.51	710.32
1620.9659	710.92	707.96
1621.3598	712.46	708.64
1621.7885	711.09	708.42
1622.1514	712.77	707.36
1622.5413	713.28	710.00
1622.9397	713.44	708.14
1623.3299	714.07	707.89
1623.6930	711.03	707.22
1624.1002	712.17	709.81
1624.5085	711.56	708.52
1624.9145	713.10	708.88
1625.3364	713.49	710.90
1625.6841	711.18	709.28
1626.1003	712.43	709.88
1626.5217	712.48	709.30
1626.9223	710.65	707.45
1627.3401	710.78	707.11
1627.6893	712.59	707.24
1628.0750	711.70	710.17
1628.4587	710.71	707.42
1628.8597	709.76	706.11
1629.2228	713.37	708.75
1629.6924	714.22	710.19
1630.1302	714.60	708.57
1630.5668	711.24	708.14
1630.9478	711.74	710.13
1631.2942	712.08	707.29
1631.7154	714.39	709.06
1632.1642	711.92	709.26
1632.5732	711.83	708.39
1632.9825	713.61	708.13
1633.3239	713.66	707.84
1633.7281	713.31	710.09
1634.1140	712.41	707.43
1634.5353	712.90	709.53
1634.9167	712.15	707.98
1635.2825	712.29	708.04
1635.7167	711.55	708.19
1636.1010	712.23	707.53
1636.5515	713.84	708.97
1636.9504	713.39	709.12
1637.3221	712.65	707.16
1637.7603	711.30	706.49
1638.1953	712.26	708.56
1638.5786	712.69	708.70
1638.9732	711.66	708.54
1639.3624	711.71	707.92
1639.7709	711.49	708.23
1640.2404	711.07	708.24
1640.6415	713.10	709.10
1641.0577	714.75	709.73
1641.4868	713.26	707.85
1641.8425	714.68	710.48
1642.2452	713.39	710.99
1642.6676	712.35	709.05
1643.0683	712.04	707.78
1643.4159	712.90	707.31
1643.8249	713.00	709.20
1644.2560	711.90	708.72
1644.6662	710.68	707.13
1645.0657	711.84	706.91
1645.4104	714.31	711.15
1645.8431	712.98	710.35
1646.2444	712.79	708.20
1646.6248	712.55	708.99
1646.9610	713.73	708.31
1647.3805	711.66	705.67
1647.7607	710.34	706.43
1648.1608	711.21	707.41
1648.5934	711.48	707.55
1648.9436	714.07	709.29
1649.3582	712.57	706.51
1649.7823	712.14	706.84
1650.2570	712.73	707.28
1650.6684	714.02	708.20
1651.0176	713.66	709.98
1651.4561	711.94	707.58
1651.8507	711.84	707.70
1652.2495	711.84	706.81
1652.6748	712.65	707.21
1653.0088	713.12	705.87
1653.4530	712.86	706.38
1653.8554	713.52	708.28
1654.2493	711.87	706.91
1654.6326	713.10	709.34
1654.9745	712.00	707.53
1655.3593	710.64	709.29
1655.7429	711.86	708.90
1656.1802	713.90	709.11
1656.5217	715.35	707.05
1656.9448	712.69	709.77
1657.3313	712.91	707.85
1657.7462	712.95	709.52
1658.0942	714.48	708.59
1658.5044	713.66	709.80
1658.8922	714.13	707.79
1659.2795	713.97	710.62
1659.7176	712.26	708.37
1660.0862	715.16	708.76
1660.5260	713.07	707.40
1660.9161	713.44	707.69
1661.3042	713.01	706.24
1661.7506	713.06	708.68
1662.1038	715.79	708.43
1662.5048	716.03	707.62
1662.9332	712.61	708.09
1663.3307	712.82	708.22
1663.7570	713.27	708.17
1664.1062	713.21	706.16
1664.5025	712.33	708.62
1664.9006	712.46	706.54
1665.3030	712.62	707.66
1665.6637	711.72	709.35
1666.0879	714.00	708.67
1666.4438	710.91	707.27
1666.7927	711.91	709.42
1667.1426	712.88	705.71
1667.5382	712.57	705.66
1667.9900	712.26	709.55
1668.4068	712.10	708.45
1668.8130	711.87	708.13
1669.1640	711.81	706.55
1669.5415	712.17	707.49
1669.9472	712.94	709.79
1670.3877	712.95	710.33
1670.8383	714.39	709.04
1671.1911	715.56	711.07
1671.6484	715.15	709.09
1672.0748	715.28	708.53
1672.5170	713.07	709.61
1672.9602	712.37	708.98
1673.3806	714.04	708.71
1673.8287	714.97	711.05
1674.1943	716.18	708.61
1674.6264	715.06	708.49
1675.0534	714.79	708.19
1675.4423	713.46	708.63
1675.9005	711.97	706.02
1676.3256	715.23	709.56
1676.7000	711.61	709.67
1677.1377	715.38	708.15
1677.5694	713.17	708.54
1677.9540	714.66	710.51
1678.3741	712.20	709.21
1678.7360	716.28	712.02
1679.1779	715.19	709.76
1679.6240	714.18	709.91
1680.0477	714.78	709.37
1680.4291	715.91	709.71
1680.7656	714.20	708.54
1681.1830	713.20	706.47
1681.6315	714.42	710.20
1682.0584	713.06	706.70
1682.4473	712.68	706.88
1682.9027	714.19	707.56
1683.2429	714.59	708.70
1683.6931	714.60	710.28
1684.1085	712.61	710.90
1684.4990	713.19	708.49
1684.8997	712.68	709.12
1685.2600	715.29	706.30
1685.7022	714.39	711.89
1686.0941	711.74	709.12
1686.5035	714.62	709.53
1686.9305	712.78	709.87
1687.2773	714.46	710.08
1687.6697	711.93	708.46
1688.1052	714.00	709.62
1688.5249	714.73	709.31
1688.8601	713.14	710.63
1689.2932	713.44	709.27
1689.7268	714.60	710.84
1690.1594	715.31	709.33
1690.5611	711.51	708.62
1690.9035	716.40	710.20
1691.3371	715.19	713.29
1691.7881	715.30	711.25
1692.2470	715.06	709.03
1692.6956	715.09	708.07
1693.1265	713.58	709.56
1693.5593	714.04	707.70
1693.9231	714.54	708.32
1694.3829	714.45	707.95
1694.8126	715.42	709.72
1695.2756	714.24	707.82
1695.6831	713.74	708.08
1696.0688	715.20	708.93
1696.4280	714.07	708.60
1696.8510	715.38	710.20
1697.2873	714.41	710.25
1697.7296	715.03	710.11
1698.1594	713.93	709.73
1698.5899	714.69	708.94
1698.9526	713.66	708.90
1699.4230	715.46	709.76
1699.8116	713.21	709.75
1700.1952	713.63	709.55
1700.6379	715.09	711.02
1700.9804	713.24	708.92
1701.4199	714.82	709.21
1701.8269	713.65	710.06
1702.2381	714.34	710.69
1702.6573	714.49	708.52
1702.9954	713.92	708.77
1703.4226	715.59	710.88
1703.8333	714.56	708.58
1704.2293	716.29	710.47
1704.6722	716.27	710.05
1705.1196	715.42	709.91
1705.4679	715.45	710.34
1705.9378	717.13	711.17
1706.3843	715.99	711.47
1706.8164	713.47	709.96
1707.2398	713.82	710.77
1707.6850	717.76	712.23
1708.0207	714.11	710.10
1708.4153	715.11	709.19
1708.7972	715.09	710.17
1709.2082	714.42	709.57
1709.6538	717.05	711.15
1710.0040	714.19	709.14
1710.4482	714.51	710.36
1710.8753	715.16	708.81
1711.3088	714.59	709.69
1711.7493	713.78	710.28
1712.0942	715.14	711.72
1712.5186	716.73	711.99
1712.9486	715.82	712.48
1713.4021	714.84	712.03
1713.8440	716.12	712.81
1714.2842	717.60	711.72
1714.7107	718.10	713.25
1715.0722	717.50	712.94
1715.5158	715.83	712.51
1715.9487	717.08	712.12
1716.4363	717.56	712.61
1716.8576	717.17	713.06
1717.2916	716.72	714.15
1717.6389	718.11	713.10
1718.0632	717.51	712.76
1718.5107	716.11	713.84
1718.9312	716.22	712.18
1719.3713	717.02	713.70
1719.8182	718.95	714.71
1720.2628	715.23	710.57
1720.6249	716.47	713.72
1721.0622	716.56	713.30
1721.5056	717.89	713.61
1721.9560	717.60	712.93
1722.3812	714.31	712.42
1722.8251	717.55	713.88
1723.2688	717.87	714.81
1723.6238	715.78	712.62
1724.0558	717.10	712.91
1724.4952	717.40	712.58
1724.9520	716.44	711.47
1725.3780	716.80	711.32
1725.8171	717.57	712.31
1726.1526	716.45	713.79
1726.5750	717.88	713.22
1726.9889	717.88	714.57
1727.3773	719.03	714.88
1727.8208	716.38	713.75
1728.2747	717.26	714.45
1728.6215	716.89	713.80
1729.0734	718.71	714.52
1729.4950	719.59	715.24
1729.9531	717.42	713.73
1730.3613	717.96	715.05
1730.7689	717.05	713.38
1731.1165	718.97	714.51
1731.5280	717.27	712.98
1731.9242	719.18	713.78
1732.3179	718.26	713.21
1732.6774	717.36	713.87
1733.0738	719.21	713.32
1733.5143	718.15	713.82
1733.9498	716.98	713.73
1734.3813	718.93	713.52
1734.7265	719.92	715.43
1735.1501	717.16	714.40
1735.5715	719.13	714.96
1736.0098	716.28	713.65
1736.4486	717.68	714.09
1736.8959	719.61	715.63
1737.2349	719.74	714.50
1737.7296	718.82	713.52
1738.1287	718.32	713.14
1738.5337	718.22	713.75
1739.0184	717.20	713.29
1739.4640	718.36	714.75
1739.9176	718.71	713.14
1740.2878	719.83	715.94
1740.7285	719.65	715.81
1741.1697	718.08	715.46
1741.6656	718.09	712.27
1742.1034	717.26	714.42
1742.5442	716.40	712.37
1742.9822	715.59	712.46
1743.4347	715.12	712.86
1743.8198	714.23	712.40
1744.2378	716.30	712.67
1744.6812	717.17	714.06
1745.0673	717.40	712.88
1745.5410	715.16	714.58
1745.9579	716.91	712.64
1746.3012	715.81	712.34
1746.7034	715.36	711.90
1747.1517	715.36	713.58
1747.5830	715.46	713.63
1747.9623	716.01	712.42
1748.3235	716.41	713.17
1748.7569	717.13	715.14
1749.2084	717.78	714.11
1749.6682	714.36	711.31
1750.0634	715.85	713.16
1750.5204	716.26	713.41
1750.8517	716.07	713.99
1751.2676	717.17	712.33
1751.7017	715.19	712.69
1752.1506	716.44	712.52
1752.6343	715.86	713.94
1753.0384	715.55	713.12
1753.3841	718.70	714.65
1753.8075	716.08	713.94
1754.2428	715.77	713.40
1754.6680	715.61	713.21
1755.0963	715.87	713.92
1755.5034	717.76	714.47
1755.8695	717.08	713.24
1756.3188	717.50	714.19
1756.7341	714.43	710.98
1757.1175	715.35	711.18
1757.5254	715.43	710.43
