sep= 
Time [s]	R1_m5 [ng/cm^2]	C1_m [ng/cm^2]
0.0000	Failed	Failed
1.0029	Failed	Failed
2.0058	Failed	Failed
3.0076	Failed	Failed
4.0114	Failed	Failed
5.0144	Failed	Failed
6.0174	Failed	Failed
7.0210	Failed	Failed
8.0241	Failed	Failed
9.0273	Failed	Failed
10.0296	Failed	Failed
11.0325	Failed	Failed
12.0357	Failed	Failed
13.0385	Failed	Failed
14.0289	Failed	Failed
15.0309	Failed	Failed
16.0339	Failed	Failed
17.0358	Failed	Failed
18.0391	Failed	Failed
19.0425	Failed	Failed
20.0427	Failed	Failed
21.0454	Failed	Failed
22.0483	Failed	Failed
23.0490	Failed	Failed
24.0501	Failed	Failed
25.0394	Failed	Failed
26.0378	Failed	Failed
27.0388	Failed	Failed
28.0424	Failed	Failed
29.0426	Failed	Failed
30.0432	Failed	Failed
31.0448	Failed	Failed
32.0454	Failed	Failed
33.0469	Failed	Failed
34.0490	Failed	Failed
35.0506	Failed	Failed
36.0505	Failed	Failed
37.0513	Failed	Failed
38.0521	Failed	Failed
39.0545	Failed	Failed
40.0559	Failed	Failed
41.0580	Failed	Failed
42.0593	Failed	Failed
43.1204	Failed	Failed
44.1210	Failed	Failed
45.1224	Failed	Failed
46.1201	Failed	Failed
47.1196	Failed	Failed
48.1205	Failed	Failed
49.1214	Failed	Failed
50.1208	Failed	Failed
51.1230	Failed	Failed
52.1230	Failed	Failed
53.1245	Failed	Failed
54.1244	Failed	Failed
55.1238	Failed	Failed
56.1235	Failed	Failed
57.1232	Failed	Failed
58.1239	Failed	Failed
59.1234	Failed	Failed
60.1245	Failed	Failed
61.1244	Failed	Failed
62.1238	Failed	Failed
63.1234	Failed	Failed
64.1234	Failed	Failed
65.1231	Failed	Failed
66.1236	Failed	Failed
67.1223	Failed	Failed
68.1215	Failed	Failed
69.1228	Failed	Failed
70.1216	Failed	Failed
71.1218	Failed	Failed
72.1223	Failed	Failed
73.1228	Failed	Failed
74.1088	Failed	Failed
75.1080	Failed	Failed
76.1074	Failed	Failed
77.1073	Failed	Failed
78.0964	Failed	Failed
79.0946	Failed	Failed
80.0921	Failed	Failed
81.0901	Failed	Failed
82.0899	Failed	Failed
83.3437	Failed	Failed
84.3409	Failed	Failed
85.3355	Failed	Failed
88.2513	Failed	Failed
89.2501	Failed	Failed
90.2479	Failed	Failed
91.2478	Failed	Failed
92.2466	Failed	Failed
93.2484	Failed	Failed
94.2504	Failed	Failed
95.2519	Failed	Failed
96.2520	Failed	Failed
97.2536	Failed	Failed
98.2529	Failed	Failed
99.2529	Failed	Failed
100.2541	Failed	Failed
101.2544	Failed	Failed
102.2563	Failed	Failed
103.2565	Failed	Failed
104.2555	Failed	Failed
105.2559	Failed	Failed
106.2570	Failed	Failed
107.2551	Failed	Failed
108.2555	Failed	Failed
109.2566	Failed	Failed
110.2573	Failed	Failed
111.2586	Failed	Failed
112.2605	Failed	Failed
113.2614	Failed	Failed
114.2633	Failed	Failed
115.2629	Failed	Failed
116.2640	Failed	Failed
117.2655	Failed	Failed
118.2662	Failed	Failed
119.2671	Failed	Failed
120.2680	Failed	Failed
121.2669	Failed	Failed
122.2673	Failed	Failed
123.2676	Failed	Failed
124.2687	Failed	Failed
125.2717	Failed	Failed
126.2743	Failed	Failed
127.2749	Failed	Failed
128.2753	Failed	Failed
129.2772	Failed	Failed
130.2773	Failed	Failed
131.2770	Failed	Failed
132.2777	Failed	Failed
133.2778	Failed	Failed
134.2624	Failed	Failed
135.2631	Failed	Failed
136.2632	Failed	Failed
137.2615	Failed	Failed
138.2618	Failed	Failed
139.2615	Failed	Failed
140.2614	Failed	Failed
141.2613	Failed	Failed
142.2613	Failed	Failed
143.2612	Failed	Failed
144.2615	Failed	Failed
145.2597	Failed	Failed
146.2590	Failed	Failed
147.2599	Failed	Failed
148.2604	Failed	Failed
149.2606	Failed	Failed
150.3206	Failed	Failed
151.3211	Failed	Failed
152.3222	Failed	Failed
153.3210	0.00	0.00
154.3204	0.00	0.00
155.3207	0.00	0.00
156.3206	0.00	0.00
157.3202	0.00	0.00
159.7613	0.00	0.00
163.1117	0.00	0.00
164.0300	0.00	0.00
164.3782	0.00	0.00
164.7169	0.00	0.00
165.0543	0.00	0.00
165.3898	0.00	0.00
165.7283	0.00	0.00
166.0641	0.00	0.00
166.3991	0.00	0.00
166.7364	0.00	0.00
167.0709	0.00	0.00
167.4295	0.00	0.00
167.7823	0.00	0.00
168.1298	0.00	0.00
168.4874	0.00	0.00
168.8270	0.00	0.00
169.1751	0.00	0.00
169.5224	0.00	0.00
169.8725	0.00	0.00
170.2229	0.00	0.00
170.5701	0.00	0.00
170.9307	0.00	0.00
171.2838	0.00	0.00
171.6305	0.00	0.00
171.9935	0.00	0.00
172.3453	0.00	0.00
172.6949	0.00	0.00
173.0386	0.00	0.00
173.3868	0.00	0.00
173.7270	0.00	0.00
174.0593	0.00	0.00
174.3955	0.00	0.00
174.7359	0.00	0.00
175.0720	0.00	0.00
175.4097	0.00	0.00
175.7505	0.00	0.00
176.0883	0.00	0.00
176.4259	0.00	0.00
176.7666	0.00	0.00
177.1029	0.00	0.00
177.4391	0.00	0.00
177.7808	0.00	0.00
178.1171	0.00	0.00
178.4544	0.00	0.00
178.7955	0.00	0.00
179.1339	0.00	0.00
179.4949	0.00	0.00
179.8474	0.00	0.00
180.1934	0.00	0.00
180.5457	0.00	0.00
180.8938	0.00	0.00
181.2454	0.00	0.00
181.6035	0.00	0.00
181.9414	0.00	0.00
182.2814	0.00	0.00
182.6183	0.00	0.00
182.9550	0.00	0.00
183.2948	0.00	0.00
183.6313	0.00	0.00
183.9689	0.00	0.00
184.3098	0.00	0.00
184.6471	0.00	0.00
184.9826	0.00	0.00
185.3215	0.00	0.00
185.6594	0.00	0.00
185.9954	0.00	0.00
186.3335	0.00	0.00
186.6704	0.00	0.00
187.0071	0.00	0.00
187.3453	0.00	0.00
187.6865	0.00	0.00
188.0229	0.00	0.00
188.3725	0.00	0.00
188.7372	0.00	0.00
189.1044	0.00	0.00
189.4489	0.00	0.00
189.8027	0.00	0.00
190.1685	0.00	0.00
190.5121	0.00	0.00
190.8617	0.00	0.00
191.2184	0.00	0.00
191.5529	0.00	0.00
191.8905	0.00	0.00
192.2424	0.00	0.00
192.6073	0.00	0.00
192.9525	0.00	0.00
193.3039	0.00	0.00
193.6695	0.00	0.00
194.0154	0.00	0.00
194.3406	0.00	0.00
194.6713	0.00	0.00
195.0072	0.00	0.00
195.3487	0.00	0.00
195.6870	0.00	0.00
196.0287	0.00	0.00
196.3770	0.00	0.00
196.7448	0.00	0.00
197.1091	0.00	0.00
197.4451	0.00	0.00
197.7846	0.00	0.00
198.1211	0.00	0.00
198.4544	0.00	0.00
198.7955	0.00	0.00
199.1485	0.00	0.00
199.4827	0.00	0.00
199.8191	0.00	0.00
200.1603	0.00	0.00
200.5089	0.00	0.00
200.8611	0.00	0.00
201.2415	0.00	0.00
201.6162	0.00	0.00
202.0034	0.00	0.00
202.3525	0.00	0.00
202.7309	0.00	0.00
203.0759	0.00	0.00
203.4548	0.00	0.00
203.7722	0.00	0.00
204.1072	0.00	0.00
204.4432	0.00	0.00
204.7806	0.00	0.00
205.1143	0.00	0.00
205.4504	0.00	0.00
205.7892	0.00	0.00
206.1257	0.00	0.00
206.4624	0.00	0.00
206.8025	0.00	0.00
207.1383	0.00	0.00
207.4924	0.00	0.00
207.8326	0.00	0.00
208.1671	0.00	0.00
208.5030	0.00	0.00
208.8420	0.00	0.00
209.1789	0.00	0.00
209.5146	0.00	0.00
209.8525	0.00	0.00
210.1900	0.00	0.00
210.5264	0.00	0.00
210.8638	0.00	0.00
211.2033	0.00	0.00
211.5514	0.00	0.00
211.8879	0.00	0.00
212.2272	0.00	0.00
212.5604	0.00	0.00
212.8969	0.00	0.00
213.2367	0.00	0.00
213.5724	0.00	0.00
213.9058	0.00	0.00
214.2588	0.00	0.00
214.6349	0.00	0.00
215.0180	0.00	0.00
215.3679	0.00	0.00
215.7525	0.00	0.00
216.1341	0.00	0.00
216.4695	0.00	0.00
216.8089	0.00	0.00
217.1575	0.00	0.00
217.4998	0.00	0.00
217.8393	0.00	0.00
218.1758	0.00	0.00
218.5119	0.00	0.00
218.8493	0.00	0.00
219.1872	0.00	0.00
219.5219	0.00	0.00
219.8584	0.00	0.00
220.2014	0.00	0.00
220.5779	0.00	0.00
220.9589	0.00	0.00
221.2838	0.00	0.00
221.5981	0.00	0.00
221.9373	0.00	0.00
222.2758	0.00	0.00
222.6108	0.00	0.00
222.9475	0.00	0.00
223.3535	0.00	0.00
223.7047	0.00	0.00
224.0881	0.00	0.00
224.4644	0.00	0.00
224.8020	0.00	0.00
225.1362	0.00	0.00
225.4707	0.00	0.00
225.8110	0.00	0.00
226.1669	0.00	0.00
226.5026	0.00	0.00
226.8399	0.00	0.00
227.1742	0.00	0.00
227.5093	0.00	0.00
227.8479	0.00	0.00
228.1849	0.00	0.00
228.5195	0.00	0.00
228.8567	0.00	0.00
229.1943	0.00	0.00
229.5574	0.00	0.00
229.8932	0.00	0.00
230.2328	0.00	0.00
230.5675	0.00	0.00
230.9023	0.00	0.00
231.2425	0.00	0.00
231.5772	0.00	0.00
231.9124	0.00	0.00
232.2520	0.00	0.00
232.6099	0.00	0.00
232.9454	0.00	0.00
233.2863	0.00	0.00
233.6210	0.00	0.00
233.9575	0.00	0.00
234.2982	0.00	0.00
234.6333	0.00	0.00
234.9677	0.00	0.00
235.3163	0.00	0.00
235.6977	0.00	0.00
236.0874	0.00	0.00
236.4744	0.00	0.00
236.8278	0.00	0.00
237.1993	0.00	0.00
237.5918	0.00	0.00
238.0029	0.00	0.00
238.3401	0.00	0.00
238.6768	0.00	0.00
239.0114	0.00	0.00
239.3466	0.00	0.00
239.6838	0.00	0.00
240.0175	0.00	0.00
240.3538	0.00	0.00
240.6908	0.00	0.00
241.0559	0.00	0.00
241.3907	0.00	0.00
241.7305	0.00	0.00
242.0655	0.00	0.00
242.4003	0.00	0.00
242.7410	0.00	0.00
243.0749	0.00	0.00
243.4089	0.00	0.00
243.7607	0.00	0.00
244.1424	0.00	0.00
244.5307	0.00	0.00
244.8668	0.00	0.00
245.2345	0.00	0.00
245.5688	0.00	0.00
245.9052	0.00	0.00
246.2449	0.00	0.00
246.5794	0.00	0.00
246.9474	0.00	0.00
247.2872	0.00	0.00
247.6235	0.00	0.00
247.9578	0.00	0.00
248.2974	0.00	0.00
248.6335	0.00	0.00
248.9680	0.00	0.00
249.3074	0.00	0.00
249.6676	0.00	0.00
250.0267	0.00	0.00
250.3741	0.00	0.00
250.7704	0.00	0.00
251.1428	0.00	0.00
251.5072	0.00	0.00
251.8456	0.00	0.00
252.1822	0.00	0.00
252.5168	0.00	0.00
252.8539	0.00	0.00
253.1904	0.00	0.00
253.5588	0.00	0.00
253.8929	0.00	0.00
254.2334	0.00	0.00
254.5540	0.00	0.00
254.8818	0.00	0.00
255.2759	0.00	0.00
255.6555	0.00	0.00
256.0328	0.00	0.00
256.3816	0.00	0.00
256.7824	0.00	0.00
257.1477	0.00	0.00
257.5419	0.00	0.00
257.8911	0.00	0.00
258.2577	0.00	0.00
258.6201	0.00	0.00
258.9645	0.00	0.00
259.3050	0.00	0.00
259.6769	0.00	0.00
260.0139	0.00	0.00
260.3515	0.00	0.00
260.6894	0.00	0.00
261.0714	0.00	0.00
261.4057	0.00	0.00
261.7412	0.00	0.00
262.0717	0.00	0.00
262.4058	0.00	0.00
262.7457	0.00	0.00
263.1205	0.00	0.00
263.4572	0.00	0.00
263.7968	0.00	0.00
264.1322	0.00	0.00
264.4668	0.00	0.00
264.8055	0.00	0.00
265.1824	0.00	0.00
265.5210	0.00	0.00
265.8582	0.00	0.00
266.2018	0.00	0.00
266.5964	0.00	0.00
266.9936	0.00	0.00
267.3470	0.00	0.00
267.7134	0.00	0.00
268.1032	0.00	0.00
268.4952	0.00	0.00
268.8475	0.00	0.00
269.2170	0.00	0.00
269.5969	0.00	0.00
269.9709	0.00	0.00
270.3256	0.00	0.00
270.7208	0.00	0.00
271.1045	0.00	0.00
271.4613	0.00	0.00
271.8027	0.00	0.00
272.1360	0.00	0.00
272.5166	0.00	0.00
272.8545	0.00	0.00
273.1903	0.00	0.00
273.5695	0.00	0.00
273.9053	0.00	0.00
274.2483	0.00	0.00
274.6265	0.00	0.00
274.9716	0.00	0.00
275.3112	0.00	0.00
275.6918	0.00	0.00
276.0654	0.00	0.00
276.4106	0.00	0.00
276.7817	0.00	0.00
277.1614	0.00	0.00
277.5512	0.00	0.00
277.8994	0.00	0.00
278.2717	0.00	0.00
278.6324	0.00	0.00
279.0164	0.00	0.00
279.3536	0.00	0.00
279.6900	0.00	0.00
280.1318	0.00	0.00
280.5492	0.00	0.00
280.8966	0.00	0.00
281.2692	0.00	0.00
281.6372	0.00	0.00
282.0214	0.00	0.00
282.3588	0.00	0.00
282.6945	0.00	0.00
283.0782	0.00	0.00
283.4652	0.00	0.00
283.8073	0.00	0.00
284.1817	0.00	0.00
284.5284	0.00	0.00
284.8650	0.00	0.00
285.2471	0.00	0.00
285.6370	0.00	0.00
286.0267	0.00	0.00
286.3632	0.00	0.00
286.7475	0.00	0.00
287.1227	0.00	0.00
287.4764	0.00	0.00
287.8169	0.00	0.00
288.1971	0.00	0.00
288.6029	0.00	0.00
288.9645	0.00	0.00
289.3047	0.00	0.00
289.6907	0.00	0.00
290.0805	0.00	0.00
290.4649	0.00	0.00
290.8050	0.00	0.00
291.1835	0.00	0.00
291.5309	0.00	0.00
291.8671	0.00	0.00
292.2569	0.00	0.00
292.6323	0.00	0.00
293.0219	0.00	0.00
293.3588	0.00	0.00
293.6989	0.00	0.00
294.0822	0.00	0.00
294.5016	0.00	0.00
294.8541	0.00	0.00
295.2292	0.00	0.00
295.6119	0.00	0.00
296.0013	0.00	0.00
296.3539	0.00	0.00
296.7268	0.00	0.00
297.0773	0.00	0.00
297.4108	0.00	0.00
297.7604	0.00	0.00
298.1363	0.00	0.00
298.5262	0.00	0.00
298.8630	0.00	0.00
299.2512	0.00	0.00
299.6462	0.00	0.00
300.0669	0.00	0.00
300.4679	0.00	0.00
300.8222	0.00	0.00
301.1864	0.00	0.00
301.5184	0.00	0.00
301.8562	0.00	0.00
302.1938	0.00	0.00
302.5533	0.00	0.00
302.8879	0.00	0.00
303.2269	0.00	0.00
303.5615	0.00	0.00
303.8975	0.00	0.00
304.2378	0.00	0.00
304.5740	0.00	0.00
304.9473	0.00	0.00
305.2882	0.00	0.00
305.6238	0.00	0.00
305.9585	0.00	0.00
306.2984	0.00	0.00
306.6328	0.00	0.00
306.9970	0.00	0.00
307.3355	0.00	0.00
307.6727	0.00	0.00
308.0099	0.00	0.00
308.4005	0.00	0.00
308.7682	0.00	0.00
309.1498	0.00	0.00
309.5277	0.00	0.00
309.8781	0.00	0.00
310.2642	0.00	0.00
310.6539	0.00	0.00
311.0297	0.00	0.00
311.3774	0.00	0.00
311.7672	0.00	0.00
312.2094	0.00	0.00
312.5894	0.00	0.00
312.9635	0.00	0.00
313.3156	0.00	0.00
313.6894	0.00	0.00
314.0752	0.00	0.00
314.4539	0.00	0.00
314.7832	0.00	0.00
315.1352	0.00	0.00
315.5004	0.00	0.00
315.8393	0.00	0.00
316.1942	0.00	0.00
316.5916	0.00	0.00
316.9715	0.00	0.00
317.3117	0.00	0.00
317.6777	0.00	0.00
318.0114	0.00	0.00
318.3480	0.00	0.00
318.6827	0.00	0.00
319.0157	0.00	0.00
319.3525	0.00	0.00
319.6863	0.00	0.00
320.0588	0.00	0.00
320.3924	0.00	0.00
320.7422	0.00	0.00
321.1136	0.00	0.00
321.4599	0.00	0.00
321.7983	0.00	0.00
322.1321	0.00	0.00
322.5091	0.00	0.00
322.8468	0.00	0.00
323.1832	0.00	0.00
323.5214	0.00	0.00
323.8584	0.00	0.00
324.2287	0.00	0.00
324.5674	0.00	0.00
324.9007	0.00	0.00
325.2416	0.00	0.00
325.6322	0.00	0.00
326.0068	0.00	0.00
326.3444	0.00	0.00
326.6814	0.00	0.00
327.0154	0.00	0.00
327.3518	0.00	0.00
327.6860	0.00	0.00
328.0573	0.00	0.00
328.3938	0.00	0.00
328.7380	0.00	0.00
329.0689	0.00	0.00
329.4035	0.00	0.00
329.7446	0.00	0.00
330.1137	0.00	0.00
330.4499	0.00	0.00
330.7906	0.00	0.00
331.1257	0.00	0.00
331.4603	0.00	0.00
331.8012	0.00	0.00
332.1702	0.00	0.00
332.5079	0.00	0.00
332.8456	0.00	0.00
333.1699	0.00	0.00
333.5416	0.00	0.00
333.8519	0.00	0.00
334.1933	0.00	0.00
334.5671	0.00	0.00
334.9028	0.00	0.00
335.2407	0.00	0.00
335.5742	0.00	0.00
335.9488	0.00	0.00
336.2890	0.00	0.00
336.6210	0.00	0.00
336.9629	0.00	0.00
337.3027	0.00	0.00
337.6787	0.00	0.00
338.0132	0.00	0.00
338.3520	0.00	0.00
338.6880	0.00	0.00
339.0586	0.00	0.00
339.3917	0.00	0.00
339.7379	0.00	0.00
340.0721	0.00	0.00
340.4077	0.00	0.00
340.7493	0.00	0.00
341.1172	0.00	0.00
341.4522	0.00	0.00
341.7943	0.00	0.00
342.1285	0.00	0.00
342.5121	0.00	0.00
342.8599	0.00	0.00
343.2642	0.00	0.00
343.6496	0.00	0.00
344.0339	0.00	0.00
344.3685	0.00	0.00
344.7337	0.00	0.00
345.0683	0.00	0.00
345.4029	0.00	0.00
345.7457	0.00	0.00
346.1172	0.00	0.00
346.4551	0.00	0.00
346.7962	0.00	0.00
347.1294	0.00	0.00
347.4632	0.00	0.00
347.8038	0.00	0.00
348.1749	0.00	0.00
348.5169	0.00	0.00
348.8544	0.00	0.00
349.2361	0.00	0.00
349.5753	0.00	0.00
349.9521	0.00	0.00
350.2920	0.00	0.00
350.6282	0.00	0.00
351.0129	0.00	0.00
351.3505	0.00	0.00
351.6912	0.00	0.00
352.0681	0.00	0.00
352.4008	0.00	0.00
352.7416	0.00	0.00
353.1168	0.00	0.00
353.4562	0.00	0.00
353.7974	0.00	0.00
354.1806	0.00	0.00
354.5198	0.00	0.00
354.8574	0.00	0.00
355.1942	0.00	0.00
355.5640	0.00	0.00
355.8968	0.00	0.00
356.2352	0.00	0.00
356.5687	0.00	0.00
356.9016	0.00	0.00
357.2406	0.00	0.00
357.5736	0.00	0.00
357.9541	0.00	0.00
358.2931	0.00	0.00
358.6321	0.00	0.00
359.0152	0.00	0.00
359.3533	0.00	0.00
359.6933	0.00	0.00
360.0709	0.00	0.00
360.4046	0.00	0.00
360.7451	0.00	0.00
361.1202	0.00	0.00
361.4664	0.00	0.00
361.8072	0.00	0.00
362.1836	0.00	0.00
362.5721	0.00	0.00
362.9608	0.00	0.00
363.3004	0.00	0.00
363.6791	0.00	0.00
364.0197	0.00	0.00
364.3560	0.00	0.00
364.7979	0.00	0.00
365.1344	0.00	0.00
365.5201	0.00	0.00
365.8568	0.00	0.00
366.2347	0.00	0.00
366.5799	0.00	0.00
366.9643	0.00	0.00
367.3060	0.00	0.00
367.6841	0.00	0.00
368.0658	0.00	0.00
368.3986	0.00	0.00
368.7396	0.00	0.00
369.1212	0.00	0.00
369.4683	0.00	0.00
369.8091	0.00	0.00
370.1797	0.00	0.00
370.5259	0.00	0.00
370.8619	0.00	0.00
371.2449	0.00	0.00
371.6244	0.00	0.00
371.9574	0.00	0.00
372.2982	0.00	0.00
372.6439	0.00	0.00
373.0263	0.00	0.00
373.3748	0.00	0.00
373.7827	0.00	0.00
374.1577	0.00	0.00
374.5495	0.00	0.00
374.8865	0.00	0.00
375.2320	0.00	0.00
375.5916	0.00	0.00
375.9759	0.00	0.00
376.3195	0.00	0.00
376.6893	0.00	0.00
377.0201	0.00	0.00
377.3623	0.00	0.00
377.7348	0.00	0.00
378.1006	0.00	0.00
378.5151	0.00	0.00
378.8664	0.00	0.00
379.2828	0.00	0.00
379.6714	0.00	0.00
380.0644	0.00	0.00
380.4098	0.00	0.00
380.7886	0.00	0.00
381.1432	0.00	0.00
381.5236	0.00	0.00
381.8758	0.00	0.00
382.2764	0.00	0.00
382.6763	0.00	0.00
383.0563	0.00	0.00
383.4021	0.00	0.00
383.7918	0.00	0.00
384.1688	0.00	0.00
384.5334	0.00	0.00
384.8684	0.00	0.00
385.2561	0.00	0.00
385.6423	0.00	0.00
386.0292	0.00	0.00
386.3653	0.00	0.00
386.7764	0.00	0.00
387.1493	0.00	0.00
387.5327	0.00	0.00
387.8693	0.00	0.00
388.2549	0.00	0.00
388.6729	0.00	0.00
389.0289	0.00	0.00
389.3663	0.00	0.00
389.7548	0.00	0.00
390.1513	0.00	0.00
390.5358	0.00	0.00
390.8713	0.00	0.00
391.2544	0.00	0.00
391.6467	0.00	0.00
392.0343	0.00	0.00
392.3825	0.00	0.00
392.7895	0.00	0.00
393.1716	0.00	0.00
393.5433	0.00	0.00
393.8793	0.00	0.00
394.2574	0.00	0.00
394.6446	0.00	0.00
395.0278	0.00	0.00
395.3634	0.00	0.00
395.7546	0.00	0.00
396.1405	0.00	0.00
396.5327	0.00	0.00
396.8708	0.00	0.00
397.2567	0.00	0.00
397.6442	0.00	0.00
398.0322	0.00	0.00
398.5022	0.00	0.00
398.8554	0.00	0.00
399.2390	0.00	0.00
399.6195	0.00	0.00
400.0129	0.00	0.00
400.3609	0.00	0.00
400.7314	0.00	0.00
401.0906	0.00	0.00
401.4769	0.00	0.00
401.8176	0.00	0.00
402.2033	0.00	0.00
402.5869	0.00	0.00
402.9821	0.00	0.00
403.3225	0.00	0.00
403.7304	0.00	0.00
404.1199	0.00	0.00
404.5617	0.00	0.00
404.9074	0.00	0.00
405.2866	0.00	0.00
405.6511	0.00	0.00
406.0392	0.00	0.00
406.3748	0.00	0.00
406.7681	0.00	0.00
407.1671	0.00	0.00
407.5413	0.00	0.00
407.8767	0.00	0.00
408.2757	0.00	0.00
408.6784	0.00	0.00
409.0675	0.00	0.00
409.4139	0.00	0.00
409.7911	0.00	0.00
410.1473	0.00	0.00
410.5401	0.00	0.00
410.8765	0.00	0.00
411.2587	0.00	0.00
411.6703	0.00	0.00
412.0318	0.00	0.00
412.3677	0.00	0.00
412.7623	0.00	0.00
413.1503	0.00	0.00
413.5419	0.00	0.00
413.8770	0.00	0.00
414.2599	0.00	0.00
414.6481	0.00	0.00
415.0292	0.00	0.00
415.3664	0.00	0.00
415.8081	0.00	0.00
416.2407	0.00	0.00
416.5956	0.00	0.00
416.9321	0.00	0.00
417.2649	0.00	0.00
417.7170	0.00	0.00
418.2367	0.00	0.00
418.6007	0.00	0.00
418.9357	0.00	0.00
419.2689	0.00	0.00
419.6010	0.00	0.00
419.9343	0.00	0.00
420.2718	0.00	0.00
420.6587	0.00	0.00
421.0724	0.00	0.00
421.4901	0.00	0.00
421.8299	0.00	0.00
422.2183	0.00	0.00
422.6268	0.00	0.00
423.0600	0.00	0.00
423.4058	0.00	0.00
423.7995	0.00	0.00
424.2422	0.00	0.00
424.6793	0.00	0.00
425.0705	0.00	0.00
425.5120	0.00	0.00
425.8638	0.00	0.00
426.2947	0.00	0.00
426.6862	0.00	0.00
427.1222	0.00	0.00
427.4931	0.00	0.00
427.8321	0.00	0.00
428.2082	0.00	0.00
428.5966	0.00	0.00
428.9829	0.00	0.00
429.3243	0.00	0.00
429.7123	0.00	0.00
430.0935	0.00	0.00
430.4923	0.00	0.00
430.8322	0.00	0.00
431.2150	0.00	0.00
431.6293	0.00	0.00
432.0603	0.00	0.00
432.3934	0.00	0.00
432.7676	0.00	0.00
433.1597	0.00	0.00
433.5447	0.00	0.00
433.8807	0.00	0.00
434.2707	0.00	0.00
434.6580	0.00	0.00
435.0453	0.00	0.00
435.3722	0.00	0.00
435.8142	0.00	0.00
436.2128	0.00	0.00
436.5966	0.00	0.00
437.0124	0.00	0.00
437.3596	0.00	0.00
437.7352	0.00	0.00
438.1023	0.00	0.00
438.4935	0.00	0.00
438.8338	0.00	0.00
439.2412	0.00	0.00
439.6758	0.00	0.00
440.0627	0.00	0.00
440.4071	0.00	0.00
440.8143	0.00	0.00
441.2526	0.00	0.00
441.6831	0.00	0.00
442.1216	0.00	0.00
442.5123	0.00	0.00
442.8619	0.00	0.00
443.2910	0.00	0.00
443.6838	0.00	0.00
444.0470	0.00	0.00
444.3808	0.00	0.00
444.7642	0.00	0.00
445.1837	0.00	0.00
445.6258	0.00	0.00
446.0648	0.00	0.00
446.4091	0.00	0.00
446.8106	0.00	0.00
447.2343	0.00	0.00
447.6117	0.00	0.00
448.0158	0.00	0.00
448.3633	0.00	0.00
448.7917	0.00	0.00
449.1651	0.00	0.00
449.5490	0.00	0.00
449.8858	0.00	0.00
450.3388	0.00	0.00
450.7488	0.00	0.00
451.1837	0.00	0.00
451.5507	0.00	0.00
451.8852	0.00	0.00
452.2706	0.00	0.00
452.6559	0.00	0.00
453.0495	0.00	0.00
453.3854	0.00	0.00
453.7784	0.00	0.00
454.1858	0.00	0.00
454.6497	0.00	0.00
455.0561	0.00	0.00
455.3914	0.00	0.00
455.7797	0.00	0.00
456.1647	0.00	0.00
456.5526	0.00	0.00
456.8886	0.00	0.00
457.2793	0.00	0.00
457.6548	0.00	0.00
458.0521	0.00	0.00
458.3879	0.00	0.00
458.7792	0.00	0.00
459.1516	0.00	0.00
459.5557	0.00	0.00
459.8914	0.00	0.00
460.2775	0.00	0.00
460.6646	0.00	0.00
461.0493	0.00	0.00
461.3842	0.00	0.00
461.7797	0.00	0.00
462.1673	0.00	0.00
462.5472	0.00	0.00
462.8819	0.00	0.00
463.2720	0.00	0.00
463.6613	0.00	0.00
464.0445	0.00	0.00
464.3797	0.00	0.00
464.7800	0.00	0.00
465.1640	0.00	0.00
465.5537	0.00	0.00
465.8879	0.00	0.00
466.2741	0.00	0.00
466.6667	0.00	0.00
467.1030	0.00	0.00
467.5243	0.00	0.00
467.8729	0.00	0.00
468.3162	0.00	0.00
468.7469	0.00	0.00
469.1637	0.00	0.00
469.5552	0.00	0.00
469.8918	0.00	0.00
470.2790	0.00	0.00
470.7591	0.00	0.00
471.2037	0.00	0.00
471.6281	0.00	0.00
472.0015	0.00	0.00
472.3404	0.00	0.00
472.7302	0.00	0.00
473.1113	0.00	0.00
473.5047	0.00	0.00
473.8553	0.00	0.00
474.2518	0.00	0.00
474.6729	0.00	0.00
475.0618	0.00	0.00
475.3955	0.00	0.00
475.7849	0.00	0.00
476.1723	0.00	0.00
476.5687	0.00	0.00
476.9008	0.00	0.00
477.2838	0.00	0.00
477.6804	0.00	0.00
478.0718	0.00	0.00
478.4059	0.00	0.00
478.7912	0.00	0.00
479.1786	0.00	0.00
479.5727	0.00	0.00
480.0082	0.00	0.00
480.3443	0.00	0.00
480.7317	0.00	0.00
481.1160	0.00	0.00
481.4957	0.00	0.00
481.8338	0.00	0.00
482.2281	0.00	0.00
482.6527	0.00	0.00
483.0821	0.00	0.00
483.5246	0.00	0.00
483.8755	0.00	0.00
484.3109	0.00	0.00
484.7580	0.00	0.00
485.1917	0.00	0.00
485.6301	0.00	0.00
486.0101	0.00	0.00
486.3593	0.00	0.00
486.7551	0.00	0.00
487.2041	0.00	0.00
487.6413	0.00	0.00
488.0637	0.00	0.00
488.3962	0.00	0.00
488.7775	0.00	0.00
489.1645	0.00	0.00
489.5607	0.00	0.00
489.8966	0.00	0.00
490.2861	0.00	0.00
490.6736	0.00	0.00
491.0594	0.00	0.00
491.3942	0.00	0.00
491.7887	0.00	0.00
492.1750	0.00	0.00
492.5658	0.00	0.00
492.9010	0.00	0.00
493.2856	0.00	0.00
493.6746	0.00	0.00
494.0607	0.00	0.00
494.3938	0.00	0.00
494.7856	0.00	0.00
495.1720	0.00	0.00
495.5609	0.00	0.00
495.8755	0.00	0.00
496.3099	0.00	0.00
496.7651	0.00	0.00
497.2000	0.00	0.00
497.6467	0.00	0.00
498.0536	0.00	0.00
498.3895	0.00	0.00
498.7901	0.00	0.00
499.1656	0.00	0.00
499.5638	0.00	0.00
499.8989	0.00	0.00
500.2873	0.00	0.00
500.6702	0.00	0.00
501.0918	0.00	0.00
501.5131	0.00	0.00
501.8502	0.00	0.00
502.2268	0.00	0.00
502.6181	0.00	0.00
503.0114	0.00	0.00
503.3480	0.00	0.00
503.7410	0.00	0.00
504.2002	0.00	0.00
504.6472	0.00	0.00
505.0641	0.00	0.00
505.3977	0.00	0.00
505.7810	0.00	0.00
506.1742	0.00	0.00
506.5607	0.00	0.00
506.8966	0.00	0.00
507.3054	0.00	0.00
507.7616	0.00	0.00
508.2055	0.00	0.00
508.6224	0.00	0.00
509.0029	0.00	0.00
509.3394	0.00	0.00
509.7947	0.00	0.00
510.2546	0.00	0.00
510.7030	0.00	0.00
511.1421	0.00	0.00
511.5863	0.00	0.00
512.0335	0.00	0.00
512.3689	0.00	0.00
512.7943	0.00	0.00
513.1684	0.00	0.00
513.5570	0.00	0.00
513.8909	0.00	0.00
514.2845	0.00	0.00
514.6745	0.00	0.00
515.0624	0.00	0.00
515.3978	0.00	0.00
515.7895	0.00	0.00
516.1781	0.00	0.00
516.5726	0.00	0.00
517.0001	0.00	0.00
517.3493	0.00	0.00
517.7622	0.00	0.00
518.1939	0.00	0.00
518.6513	0.00	0.00
519.0813	0.00	0.00
519.5292	0.00	0.00
519.8651	0.00	0.00
520.2811	0.00	0.00
520.6845	0.00	0.00
521.1130	0.00	0.00
521.5162	0.00	0.00
521.8534	0.00	0.00
522.2952	0.00	0.00
522.7557	0.00	0.00
523.2094	0.00	0.00
523.6518	0.00	0.00
524.0871	0.00	0.00
524.5465	0.00	0.00
524.8952	0.00	0.00
525.3275	0.00	0.00
525.7651	0.00	0.00
526.2061	0.00	0.00
526.6461	0.00	0.00
527.0901	0.00	0.00
527.5432	0.00	0.00
527.8781	0.00	0.00
528.2938	0.00	0.00
528.6898	0.00	0.00
529.1471	0.00	0.00
529.5912	0.00	0.00
530.0088	0.00	0.00
530.3473	0.00	0.00
530.7407	0.00	0.00
531.1680	0.00	0.00
531.5705	0.00	0.00
531.9027	0.00	0.00
532.2726	0.00	0.00
532.6808	0.00	0.00
533.0857	0.00	0.00
533.5441	0.00	0.00
533.8915	0.00	0.00
534.3294	0.00	0.00
534.7650	0.00	0.00
535.1930	0.00	0.00
535.6586	0.00	0.00
536.0614	0.00	0.00
536.3978	0.00	0.00
536.8022	0.00	0.00
537.2325	0.00	0.00
537.6347	0.00	0.00
538.0705	0.00	0.00
538.4055	0.00	0.00
538.8045	0.00	0.00
539.1877	0.00	0.00
539.6586	0.00	0.00
540.0897	0.00	0.00
540.5472	0.00	0.00
540.8833	0.00	0.00
541.3031	0.00	0.00
541.6904	0.00	0.00
542.0813	0.00	0.00
542.4142	0.00	0.00
542.8545	0.00	0.00
543.2708	0.00	0.00
543.7270	0.00	0.00
544.1649	0.00	0.00
544.6130	0.00	0.00
545.0225	0.00	0.00
545.3605	0.00	0.00
545.7567	0.00	0.00
546.1914	0.00	0.00
546.5881	0.00	0.00
547.0301	0.00	0.00
547.3778	0.00	0.00
547.8309	0.00	0.00
548.2467	0.00	0.00
548.6346	0.00	0.00
549.0259	0.00	0.00
549.3628	0.00	0.00
549.7562	0.00	0.00
550.1992	0.00	0.00
550.6331	0.00	0.00
551.0362	0.00	0.00
551.3725	0.00	0.00
551.8149	0.00	0.00
552.3073	0.00	0.00
552.7568	0.00	0.00
553.1894	0.00	0.00
553.5836	0.00	0.00
554.0272	0.00	0.00
554.3638	0.00	0.00
554.7438	0.00	0.00
555.1462	0.00	0.00
555.5826	0.00	0.00
555.9097	0.00	0.00
556.3772	0.00	0.00
556.8120	0.00	0.00
557.2545	0.00	0.00
557.6901	0.00	0.00
558.0895	0.00	0.00
558.5453	0.00	0.00
558.8928	0.00	0.00
559.3497	0.00	0.00
559.7897	0.00	0.00
560.2334	0.00	0.00
560.6640	0.00	0.00
561.0919	0.00	0.00
561.5317	0.00	0.00
561.8675	0.00	0.00
562.3117	0.00	0.00
562.7564	0.00	0.00
563.1931	0.00	0.00
563.6375	0.00	0.00
564.0807	0.00	0.00
564.5317	0.00	0.00
564.8666	0.00	0.00
565.3117	0.00	0.00
565.7566	0.00	0.00
566.1868	0.00	0.00
566.5839	0.00	0.00
567.0243	0.00	0.00
567.3593	0.00	0.00
567.8317	0.00	0.00
568.2852	0.00	0.00
568.7364	0.00	0.00
569.1659	0.00	0.00
569.5958	0.00	0.00
570.0336	0.00	0.00
570.3807	0.00	0.00
570.8532	0.00	0.00
571.2615	0.00	0.00
571.7254	0.00	0.00
572.1855	0.00	0.00
572.6548	0.00	0.00
573.0959	0.00	0.00
573.5429	0.00	0.00
573.8735	0.00	0.00
574.3122	0.00	0.00
574.7609	0.00	0.00
575.1934	0.00	0.00
575.6423	0.00	0.00
576.0899	0.00	0.00
576.5513	0.00	0.00
576.8975	0.00	0.00
577.3331	0.00	0.00
577.7589	0.00	0.00
578.1998	0.00	0.00
578.6380	0.00	0.00
579.0909	0.00	0.00
579.5396	0.00	0.00
579.8754	0.00	0.00
580.3111	0.00	0.00
580.7639	0.00	0.00
581.2065	0.00	0.00
581.6660	0.00	0.00
582.1148	0.00	0.00
582.5644	0.00	0.00
582.9076	0.00	0.00
583.3513	0.00	0.00
583.7977	0.00	0.00
584.2286	0.00	0.00
584.6775	0.00	0.00
585.1217	0.00	0.00
585.5352	0.00	0.00
586.0527	0.00	0.00
586.3882	0.00	0.00
586.8249	0.00	0.00
587.2559	0.00	0.00
587.7045	0.00	0.00
588.1501	0.00	0.00
588.5875	0.00	0.00
589.0322	0.00	0.00
589.3681	0.00	0.00
589.8222	0.00	0.00
590.2571	0.00	0.00
590.7070	0.00	0.00
591.1706	0.00	0.00
591.6206	0.00	0.00
592.0697	0.00	0.00
592.5596	0.00	0.00
592.9048	0.00	0.00
593.3478	0.00	0.00
593.7967	0.00	0.00
594.2302	0.00	0.00
594.6707	0.00	0.00
595.1227	0.00	0.00
595.5465	0.00	0.00
595.8948	0.00	0.00
596.3540	0.00	0.00
596.8025	0.00	0.00
597.2867	0.00	0.00
597.7278	0.00	0.00
598.1589	0.00	0.00
598.6025	0.00	0.00
599.0381	0.00	0.00
599.3850	0.00	0.00
599.8580	0.00	0.00
600.3522	0.00	0.00
600.7732	0.00	0.00
601.2002	0.00	0.00
601.6507	0.00	0.00
602.0627	0.00	0.00
602.3957	0.00	0.00
602.7876	0.00	0.00
603.1732	0.00	0.00
603.6005	0.00	0.00
604.0472	0.00	0.00
604.3942	0.00	0.00
604.8295	0.00	0.00
605.2597	0.00	0.00
605.6959	0.00	0.00
606.1527	0.00	0.00
606.5972	0.00	0.00
607.0790	0.00	0.00
607.5361	0.00	0.00
607.8709	0.00	0.00
608.2861	0.00	0.00
608.6809	0.00	0.00
609.0719	0.00	0.00
609.5291	0.00	0.00
609.8795	0.00	0.00
610.3229	0.00	0.00
610.7701	0.00	0.00
611.2074	0.00	0.00
611.6487	0.00	0.00
612.0920	0.00	0.00
612.5135	0.00	0.00
612.8470	0.00	0.00
613.2400	0.00	0.00
613.6279	0.00	0.00
614.0881	0.00	0.00
614.5378	0.00	0.00
614.8869	0.00	0.00
615.3377	0.00	0.00
615.7697	0.00	0.00
616.1974	0.00	0.00
616.5679	0.00	0.00
617.0333	0.00	0.00
617.3823	0.00	0.00
617.8282	0.00	0.00
618.2645	0.00	0.00
618.7117	0.00	0.00
619.2067	0.00	0.00
619.6259	0.00	0.00
620.0197	0.00	0.00
620.3683	0.00	0.00
620.8251	0.00	0.00
621.2720	0.00	0.00
621.7097	0.00	0.00
622.1410	0.00	0.00
622.5724	0.00	0.00
622.9004	0.00	0.00
623.2898	0.00	0.00
623.6894	0.00	0.00
624.1276	0.00	0.00
624.5259	0.00	0.00
624.8582	0.00	0.00
625.2437	0.00	0.00
625.6306	0.00	0.00
626.0666	0.00	0.00
626.4033	0.00	0.00
626.8075	0.00	0.00
627.2312	0.00	0.00
627.6276	0.00	0.00
628.0190	0.00	0.00
628.3559	0.00	0.00
628.7370	0.00	0.00
629.1287	0.00	0.00
629.5124	0.00	0.00
629.8511	0.00	0.00
630.2471	0.00	0.00
630.6847	0.00	0.00
631.0744	0.00	0.00
631.4090	0.00	0.00
631.8086	0.00	0.00
632.2351	0.00	0.00
632.6395	0.00	0.00
633.0746	0.00	0.00
633.4071	0.00	0.00
633.7894	0.00	0.00
634.1869	0.00	0.00
634.5748	0.00	0.00
634.9081	0.00	0.00
635.3093	0.00	0.00
635.7600	0.00	0.00
636.2044	0.00	0.00
636.6349	0.00	0.00
637.0671	0.00	0.00
637.4006	0.00	0.00
637.7940	0.00	0.00
638.1912	0.00	0.00
638.6214	0.00	0.00
639.0107	0.00	0.00
639.3616	0.00	0.00
639.8290	0.00	0.00
640.2662	0.00	0.00
640.7255	0.00	0.00
641.1506	0.00	0.00
641.6034	0.00	0.00
642.0559	0.00	0.00
642.4038	0.00	0.00
642.8351	0.00	0.00
643.2675	0.00	0.00
643.7210	0.00	0.00
644.1525	0.00	0.00
644.6054	0.00	0.00
645.0531	0.00	0.00
645.3920	0.00	0.00
645.8138	0.00	0.00
646.2535	0.00	0.00
646.6826	0.00	0.00
647.0736	0.00	0.00
647.5494	0.00	0.00
647.8941	0.00	0.00
648.3306	0.00	0.00
648.7787	0.00	0.00
649.2288	0.00	0.00
649.6732	0.00	0.00
650.1020	0.00	0.00
650.5493	0.00	0.00
650.8964	0.00	0.00
651.3295	0.00	0.00
651.7585	0.00	0.00
652.1863	0.00	0.00
652.5813	0.00	0.00
653.0263	0.00	0.00
653.3725	0.00	0.00
653.8360	0.00	0.00
654.2679	0.00	0.00
654.7205	0.00	0.00
655.1649	0.00	0.00
655.5776	0.00	0.00
656.0279	0.00	0.00
656.3760	0.00	0.00
656.8396	0.00	0.00
657.2804	0.00	0.00
657.7114	0.00	0.00
658.1700	0.00	0.00
658.5905	0.00	0.00
659.0460	0.00	0.00
659.3923	0.00	0.00
659.8286	0.00	0.00
660.2606	0.00	0.00
660.7156	0.00	0.00
661.1421	0.00	0.00
661.5835	0.00	0.00
662.0263	0.00	0.00
662.3744	0.00	0.00
662.8334	0.00	0.00
663.2888	0.00	0.00
663.7200	0.00	0.00
664.1646	0.00	0.00
664.6097	0.00	0.00
665.0492	0.00	0.00
665.3857	0.00	0.00
665.8065	0.00	0.00
666.2405	0.00	0.00
666.6484	0.00	0.00
667.1301	0.00	0.00
667.6064	0.00	0.00
668.0514	0.00	0.00
668.3856	0.00	0.00
668.7959	0.00	0.00
669.1924	0.00	0.00
669.6347	0.00	0.00
670.0707	0.00	0.00
670.5559	0.00	0.00
670.9028	0.00	0.00
671.3372	0.00	0.00
671.7844	0.00	0.00
672.2341	0.00	0.00
672.6643	0.00	0.00
673.1114	0.00	0.00
673.5307	0.00	0.00
673.8666	0.00	0.00
674.3163	0.00	0.00
674.7766	0.00	0.00
675.2315	0.00	0.00
675.6410	0.00	0.00
676.1011	0.00	0.00
676.6443	0.00	0.00
677.0807	0.00	0.00
677.5181	0.00	0.00
677.8521	0.00	0.00
678.2375	0.00	0.00
678.6393	0.00	0.00
679.0818	0.00	0.00
679.5522	0.00	0.00
679.8880	0.00	0.00
680.3062	0.00	0.00
680.7529	0.00	0.00
681.1934	0.00	0.00
681.6358	0.00	0.00
682.0776	0.00	0.00
682.5266	0.00	0.00
682.8615	0.00	0.00
683.3038	0.00	0.00
683.7478	0.00	0.00
684.1846	0.00	0.00
684.6573	0.00	0.00
685.0930	0.00	0.00
685.5540	0.00	0.00
685.9012	0.00	0.00
686.3399	0.00	0.00
686.7553	0.00	0.00
687.2024	0.00	0.00
687.6654	0.00	0.00
688.1109	0.00	0.00
688.5256	0.00	0.00
688.8587	0.00	0.00
689.3089	0.00	0.00
689.7635	0.00	0.00
690.1950	0.00	0.00
690.6490	0.00	0.00
691.0846	0.00	0.00
691.5343	0.00	0.00
691.8687	0.00	0.00
692.2827	0.00	0.00
692.7763	0.00	0.00
693.2189	0.00	0.00
693.6490	0.00	0.00
694.0969	0.00	0.00
694.5805	0.00	0.00
695.0418	0.00	0.00
695.3829	0.00	0.00
695.8389	0.00	0.00
696.2744	0.00	0.00
696.6974	0.00	0.00
697.1378	0.00	0.00
697.5845	0.00	0.00
698.0212	0.00	0.00
698.3553	0.00	0.00
698.8009	0.00	0.00
699.2599	0.00	0.00
699.7314	0.00	0.00
700.1655	0.00	0.00
700.6211	0.00	0.00
701.0999	0.00	0.00
701.5358	0.00	0.00
701.8722	0.00	0.00
702.3098	0.00	0.00
702.7470	0.00	0.00
703.1936	0.00	0.00
703.6443	0.00	0.00
704.0746	0.00	0.00
704.5551	0.00	0.00
704.8912	0.00	0.00
705.3151	0.00	0.00
705.7658	0.00	0.00
706.1955	0.00	0.00
706.6504	0.00	0.00
707.0848	0.00	0.00
707.5319	0.00	0.00
707.8646	0.00	0.00
708.3126	0.00	0.00
708.7561	0.00	0.00
709.2016	0.00	0.00
709.6504	0.00	0.00
710.0953	0.00	0.00
710.5330	0.00	0.00
710.8703	0.00	0.00
711.3215	0.00	0.00
711.7660	0.00	0.00
712.2000	0.00	0.00
712.6519	0.00	0.00
713.0860	0.00	0.00
713.6228	0.00	0.00
714.0738	0.00	0.00
714.5631	0.00	0.00
714.9084	0.00	0.00
715.3533	0.00	0.00
715.7925	0.00	0.00
716.2029	0.00	0.00
716.6501	0.00	0.00
717.0885	0.00	0.00
717.5369	0.00	0.00
717.8739	0.00	0.00
718.3240	0.00	0.00
718.7894	0.00	0.00
719.2109	0.00	0.00
719.6536	0.00	0.00
720.1009	0.00	0.00
720.5413	0.00	0.00
720.8776	0.00	0.00
721.3247	0.00	0.00
721.7636	0.00	0.00
722.2034	0.00	0.00
722.6450	0.00	0.00
723.0931	0.00	0.00
723.5454	0.00	0.00
723.8799	0.00	0.00
724.3173	0.00	0.00
724.8024	0.00	0.00
725.2867	0.00	0.00
725.7180	0.00	0.00
726.1663	0.00	0.00
726.6245	0.00	0.00
727.1304	0.00	0.00
727.6182	0.00	0.00
728.0470	0.00	0.00
728.3815	0.00	0.00
728.8159	0.00	0.00
729.2652	0.00	0.00
729.7086	0.00	0.00
730.1549	0.00	0.00
730.5953	0.00	0.00
731.0363	0.00	0.00
731.3761	0.00	0.00
731.8288	0.00	0.00
732.2637	0.00	0.00
732.7145	0.00	0.00
733.1470	0.00	0.00
733.6053	0.00	0.00
734.0383	0.00	0.00
734.3740	0.00	0.00
734.8261	0.00	0.00
735.2893	0.00	0.00
735.7414	0.00	0.00
736.1581	0.00	0.00
736.5949	0.00	0.00
736.9104	0.00	0.00
737.3437	0.00	0.00
737.7661	0.00	0.00
738.2069	0.00	0.00
738.6641	0.00	0.00
739.1015	0.00	0.00
739.5531	0.00	0.00
739.8895	0.00	0.00
740.3236	0.00	0.00
740.7706	0.00	0.00
741.2382	0.00	0.00
741.6646	0.00	0.00
742.1134	0.00	0.00
742.5575	0.00	0.00
742.8954	0.00	0.00
743.3581	0.00	0.00
743.7787	0.00	0.00
744.2390	0.00	0.00
744.6796	0.00	0.00
745.1073	0.00	0.00
745.5504	0.00	0.00
745.8861	0.00	0.00
746.3295	0.00	0.00
746.7732	0.00	0.00
747.2141	0.00	0.00
747.6593	0.00	0.00
748.1030	0.00	0.00
748.5707	0.00	0.00
749.0670	0.00	0.00
749.4126	0.00	0.00
749.8601	0.00	0.00
750.3539	0.00	0.00
750.7804	0.00	0.00
751.2270	0.00	0.00
751.6585	0.00	0.00
752.1386	0.00	0.00
752.6324	0.00	0.00
753.1425	0.00	0.00
753.5738	0.00	0.00
753.8882	0.00	0.00
754.3463	0.00	0.00
754.7737	0.00	0.00
755.2117	0.00	0.00
755.6587	0.00	0.00
756.1071	0.00	0.00
756.5520	0.00	0.00
756.8889	0.00	0.00
757.3313	0.00	0.00
757.7766	0.00	0.00
758.2073	0.00	0.00
758.6505	0.00	0.00
759.1073	0.00	0.00
759.5455	0.00	0.00
759.8805	0.00	0.00
760.3299	0.00	0.00
760.7770	0.00	0.00
761.2198	0.00	0.00
761.6594	0.00	0.00
762.1016	0.00	0.00
762.5566	0.00	0.00
762.9022	0.00	0.00
763.3657	0.00	0.00
763.8493	0.00	0.00
764.2783	0.00	0.00
764.7471	0.00	0.00
765.2450	0.00	0.00
765.7419	0.00	0.00
766.2443	0.00	0.00
766.7383	0.00	0.00
767.1923	0.00	0.00
767.6559	0.00	0.00
768.1014	0.00	0.00
768.5534	0.00	0.00
768.8880	0.00	0.00
769.3241	0.00	0.00
769.7723	0.00	0.00
770.2410	0.00	0.00
770.7475	0.00	0.00
771.2445	60.61	60.98
771.6781	63.98	65.14
772.1174	66.90	69.26
772.5559	230.38	317.29
773.0633	759.52	782.96
773.3972	956.12	995.78
773.8364	1070.98	1055.15
774.2741	1098.51	1081.85
774.7182	1062.11	1075.05
775.1832	1138.35	1127.22
775.6929	1091.05	1082.73
776.1848	1064.31	1057.00
776.6878	1044.29	1039.29
777.1791	1028.71	1025.74
777.6048	1021.67	1017.70
778.0459	1017.32	1010.80
778.3797	1009.51	1005.88
778.8369	1007.48	1004.45
779.3072	1002.69	1001.87
779.8040	1001.71	999.29
780.2968	999.13	998.36
780.7452	1000.36	998.08
781.2397	1000.45	998.25
781.6850	996.34	995.24
782.1145	996.17	993.67
782.5579	995.78	993.63
782.8926	994.61	992.38
783.3390	990.72	989.10
783.7797	988.60	986.99
784.2127	987.15	985.43
784.6703	988.12	984.56
785.1049	981.67	981.20
785.5581	978.88	980.41
785.8925	977.80	977.75
786.3233	975.77	975.13
786.7713	976.06	974.89
787.2479	973.49	971.20
787.7155	970.07	968.91
788.1610	969.38	968.02
788.6231	965.92	965.12
789.0623	965.45	962.90
789.3963	962.60	961.67
789.8297	959.89	959.44
790.3008	959.90	957.42
790.7914	957.97	956.61
791.2345	953.92	953.55
791.6826	952.04	951.87
792.1049	949.62	950.02
792.5536	949.48	948.70
792.9009	948.28	948.38
793.3608	945.85	944.46
793.8156	945.02	944.81
794.4285	942.70	942.51
794.8531	942.37	940.63
795.2743	940.29	938.83
795.7176	940.47	938.17
796.3875	935.71	935.84
797.1114	936.01	935.46
797.6246	931.86	932.58
798.0590	933.42	931.53
798.3937	931.38	930.65
798.9498	930.52	929.72
799.5040	928.86	927.33
800.1091	926.57	926.41
800.5570	925.48	924.98
800.8918	923.51	923.35
801.3323	924.55	923.26
802.0593	921.68	921.35
802.3928	921.70	920.33
802.8415	920.88	918.81
803.2849	917.92	917.01
803.6216	918.35	917.12
803.9549	919.14	915.84
804.2893	912.85	913.96
804.6246	912.04	913.07
804.9599	915.46	913.57
805.2918	913.30	912.57
805.6267	910.49	910.91
805.9618	912.74	910.71
806.2978	910.63	909.78
806.6330	909.82	909.01
806.9713	910.80	908.68
807.3079	907.67	908.01
807.6397	909.38	907.00
807.9729	906.68	906.58
808.3065	906.75	905.88
808.6394	905.71	905.35
808.9739	905.34	903.89
809.3119	906.57	904.17
809.6479	904.35	903.18
809.9863	902.47	902.11
810.3260	901.44	901.68
810.6676	903.60	902.42
811.0079	902.51	901.55
811.3476	903.33	900.09
811.6853	903.28	901.18
812.0284	902.29	900.18
812.3774	899.15	898.83
812.7140	900.03	898.03
813.0513	899.61	898.42
813.3899	900.09	896.67
813.7302	899.77	897.39
814.0700	898.74	896.83
814.4089	896.45	895.15
814.7445	898.26	895.34
815.0733	896.09	894.07
815.3995	895.08	893.93
815.7343	895.69	893.48
816.0652	893.99	892.60
816.4030	893.22	892.99
816.7389	893.39	892.42
817.1967	892.70	891.23
817.6714	895.92	892.24
818.1011	895.40	892.91
818.7638	893.17	890.88
819.3864	890.60	889.94
820.0276	892.33	890.07
820.5723	890.65	888.96
820.9075	888.58	887.70
821.3480	886.04	886.37
821.7829	889.36	886.71
822.2294	886.10	885.42
822.6762	886.22	885.27
823.1163	885.96	884.35
823.5589	886.94	885.08
823.8921	886.29	883.86
824.3354	884.96	882.92
824.8132	885.24	884.25
825.3010	884.64	882.64
825.7192	883.20	882.88
826.1678	885.14	881.73
826.6230	883.34	882.11
827.0526	884.93	881.94
827.3908	884.39	880.81
827.8675	882.61	880.65
828.3420	880.58	879.91
828.8187	879.74	879.53
829.3009	880.90	879.64
829.8463	878.69	877.90
830.3068	879.70	878.64
830.8159	878.49	878.08
831.3136	879.02	876.48
831.7984	878.95	877.57
832.2252	877.59	876.06
832.6770	877.00	876.42
833.1137	876.42	875.35
833.5562	876.08	875.13
833.8921	877.76	875.94
834.3423	876.14	874.67
834.7958	877.03	874.35
835.2218	875.06	873.76
835.6674	874.56	873.92
836.1070	875.69	873.97
836.5604	874.45	873.32
836.8948	874.71	872.96
837.3453	872.92	872.31
837.7903	871.93	871.54
838.2763	874.48	872.86
838.7420	875.50	872.55
839.2310	874.16	872.83
839.6706	871.94	871.52
840.1149	872.91	871.85
840.5579	873.00	871.66
840.8912	874.06	871.58
841.3314	873.61	871.55
841.7914	871.82	870.53
842.2203	872.58	870.80
842.6975	871.56	869.61
843.1750	873.55	870.82
843.6185	872.77	870.20
844.0666	872.77	869.70
844.3984	870.91	868.34
844.8353	869.78	868.63
845.2923	868.25	868.71
845.7312	870.70	868.72
846.1692	870.24	868.79
846.6331	872.15	868.35
847.1797	870.77	868.99
847.6934	869.97	868.45
848.1765	869.38	867.62
848.6255	871.50	868.70
849.0568	869.18	867.63
849.4023	869.76	867.65
849.8583	869.96	866.72
850.3570	866.20	865.72
850.8388	868.70	866.37
851.2850	868.50	866.69
851.7352	865.49	865.24
852.1712	866.39	865.05
852.6285	866.76	865.56
853.1245	866.01	865.57
853.5749	866.56	866.41
854.0557	866.06	865.76
854.3913	866.88	865.28
854.8512	866.74	865.27
855.2857	865.89	864.11
855.7332	864.94	863.57
856.1829	864.63	863.94
856.6178	866.19	864.33
857.0660	865.50	863.86
857.3893	865.98	864.21
857.8879	866.52	863.81
858.3472	864.89	862.32
858.7850	863.90	863.21
859.2232	864.28	863.28
859.7084	864.62	863.02
860.2088	863.85	862.23
860.7132	865.32	864.21
861.1983	861.79	862.77
861.6870	864.21	863.14
862.1804	862.75	861.94
862.6345	863.49	862.13
863.1166	864.72	862.14
863.5641	862.78	862.03
863.8992	864.26	861.89
864.3466	863.95	862.16
864.7848	861.22	860.41
865.2308	863.29	860.87
865.6762	862.34	861.10
866.1122	862.45	860.79
866.5621	861.15	860.73
866.8954	860.66	859.73
867.3438	862.08	860.72
867.7977	861.03	860.44
868.2833	860.45	860.07
868.7403	861.93	859.88
869.2302	860.96	859.51
869.6759	860.48	859.57
870.1175	860.25	859.12
870.5692	861.07	859.73
870.9017	862.15	859.15
871.3407	860.63	858.54
871.7998	861.04	859.34
872.2812	856.64	857.98
872.7495	860.81	858.32
873.2373	858.97	858.60
873.6968	858.47	857.61
874.1844	859.14	857.50
874.6370	857.76	857.49
875.1222	859.48	857.24
875.5787	859.14	857.88
875.9131	859.26	856.63
876.3623	859.04	857.39
876.8082	858.30	856.54
877.2950	856.15	855.57
877.7464	857.16	856.06
878.1800	856.27	855.88
878.6427	856.28	855.99
879.1399	857.49	856.09
879.6319	857.65	856.02
880.0816	856.84	855.23
880.4137	857.24	854.86
880.8475	856.13	855.00
881.3685	856.40	855.91
881.8796	857.17	855.44
882.3684	856.62	854.87
883.0934	856.60	856.21
883.6028	855.39	854.96
884.1000	856.20	854.25
884.5795	855.88	854.28
884.9118	857.75	854.01
885.3593	855.22	853.67
885.8097	853.80	853.72
886.3034	854.43	852.53
886.7597	855.31	854.83
887.2396	855.74	855.73
887.6930	857.66	854.50
888.1829	854.69	852.72
888.6354	856.77	853.13
889.1277	855.29	853.38
889.5797	854.29	852.53
890.0694	854.59	853.20
890.4040	855.79	852.95
890.8582	853.66	853.42
891.3073	854.19	853.16
891.7495	854.99	853.30
892.2528	855.18	854.02
892.7483	852.86	853.13
893.2032	854.22	852.37
893.7117	855.02	853.14
894.2194	852.95	852.50
894.7128	855.70	852.92
895.1933	855.82	853.48
895.6858	853.87	852.79
896.1394	854.17	852.13
896.6236	854.07	852.70
897.1568	853.98	852.90
897.6682	854.33	852.82
898.1680	853.98	851.97
898.6594	854.25	852.65
899.1817	852.97	852.00
899.6617	852.63	851.35
900.1628	852.27	852.88
900.6392	853.58	851.71
901.0952	852.75	851.00
901.5420	852.81	851.56
901.8778	853.16	852.58
902.3234	853.20	851.53
902.7692	851.08	850.44
903.2042	852.77	850.89
903.6568	853.48	851.13
904.1036	851.15	850.35
904.5577	853.08	850.90
904.8936	850.68	849.30
905.3304	850.98	849.86
905.7767	851.42	850.86
906.2111	851.44	849.90
906.6566	851.20	850.20
907.1301	850.88	849.42
907.6278	850.13	850.07
908.1271	852.74	850.32
908.6236	850.44	850.07
909.1272	851.52	850.91
909.6272	852.13	850.42
910.1184	853.65	850.38
910.5733	851.57	849.97
911.0694	851.27	849.57
911.4125	849.77	850.36
911.8483	848.09	849.25
912.2716	849.97	849.90
912.7206	851.13	849.27
913.2222	851.17	849.29
913.6948	850.08	849.59
914.1588	850.70	849.45
914.6088	849.86	848.78
915.0536	850.47	849.25
915.3894	850.08	849.06
915.8335	850.80	849.38
916.2803	848.77	848.53
916.7224	849.56	848.86
917.1633	848.30	847.98
917.6453	850.31	849.81
918.0958	850.62	849.23
918.5442	849.17	848.05
918.8921	850.60	849.21
919.3451	848.79	848.19
919.7719	849.08	847.95
920.2267	848.38	847.85
920.6687	849.60	848.39
921.1062	850.67	847.67
921.5493	851.17	848.34
921.8839	849.09	847.69
922.3276	849.32	848.13
922.7784	850.43	848.41
923.2263	848.74	847.96
923.6881	847.58	847.17
924.1806	848.34	848.23
924.6178	851.09	847.91
925.0619	848.68	848.12
925.3939	849.78	847.15
925.8315	848.02	847.24
926.2739	847.59	846.66
926.7444	849.37	847.53
927.2372	846.73	846.40
927.6642	846.66	846.07
928.1037	847.96	847.21
928.5873	848.11	847.01
929.0711	847.53	846.71
929.5752	847.77	847.34
930.0756	846.93	846.89
930.5727	849.37	846.02
931.0767	846.61	846.36
931.5713	848.57	846.56
931.9046	847.38	845.17
932.3275	845.49	845.18
932.7697	846.30	845.61
933.2158	846.93	844.88
933.6578	845.83	845.22
934.1736	846.55	846.33
934.6413	846.96	845.73
935.1256	846.65	845.17
935.6301	845.11	846.06
936.1268	845.26	845.59
936.6248	847.49	844.99
937.0637	847.01	845.74
937.3980	846.32	845.06
937.8274	847.23	845.51
938.2776	846.31	845.68
938.7119	844.86	845.11
939.1747	846.97	845.12
939.6299	845.86	844.80
940.1331	845.59	845.52
940.6165	846.19	844.90
941.0580	846.36	845.16
941.3918	846.06	844.65
941.8442	845.73	845.01
942.2808	844.96	844.55
942.7284	845.07	845.31
943.1665	844.48	843.91
943.6011	847.64	845.56
944.0584	846.16	845.30
944.3914	845.19	844.80
944.8307	844.68	845.43
945.2790	844.19	844.25
945.7163	846.07	845.62
946.1922	846.71	845.84
946.6954	844.51	845.03
947.1903	846.03	845.34
947.6682	846.59	844.87
948.1087	846.27	844.57
948.5556	844.59	845.06
948.9049	845.39	845.10
949.3729	846.42	845.60
949.8755	845.60	845.87
950.3560	844.03	843.52
950.7912	844.66	843.93
951.2278	843.44	843.50
951.6787	845.72	844.53
952.1204	843.26	843.61
952.5599	844.97	843.19
952.8925	845.29	843.34
953.3339	843.54	843.06
953.7848	843.88	842.97
954.2239	842.65	842.24
954.6691	843.89	843.17
955.1113	845.91	843.64
955.5572	845.79	843.19
955.8924	844.62	843.36
956.3353	843.54	843.64
956.7922	843.86	843.15
957.2282	845.89	843.85
957.6644	843.70	842.74
958.1027	844.83	843.22
958.5601	843.51	843.80
958.8938	842.83	841.93
959.3257	843.75	843.70
959.7729	843.35	842.90
960.2272	843.41	843.26
960.6682	842.47	843.51
961.1053	844.46	843.17
961.5621	844.14	843.02
961.8968	844.12	843.17
962.3380	843.66	843.05
962.7792	843.31	842.30
963.2299	845.35	843.60
963.6727	844.08	842.54
964.1098	844.25	843.35
964.5621	844.13	843.03
964.8963	844.06	843.25
965.3377	842.18	842.57
965.8018	846.45	843.66
966.2741	844.90	842.57
966.7269	843.40	841.94
967.1688	843.29	842.63
967.6046	844.38	842.59
968.0610	842.96	842.39
968.3972	842.13	841.93
968.8446	842.43	842.51
969.2857	841.72	842.21
969.7218	843.25	842.58
970.1713	839.86	840.91
970.6142	843.79	842.13
971.0593	845.27	842.61
971.3861	841.28	841.99
971.8481	843.67	842.15
972.3081	842.63	842.65
972.7908	840.78	841.58
973.2261	842.70	841.64
973.6646	843.23	842.31
974.1096	842.59	841.56
974.5634	842.72	841.80
974.8995	843.61	841.84
975.3445	841.88	841.47
975.7884	841.52	842.41
976.2306	841.30	840.71
976.6778	842.14	841.70
977.1147	842.84	841.34
977.5608	844.47	842.43
977.8870	842.54	841.44
978.3883	843.15	841.28
978.8561	841.77	841.93
979.2739	841.07	841.11
979.7236	841.96	841.22
980.1623	842.20	840.79
980.7033	844.10	842.62
981.1921	841.85	841.83
981.6718	842.19	841.95
982.1156	840.86	841.14
982.5637	843.76	840.91
982.8975	842.23	841.33
983.3396	843.13	841.12
983.8164	841.06	841.81
984.3281	840.55	840.54
984.8057	839.94	841.25
985.2797	843.37	841.65
985.7296	841.46	841.18
986.1687	841.57	841.08
986.6213	843.33	841.63
987.0520	842.07	841.37
987.3889	844.01	841.75
987.8403	841.14	840.19
988.2879	842.08	840.50
988.7253	841.93	841.02
989.1726	840.06	840.13
989.6206	842.31	841.48
990.0518	839.24	839.90
990.3897	840.04	840.00
990.8438	840.99	840.27
991.2889	839.46	840.04
991.7243	841.09	840.69
992.1741	840.95	839.95
992.6099	842.27	840.44
993.0634	842.10	840.41
993.3987	841.80	839.84
993.8443	840.74	840.40
994.2823	842.97	841.48
994.7316	841.11	840.25
995.1745	842.65	841.99
995.6236	842.46	840.80
996.0667	839.82	840.23
996.3999	840.60	840.30
996.8402	838.46	840.28
997.2784	839.91	840.64
997.7321	839.89	840.74
998.1741	840.03	839.34
998.6134	840.64	839.11
999.0652	840.50	839.33
999.4004	840.75	839.86
999.8466	839.10	840.09
1000.2867	841.46	839.35
1000.7340	839.66	839.79
1001.1874	839.82	840.70
1001.6802	839.72	840.03
1002.1234	838.09	838.87
1002.6428	841.63	839.32
1003.1296	839.94	839.76
1003.6135	841.15	840.17
1004.0533	840.54	839.67
1004.3866	840.35	839.56
1004.8463	837.98	838.47
1005.3109	841.42	839.70
1005.8090	838.85	839.12
1006.2771	839.68	839.42
1006.7319	840.18	838.96
1007.1808	838.50	839.44
1007.6296	839.02	839.03
1008.1126	842.19	839.92
1008.5687	840.43	839.35
1008.9037	840.28	838.83
1009.3491	837.65	838.44
1009.7962	839.81	838.62
1010.2282	839.11	838.86
1010.7397	839.85	839.87
1011.2627	839.08	838.73
1011.7495	839.74	839.02
1012.2507	839.26	838.49
1012.7516	840.98	838.81
1013.2451	837.98	838.74
1013.7566	839.33	838.77
1014.2663	839.29	840.18
1014.7626	839.78	838.57
1015.2535	839.37	838.25
1015.7588	839.59	839.52
1016.2507	838.92	838.50
1016.7329	840.93	838.48
1017.1672	839.16	838.53
1017.6152	841.58	838.58
1018.0679	840.59	839.37
1018.4006	838.47	837.99
1018.8352	838.70	838.48
1019.2903	836.86	838.77
1019.7312	839.39	838.94
1020.1697	839.50	838.16
1020.6119	839.82	839.02
1021.0560	840.47	838.48
1021.5993	838.05	838.14
1022.0605	838.80	838.13
1022.3958	839.33	838.24
1022.8476	838.92	838.27
1023.2843	836.81	838.54
1023.7613	837.45	837.93
1024.2563	838.68	837.80
1024.7353	837.85	838.28
1025.1667	838.96	837.42
1025.6236	838.82	838.23
1026.0736	838.43	838.25
1026.5624	838.60	837.92
1026.8982	840.92	837.88
1027.3500	838.40	837.42
1027.7822	839.18	838.76
1028.2940	835.82	836.77
1028.7568	837.47	836.16
1029.2297	837.73	837.17
1029.6903	836.51	836.59
1030.1748	837.10	836.50
1030.6225	835.56	836.97
1031.0688	836.09	836.42
1031.4019	836.50	835.91
1031.8426	835.66	836.36
1032.2939	837.41	836.60
1032.7410	837.86	836.74
1033.2221	838.91	837.14
1033.7048	838.03	837.54
1034.1677	837.70	838.10
1034.6271	837.65	836.63
1035.1144	837.42	837.47
1035.5731	838.08	837.67
1036.0580	836.94	836.05
1036.4012	838.18	836.93
1036.8761	838.49	836.74
1037.3748	839.05	836.03
1037.8784	838.81	837.59
1038.3662	837.28	836.38
1038.8462	837.40	836.51
1039.2919	838.04	836.26
1039.7473	836.42	836.69
1040.1975	836.40	836.18
1040.7061	836.00	836.51
1041.2121	837.52	836.63
1041.6914	837.51	837.15
1042.1391	836.07	836.70
1042.6242	838.31	836.43
1043.1525	838.16	836.44
1043.6402	837.06	836.56
1044.1996	836.44	836.72
1044.7166	838.64	837.81
1045.1881	837.23	835.97
1045.6392	839.00	836.00
1046.1214	836.06	836.34
1046.5854	839.17	837.53
1047.0703	836.63	836.83
1047.4126	836.67	836.31
1047.8828	836.18	836.19
1048.3754	836.34	836.49
1048.8562	835.15	835.94
1049.3621	836.19	836.29
1049.8337	836.20	836.07
1050.3213	836.32	835.94
1050.7965	835.85	835.59
1051.2490	835.89	835.56
1051.6992	835.93	834.73
1052.1899	834.82	835.18
1052.6425	836.06	835.50
1053.1306	837.10	835.79
1053.6531	836.78	836.04
1054.1457	837.63	836.32
1054.6301	836.23	835.62
1055.0852	836.36	835.42
1055.5761	836.46	836.28
1055.9101	835.73	835.87
1056.3614	835.67	835.71
1056.7931	835.71	835.24
1057.3138	834.01	835.36
1057.8334	836.07	835.64
1058.3438	834.93	835.13
1058.8331	834.16	834.37
1059.3341	833.14	834.49
1059.8248	834.30	835.36
1060.3139	834.67	834.46
1060.7951	834.82	835.02
1061.2457	834.73	834.24
1061.6873	836.74	834.96
1062.1320	835.13	834.29
1062.5765	837.29	835.07
1062.9116	837.38	834.40
1063.3628	833.51	834.98
1063.8082	834.27	833.09
1064.3058	836.16	835.10
1064.8176	834.87	833.71
1065.2971	833.95	834.22
1065.7485	834.38	834.44
1066.2381	835.34	834.33
1066.6958	835.23	834.15
1067.1930	833.18	834.88
1067.6871	834.79	834.37
1068.1583	835.79	834.22
1068.6397	834.93	834.00
1069.1361	834.55	833.37
1069.6278	833.87	833.19
1070.0848	832.76	833.35
1070.5785	835.07	834.21
1071.0760	833.88	833.74
1071.4092	833.38	833.07
1071.8600	834.57	833.01
1072.3027	832.01	832.04
1072.7424	833.36	833.00
1073.1967	835.76	833.40
1073.6913	832.67	833.75
1074.1830	831.47	833.00
1074.6394	834.61	832.63
1075.1297	833.84	832.65
1075.5805	832.29	833.19
1075.9149	833.92	832.99
1076.3637	832.41	832.49
1076.8504	832.95	833.00
1077.3102	832.22	833.23
1077.8066	831.57	832.57
1078.3230	832.36	832.55
1078.8311	833.51	833.52
1079.3040	832.16	832.15
1079.7553	832.09	832.50
1080.2480	833.23	832.31
1080.7408	833.53	833.42
1081.1938	831.56	833.33
1081.6925	832.57	833.51
1082.1857	833.48	832.36
1082.6418	835.88	833.58
1083.1497	833.18	832.91
1083.6425	832.60	832.48
1084.1405	833.36	833.68
1084.6292	832.50	832.37
1085.0893	836.19	833.73
1085.5841	833.39	832.80
1086.0760	832.90	831.97
1086.5991	832.12	833.06
1087.1078	834.01	833.46
1087.5798	834.04	833.34
1088.0773	834.04	832.83
1088.6052	834.34	833.38
1089.1077	835.15	833.14
1089.6111	833.64	833.04
1090.0807	833.88	833.05
1090.5838	833.44	832.26
1091.0812	831.56	832.19
1091.5796	833.99	832.89
1092.0640	834.15	833.55
1092.6356	833.64	833.59
1093.3553	834.39	833.34
1094.0313	834.14	834.05
1094.7071	834.49	833.32
1095.3764	833.40	832.62
1096.0772	831.54	833.60
1096.7482	833.10	833.58
1097.3441	833.37	833.54
1098.0799	832.05	833.01
1098.4089	833.92	832.95
1099.0793	832.32	831.65
1099.4110	833.77	832.15
1099.8542	830.80	831.76
1100.3118	833.00	832.21
1100.7991	830.70	830.83
1101.2528	831.36	831.87
1101.7567	830.72	831.05
1102.2520	830.36	831.55
1102.7468	830.36	830.94
1103.2455	831.24	831.65
1103.6975	832.46	832.20
1104.1906	831.87	832.04
1104.6859	832.14	830.32
1105.1379	830.29	830.05
1105.6383	831.80	831.38
1106.1406	832.04	832.27
1106.6433	833.00	831.89
1107.1423	832.68	831.12
1107.6408	831.91	832.32
1108.1951	832.20	832.42
1108.7305	831.79	832.18
1109.2193	831.38	831.49
1109.7227	830.88	831.81
1110.2195	831.68	831.23
1110.6955	830.94	831.05
1111.1902	830.12	830.81
1111.6863	832.53	830.94
1112.1396	831.75	831.05
1112.6398	833.29	831.15
1113.1456	832.76	830.83
1113.6337	830.42	829.83
1114.1341	831.83	831.60
1114.6356	831.25	831.47
1115.1328	830.84	830.84
1115.6363	832.40	830.78
1116.1356	831.04	830.68
1116.6352	830.65	830.85
1117.1375	832.98	830.96
1117.6622	831.28	831.34
1118.1637	831.23	831.25
1118.6746	831.22	830.70
1119.1551	830.64	830.18
1119.6326	832.02	830.47
1120.1337	832.29	831.03
1120.6358	832.53	831.53
1121.1338	832.10	831.63
1121.6621	830.80	830.66
1122.1751	831.81	831.51
1122.6620	830.98	830.96
1123.1671	832.39	831.23
1123.6400	831.59	830.71
1124.1359	830.46	831.15
1124.6695	830.74	830.23
1125.1456	832.05	829.95
1125.6680	830.53	831.18
1126.1354	831.02	830.26
1126.6381	829.98	830.41
1127.1410	830.71	830.47
1127.6385	832.06	830.07
1128.1368	829.73	829.77
1128.6481	831.81	830.22
1129.1379	829.44	829.67
1129.6378	828.42	829.76
1130.1410	829.48	829.44
1130.6463	829.11	829.35
1131.1355	830.10	829.87
1131.6764	832.60	830.75
1132.1495	832.94	830.25
1132.6709	832.26	830.55
1133.1374	829.88	828.68
1133.6377	828.45	828.95
1134.1357	829.98	829.65
1134.6376	829.63	829.78
1135.1656	827.89	828.81
1135.6472	828.38	829.24
1136.1370	829.19	828.73
1136.6599	829.91	829.67
1137.1880	828.05	829.16
1137.7192	829.39	828.28
1138.1929	830.15	829.33
1138.6992	828.51	829.18
1139.1995	828.62	828.85
1139.6920	829.91	829.29
1140.1908	829.56	828.46
1140.6939	829.98	828.89
1141.2237	827.88	828.83
1141.7351	829.33	828.87
1142.2284	828.22	828.11
1142.7317	828.90	829.30
1143.2255	829.55	828.12
1143.7290	829.74	828.44
1144.2008	828.02	827.70
1144.7005	827.29	828.67
1145.2014	830.04	828.22
1145.6995	826.93	828.52
1146.2010	827.02	828.24
1146.6993	829.96	828.23
1147.1916	828.18	827.29
1147.7312	830.30	830.17
1148.2240	829.37	828.91
1148.7051	827.72	827.53
1149.1983	829.30	828.11
1149.7032	827.64	827.69
1150.1966	830.54	829.02
1150.7037	828.73	827.50
1151.2016	828.50	828.56
1151.7037	828.42	828.64
1152.1991	828.70	828.47
1152.7020	827.99	827.93
1153.1968	827.53	827.92
1153.6930	828.85	827.51
1154.1945	827.76	828.71
1154.7021	824.19	826.80
1155.1974	827.29	827.07
1155.7044	827.10	828.22
1156.2079	830.12	828.63
1156.7017	827.46	828.58
1157.1992	827.64	827.52
1157.6951	826.91	828.00
1158.1972	826.27	827.56
1158.6899	827.46	827.44
1159.1550	829.66	828.03
1159.7025	829.04	827.83
1160.2270	827.82	826.92
1160.7292	826.62	826.83
1161.1969	827.20	827.49
1161.6970	825.72	827.02
1162.1956	826.22	826.89
1162.6983	827.84	827.46
1163.2007	826.83	826.92
1163.7025	829.06	827.05
1164.1940	826.83	826.29
1164.6917	828.34	827.44
1165.2032	828.42	828.27
1165.7072	825.41	826.34
1166.1972	824.23	826.42
1166.7081	826.54	826.74
1167.2053	826.72	826.64
1167.6992	826.64	826.66
1168.1972	827.44	827.66
1168.7077	829.67	826.86
1169.2012	826.63	827.22
1169.7365	827.43	827.35
1170.2736	824.56	825.94
1170.7510	825.01	825.80
1171.2525	825.44	824.80
1171.7489	826.53	826.35
1172.2618	827.11	826.00
1172.8171	826.67	826.21
1173.3448	827.55	826.20
1173.8118	825.27	824.99
1174.3128	827.39	826.39
1174.8203	826.21	826.13
1175.3092	826.16	826.39
1175.8093	824.66	826.50
1176.3132	826.91	826.73
1176.8202	825.96	825.55
1177.3128	824.50	824.27
1177.8126	825.22	825.12
1178.3204	826.88	825.50
1178.8654	825.50	825.61
1179.6108	825.17	825.67
1180.1183	824.79	824.87
1180.6227	826.17	825.17
1181.1085	825.65	825.58
1181.5976	823.44	825.35
1182.1150	825.54	825.33
1182.6249	825.08	825.97
1183.1786	825.43	825.36
1183.6787	825.87	825.63
1184.1564	825.12	824.75
1184.6414	824.11	824.73
1185.1710	824.13	824.81
1185.6750	825.50	825.45
1186.2286	824.95	824.79
1186.7111	826.26	825.49
1187.2306	824.54	825.02
1187.7329	823.22	824.20
1188.2829	824.29	824.89
1188.7990	823.99	825.44
1189.3481	825.12	825.17
1189.8518	827.72	825.69
1190.3969	827.85	825.99
1190.9002	825.92	824.80
1191.3982	824.08	825.21
1192.1176	826.05	825.92
1192.6013	825.38	824.19
1193.0867	826.49	824.90
1193.6137	826.88	825.33
1194.1147	826.18	826.19
1194.6269	826.20	825.28
1195.1786	828.29	825.75
1195.7262	824.60	825.04
1196.2126	825.60	825.35
1196.7042	823.48	824.61
1197.2082	825.17	825.15
1197.7082	825.35	825.27
1198.1965	825.61	825.23
1198.7299	825.59	825.31
1199.2355	826.74	825.63
1199.7940	824.97	825.11
1200.3358	824.38	824.40
1200.8251	826.13	824.65
1201.3380	824.24	824.96
1201.8161	824.40	824.14
1202.3012	823.30	824.81
1202.8019	823.10	824.76
1203.2954	822.16	824.07
1203.7082	825.45	824.42
1204.2251	824.19	825.19
1204.6959	826.82	825.78
1205.1870	825.09	825.17
1205.6894	825.82	824.88
1206.1945	824.72	824.25
1206.6911	826.03	825.88
1207.1890	826.90	824.89
1207.6275	826.08	825.15
1208.1899	826.06	825.00
1208.6886	824.78	824.72
1209.1967	826.72	824.65
1209.7008	823.58	824.06
1210.1947	823.96	824.72
1210.6940	825.05	824.87
1211.1654	825.18	824.38
1211.6240	824.63	824.43
1212.0695	824.24	823.83
1212.4055	823.01	823.23
1212.8475	822.66	823.79
1213.2859	823.93	823.31
1213.7281	825.07	823.41
1214.1786	824.30	823.89
1214.6089	821.40	823.25
1215.0635	824.91	824.16
1215.3967	822.91	822.62
1215.8442	821.86	823.53
1216.2877	823.80	823.59
1216.7319	824.92	823.03
1217.1740	825.02	824.07
1217.6190	824.51	823.96
1218.0685	824.24	823.31
1218.4041	823.83	823.15
1218.8518	822.16	823.80
1219.3698	825.53	823.77
1219.8395	823.63	822.84
1220.2865	821.51	822.63
1220.7309	822.52	822.35
1221.1771	821.41	822.82
1221.6151	824.03	823.89
1222.0647	824.54	823.96
1222.4001	825.33	823.48
1222.8471	823.46	822.95
1223.2840	822.60	822.67
1223.7312	821.51	822.04
1224.1724	823.93	822.48
1224.6210	823.55	822.52
1225.0872	822.14	823.14
1225.5601	824.40	823.03
1225.8961	823.89	822.89
1226.3468	823.33	822.73
1226.7854	821.82	822.19
1227.2265	825.26	822.91
1227.6747	822.11	821.99
1228.1225	823.43	822.40
1228.5624	824.16	822.80
1228.8986	824.97	822.92
1229.4056	821.98	822.23
1229.8806	823.72	822.65
1230.3685	824.23	822.24
1230.8444	823.10	822.22
1231.2857	820.52	821.64
1231.7331	822.96	822.45
1232.2454	822.11	823.00
1232.7499	822.60	822.65
1233.2255	822.78	823.00
1233.6771	822.66	822.44
1234.1287	823.61	822.93
1234.5593	823.22	822.34
1234.8884	822.39	821.49
1235.3388	823.28	822.89
1235.7874	822.77	822.13
1236.2388	823.78	822.21
1236.7449	822.27	822.42
1237.2487	824.05	822.97
1237.7279	821.82	822.03
1238.1699	821.42	821.82
1238.6247	823.55	822.03
1239.0711	822.87	822.63
1239.3995	821.87	821.82
1239.8379	822.92	821.62
1240.2942	823.26	821.43
1240.7367	822.95	821.50
1241.1751	821.39	821.75
1241.6140	822.35	821.15
1242.0634	823.02	821.67
1242.3984	822.75	821.53
1242.8508	820.64	821.02
1243.2829	822.24	821.59
1243.7375	820.51	820.94
1244.1802	822.50	821.22
1244.6260	821.69	821.91
1245.0627	823.68	822.42
1245.3970	822.24	821.23
1245.8521	821.79	821.42
1246.2922	819.19	821.25
1246.7304	820.18	821.48
1247.1711	821.57	821.38
1247.6264	822.50	821.55
1248.0613	821.58	821.41
1248.3945	821.86	822.01
1248.8377	820.04	820.68
1249.2900	821.23	821.91
1249.8010	820.74	821.40
1250.3036	820.17	821.36
1250.7407	819.98	820.39
1251.1707	820.15	820.04
1251.6264	821.22	820.64
1252.0580	820.97	820.47
1252.3919	821.79	820.86
1252.8406	819.67	820.83
1253.2940	822.29	821.79
1253.7421	821.01	820.16
1254.1716	822.30	820.80
1254.6349	822.76	820.76
1255.1138	820.78	821.03
1255.5660	822.19	820.66
1255.8993	821.56	821.04
1256.3459	820.21	821.52
1256.8225	821.54	821.36
1257.3759	823.83	821.41
1258.0897	820.36	820.66
1258.5980	822.78	821.37
1259.0893	821.33	820.62
1259.5913	823.11	822.20
1260.0660	821.00	820.57
1260.3981	820.33	820.93
1260.8433	820.40	820.47
1261.3189	820.33	820.79
1261.8301	820.75	821.34
1262.3074	823.34	821.81
1262.7779	821.26	820.79
1263.2998	820.97	821.51
1263.8079	820.67	820.20
1264.2829	818.63	819.45
1264.7364	821.61	820.69
1265.1790	820.24	820.27
1265.6136	820.85	819.74
1266.0715	820.04	820.61
1266.4075	822.43	821.16
1266.8522	820.82	820.64
1267.2960	820.71	819.20
1267.7462	819.66	820.88
1268.2216	820.73	819.56
1268.6811	819.54	820.09
1269.1856	819.83	820.12
1269.7061	820.03	819.96
1270.2086	819.70	819.69
1270.7080	821.36	820.81
1271.2006	821.13	819.44
1271.6798	821.41	820.34
1272.1379	820.24	820.30
1272.6257	821.43	819.70
1273.0730	819.63	819.65
1273.4083	820.46	820.35
1273.8648	821.56	820.01
1274.3375	820.42	819.23
1274.7961	819.46	819.51
1275.2361	821.71	819.53
1275.6919	820.42	820.07
1276.1754	820.69	819.55
1276.6273	820.95	820.25
1277.0726	819.58	820.24
1277.6495	821.37	820.94
1278.1478	820.61	820.28
1278.6221	820.41	819.86
1279.0593	821.20	820.14
1279.3745	820.83	819.83
1279.8642	820.67	819.52
1280.3431	821.55	819.50
1280.8000	819.76	819.63
1281.2303	820.88	819.28
1281.7126	820.18	819.77
1282.2013	820.81	819.38
1282.7100	820.59	818.93
1283.1826	820.65	819.36
1283.6190	820.05	820.05
1284.0879	818.37	819.28
1284.5924	819.01	818.36
1285.0705	817.84	818.89
1285.4056	820.48	819.68
1285.8516	817.84	818.41
1286.3428	820.39	820.44
1286.8214	817.25	818.66
1287.2912	820.04	819.31
1287.7258	819.43	819.05
1288.1798	819.06	819.80
1288.6246	820.34	819.81
1289.0745	819.68	818.96
1289.4091	821.91	819.67
1290.0851	821.24	819.41
1290.5736	819.07	818.69
1290.9090	820.00	819.34
1291.3537	818.99	817.93
1291.8009	819.48	819.24
1292.3057	819.09	818.69
1292.7911	817.66	818.44
1293.2245	818.87	817.80
1293.6806	819.85	819.44
1294.1296	820.00	819.51
1294.5615	817.52	818.59
1294.8943	819.19	818.64
1295.3424	821.67	819.02
1295.8553	820.23	819.38
1296.3386	819.90	819.41
1296.8293	816.50	818.31
1297.3199	816.90	818.60
1297.8046	819.66	819.05
1298.3088	819.35	819.58
1298.8033	817.93	818.40
1299.2851	818.12	817.50
1299.7326	819.97	819.49
1300.2294	819.02	819.44
1300.7049	817.69	818.36
1301.1705	820.55	819.18
1301.6339	820.09	818.28
1302.1159	817.60	818.98
1302.5936	820.25	819.53
1303.0876	818.63	818.99
1303.6040	820.27	818.88
1304.0924	819.33	818.73
1304.5674	818.71	819.04
1304.9008	819.91	818.39
1305.3389	817.69	817.10
1305.7968	817.65	818.35
1306.2615	818.58	818.57
1306.7709	819.70	818.60
1307.2500	818.60	819.05
1307.7440	817.83	818.24
1308.1877	817.91	818.12
1308.6212	817.11	818.50
1309.0726	819.82	818.28
1309.4047	818.30	817.92
1309.8557	815.72	817.82
1310.2983	818.95	817.83
1310.7283	818.63	817.45
1311.1786	818.12	817.24
1311.6357	817.40	817.57
1312.1239	817.50	817.36
1312.5658	819.57	818.39
1312.9016	818.10	818.03
1313.3526	816.94	818.43
1313.7959	816.90	817.51
1314.2331	819.41	818.46
1314.6741	818.28	817.07
1315.1190	817.07	818.09
1315.5703	818.44	817.05
1316.0907	816.90	817.71
1316.6023	818.39	817.45
1317.0976	819.12	818.27
1317.5973	817.70	818.19
1318.1158	818.91	817.83
1318.5966	818.59	817.56
1319.0735	818.79	817.74
1319.4055	817.77	817.30
1319.8532	818.45	817.03
1320.2990	816.19	817.01
1320.8233	818.80	817.23
1321.3228	815.94	817.37
1321.8006	816.19	816.70
1322.3116	817.64	817.24
1322.8630	817.86	817.61
1323.3669	817.01	816.81
1323.8467	817.14	816.54
1324.2930	815.94	815.88
1324.7416	815.74	816.62
1325.2585	816.48	816.31
1325.7586	817.17	816.50
1326.2661	815.99	816.52
1326.7649	816.90	816.91
1327.2636	816.88	816.68
1327.7355	816.31	816.42
1328.1887	817.38	816.34
1328.6831	817.78	817.13
1329.1260	816.88	816.81
1329.5694	817.70	816.27
1329.9052	817.55	816.24
1330.3613	817.60	816.30
1330.8807	818.38	816.67
1331.3741	818.52	817.02
1331.8896	816.95	815.25
1332.3732	815.71	815.79
1332.8490	817.12	816.18
1333.2915	816.24	816.88
1333.7421	816.60	815.37
1334.2333	816.11	816.39
1334.6878	817.00	815.06
1335.1768	816.19	815.61
1335.6360	816.60	817.13
1336.1179	814.84	816.02
1336.5691	816.08	815.74
1336.9026	817.25	815.46
1337.3537	815.24	815.92
1337.8316	813.46	815.43
1338.3801	816.22	816.07
1338.8460	815.51	815.15
1339.3042	814.92	816.21
1339.8509	816.63	815.54
1340.3199	814.86	815.56
1340.8174	816.08	815.87
1341.3191	816.78	816.10
1341.8290	815.15	815.82
1342.3258	815.72	815.70
1342.8267	814.88	815.89
1343.3093	816.42	815.43
1343.8087	816.64	815.98
1344.3018	813.92	814.72
1344.7856	816.14	814.65
1345.2419	816.30	814.75
1345.7351	814.28	815.39
1346.1775	814.01	815.24
1346.6306	816.42	815.61
1347.1259	815.75	815.50
1347.5693	815.12	814.82
1347.9046	816.68	814.87
1348.3563	816.17	815.08
1348.8077	815.68	814.91
1349.2880	813.92	814.14
1349.7335	814.56	814.74
1350.1861	815.28	815.31
1350.7045	816.16	815.14
1351.1853	815.92	815.96
1351.6801	814.72	815.18
1352.1345	813.33	814.37
1352.6237	817.33	815.05
1353.0650	817.67	816.04
1353.5937	815.81	814.36
1354.0989	816.49	815.32
1354.5798	818.04	815.18
1355.0727	816.45	815.49
1355.4054	815.61	814.84
1355.8605	815.35	814.27
1356.3538	815.53	814.40
1356.8057	814.66	815.60
1357.2923	814.71	814.07
1357.7389	813.86	815.23
1358.1761	815.23	814.48
1358.6211	815.38	814.76
1359.1534	814.54	814.93
1359.6483	815.92	815.72
1360.1469	816.05	815.57
1360.6258	813.96	815.04
1361.1480	815.40	815.27
1361.6260	816.02	814.74
1362.0812	814.97	814.32
1362.5817	814.67	814.56
1363.0695	815.93	816.15
1363.4043	813.30	813.39
1363.8576	815.43	814.55
1364.3509	814.58	814.67
1364.8067	814.11	813.77
1365.2903	813.29	813.47
1365.7453	814.87	814.81
1366.2371	812.77	813.68
1366.6895	814.84	814.63
1367.1840	813.48	813.59
1367.6260	814.78	814.07
1368.0675	815.84	814.61
1368.6003	815.78	814.03
1369.0663	814.88	814.07
1369.3990	814.43	814.32
1369.8560	812.34	814.48
1370.3703	814.05	814.39
1370.8584	814.38	813.77
1371.3543	814.68	814.36
1371.8087	813.24	813.54
1372.2963	814.49	813.81
1372.7433	813.80	813.42
1373.1923	813.94	813.75
1373.6410	814.73	813.27
1374.1400	814.40	814.12
1374.6359	813.86	813.79
1375.1363	812.60	812.58
1375.5927	813.18	813.87
1376.0851	814.91	814.15
1376.5832	813.83	814.20
1377.0796	815.01	814.36
1377.4139	813.64	813.08
1377.8696	816.09	813.97
1378.3715	814.85	814.04
1378.8985	815.63	814.30
1379.3861	816.71	814.61
1379.8650	815.68	813.67
1380.3689	816.91	814.21
1380.8659	815.83	814.29
1381.3596	814.56	813.96
1381.8023	815.19	813.73
1382.2566	814.24	813.78
1382.7524	813.53	813.49
1383.2513	813.73	814.03
1383.7473	813.25	813.12
1384.2066	816.88	815.07
1384.6920	814.46	814.22
1385.1943	814.58	814.12
1385.6948	814.68	815.05
1386.1918	815.13	813.44
1386.6646	815.03	813.85
1387.1423	815.19	814.65
1387.6434	816.00	815.17
1388.1395	816.08	815.03
1388.6415	816.31	814.84
1389.1322	815.20	814.14
1389.5973	814.32	813.06
1390.0834	814.82	813.88
1390.5835	815.20	813.86
1391.0908	814.89	814.12
1391.5849	816.68	814.66
1392.0834	814.62	813.88
1392.5891	812.80	814.84
1393.0866	815.95	813.84
1393.5884	815.35	813.50
1394.0903	814.50	813.35
1394.5905	814.45	813.69
1395.0905	813.02	813.92
1395.5891	815.42	814.31
1396.0919	815.34	813.81
1396.5872	813.44	814.11
1397.0908	815.30	814.30
1397.5909	815.71	814.39
1398.0919	814.71	813.79
1398.5872	813.57	812.91
1399.0830	814.35	813.70
1399.5913	816.29	813.30
1400.1264	815.48	813.61
1400.6165	811.23	811.91
1401.0934	815.50	813.34
1401.5910	815.10	814.10
1402.0811	814.73	813.67
1402.6119	814.93	813.94
1403.1152	813.69	813.05
1403.5972	813.34	813.33
1404.0924	812.05	813.26
1404.5912	813.79	812.37
1405.0925	813.62	813.37
1405.5843	814.48	813.18
1406.0844	814.60	813.52
1406.5805	812.85	812.49
1406.9148	814.38	813.44
1407.3722	812.52	812.19
1407.8595	813.74	813.38
1408.3112	812.27	812.47
1408.8064	812.91	812.69
1409.3052	811.09	812.08
1409.7674	811.56	811.83
1410.2794	814.05	813.34
1410.7554	812.98	812.35
1411.2573	815.05	812.73
1411.7568	811.67	813.12
1412.2463	812.56	812.61
1412.7025	812.22	811.59
1413.2017	810.59	813.14
1413.6913	813.36	811.98
1414.1963	814.15	813.03
1414.7033	813.07	812.05
1415.1935	813.95	813.10
1415.7002	813.19	812.25
1416.2019	813.93	813.20
1416.7039	813.90	813.28
1417.2014	811.83	811.42
1417.7030	811.82	812.77
1418.2034	812.57	812.79
1418.7009	813.26	812.92
1419.2315	814.20	812.63
1419.7060	813.37	812.24
1420.1960	814.74	813.25
1420.6924	813.31	812.92
1421.1894	814.79	812.08
1421.6470	811.70	812.70
1422.1473	811.39	811.60
1422.6498	814.03	812.53
1423.1402	812.32	811.93
1423.6399	813.27	811.65
1424.1484	814.08	813.03
1424.6702	810.66	811.40
1425.1492	812.98	812.34
1425.6403	813.30	812.64
1426.1453	812.21	811.69
1426.6601	812.05	812.04
1427.1775	815.28	812.90
1427.6435	812.95	812.23
1428.1438	812.98	811.52
1428.6494	812.97	812.04
1429.1377	810.64	811.73
1429.6468	812.45	811.43
1430.1460	811.70	812.21
1430.6458	812.66	811.81
1431.1392	812.48	811.60
1431.6429	811.84	812.78
1432.1417	810.54	811.28
1432.6430	812.86	811.93
1433.1467	813.04	813.03
1433.6497	811.99	811.85
1434.1708	812.90	811.87
1434.6623	812.51	811.64
1435.1770	812.19	811.49
1435.6437	813.07	812.12
1436.1484	814.53	811.26
1436.6512	812.60	810.83
1437.1498	813.45	811.45
1437.6539	810.77	810.30
1438.1415	811.95	810.83
1438.7164	813.20	811.74
1439.2212	810.92	810.74
1439.6989	811.74	810.94
1440.2001	812.41	810.68
1440.7035	810.17	811.18
1441.1972	810.37	810.44
1441.6962	812.32	811.77
1442.1978	810.73	811.33
1442.7039	811.31	810.45
1443.2015	812.62	810.91
1443.6980	812.09	811.02
1444.2157	810.37	810.83
1444.7374	809.98	811.31
1445.2834	812.08	811.31
1445.7885	811.23	810.54
1446.2588	810.68	810.62
1446.7653	810.13	810.33
1447.2605	811.98	811.48
1447.7913	810.69	810.33
1448.2868	812.58	811.27
1448.7924	809.87	811.05
1449.2914	811.14	809.92
1449.7642	809.49	810.41
1450.2803	809.89	810.37
1450.7590	810.16	810.39
1451.2605	810.75	810.06
1451.7849	810.57	809.62
1452.2599	812.27	810.56
1452.7515	812.14	810.45
1453.2519	813.28	810.95
1453.7974	812.52	811.49
1454.3340	810.64	811.31
1454.8192	813.00	811.13
1455.3099	811.58	810.49
1455.8094	810.27	810.79
1456.3770	811.95	811.49
1456.9037	810.29	810.34
1457.3951	810.89	809.83
1457.8986	812.39	810.57
1458.3734	810.65	810.68
1458.8709	811.28	810.60
1459.3639	810.62	810.33
1459.8688	810.80	810.35
1460.4024	810.77	809.80
1460.8769	811.50	810.77
1461.3751	812.46	808.90
1461.8723	811.36	811.38
1462.3746	813.09	810.84
1462.8766	812.79	811.02
1463.3719	810.83	810.27
1464.1254	810.08	810.46
1464.5907	811.84	810.36
1465.0973	811.39	810.38
1465.5868	810.36	810.72
1466.0897	812.12	810.57
1466.6130	812.48	810.49
1467.1151	810.08	809.83
1467.6220	813.64	810.90
1468.1647	810.89	810.24
1468.6394	810.42	809.95
1469.1477	811.01	810.65
1469.6428	810.73	809.74
1470.1761	812.08	810.46
1470.6713	809.55	809.53
1471.1613	811.55	809.91
1471.6545	810.77	809.61
1472.1492	812.73	810.78
1472.6468	814.43	810.54
1473.1465	811.00	810.70
1473.6448	812.88	810.88
1474.1510	812.30	810.58
1474.6541	812.46	810.41
1475.1534	812.39	811.40
1475.6645	811.20	810.28
1476.1529	809.72	810.10
1476.6582	810.10	809.64
1477.1440	810.31	809.25
1477.6433	810.74	810.29
1478.2032	810.29	810.19
1478.7314	813.07	810.16
1479.2012	811.23	809.68
1479.7022	810.11	809.39
1480.2337	810.84	809.52
1480.7341	807.41	808.31
1481.2322	810.05	810.11
1481.7272	809.14	809.66
1482.2351	809.54	808.79
1482.7338	808.81	808.79
1483.2016	810.19	809.38
1483.7278	810.85	809.16
1484.2284	811.03	808.81
1484.7279	809.74	808.51
1485.2074	810.35	809.65
1485.6963	812.08	809.34
1486.2011	812.80	809.41
1486.7012	809.64	809.10
1487.2012	809.34	808.68
1487.7310	809.45	808.63
1488.2018	810.75	809.51
1488.7011	809.53	809.53
1489.2090	809.75	808.99
1489.7801	809.42	809.15
1490.2833	808.23	808.23
1490.7987	810.26	809.83
1491.3474	809.92	809.11
1491.8472	810.45	809.43
1492.3487	809.50	809.28
1492.8307	808.22	807.98
1493.3162	808.02	808.76
1493.8271	808.40	808.10
1494.3528	810.18	808.36
1494.8533	811.12	808.95
1495.4050	810.78	808.11
1496.1173	810.51	809.10
1496.6248	810.81	809.26
1497.1671	808.69	807.64
1497.6796	811.35	810.02
1498.2275	808.99	808.62
1498.7145	808.79	808.35
1499.2105	808.70	809.43
1499.7340	810.36	808.72
1500.2024	809.24	808.69
1500.7092	811.69	809.34
1501.2118	809.82	809.01
1501.7179	809.87	808.86
1502.1764	808.42	808.12
1502.6261	807.66	807.97
1503.0535	808.14	806.91
1503.3893	810.28	808.12
1503.8410	809.60	808.05
1504.2888	810.74	808.35
1504.7550	810.41	808.26
1505.2280	809.49	807.13
1505.6761	808.54	807.67
1506.1863	809.85	808.06
1506.6668	808.97	807.60
1507.1219	808.43	807.83
1507.5625	809.39	807.48
1507.8970	809.03	808.31
1508.3325	809.01	806.86
1508.7759	809.40	807.17
1509.2288	808.31	808.11
1509.6757	808.92	807.83
1510.1079	807.99	807.29
1510.5538	808.73	806.75
1510.8900	810.34	807.46
1511.3392	809.38	807.07
1511.7783	808.88	807.19
1512.2177	810.23	807.56
1512.6721	809.88	807.30
1513.1809	808.63	807.23
1513.6934	808.22	807.34
1514.1918	809.25	807.29
1514.6769	809.33	807.15
1515.1066	810.95	807.94
1515.5764	807.65	807.60
1516.0805	808.41	807.44
1516.5704	807.95	807.08
1516.9057	808.23	805.96
1517.3466	807.81	806.28
1517.7909	809.28	807.54
1518.2356	808.61	806.60
1518.6661	809.69	807.15
1519.1149	808.00	806.72
1519.5708	809.83	807.40
1520.0817	810.92	806.87
1520.6667	809.49	807.68
1521.1174	808.40	807.97
1521.5669	808.53	807.54
1521.8995	809.13	807.82
1522.3352	808.12	807.20
1522.7773	807.53	807.78
1523.2277	809.44	806.83
1523.6690	808.83	808.17
1524.1057	809.98	808.21
1524.5683	809.66	808.15
1524.9007	809.02	806.94
1525.3439	809.13	806.82
1525.7777	808.15	807.19
1526.2303	809.01	807.63
1526.6706	807.58	806.54
1527.1198	809.12	806.87
1527.5552	807.78	806.88
1527.8891	812.28	808.02
1528.3314	809.23	806.92
1528.7833	806.73	806.81
1529.2171	807.63	807.15
1529.6794	810.43	807.26
1530.1248	807.07	806.46
1530.5628	807.04	806.88
1530.8983	807.22	806.26
1531.3440	806.91	806.16
1531.7786	806.94	805.99
1532.2166	806.05	806.19
1532.7031	809.22	807.65
1533.1766	807.79	807.53
1533.6257	807.62	806.46
1534.1154	807.98	807.31
1534.5612	806.81	806.82
1534.8962	809.28	807.36
1535.3428	808.84	806.90
1535.7836	804.89	805.20
1536.2336	808.72	807.93
1536.6729	808.60	806.44
1537.1106	807.29	806.51
1537.5712	808.46	806.28
1538.0567	806.51	806.48
1538.3911	807.84	806.51
1538.8439	808.39	806.17
1539.2893	806.00	805.65
1539.7338	808.29	805.83
1540.1812	805.99	805.95
1540.6412	808.50	806.51
1541.1216	809.55	807.84
1541.5737	808.01	806.67
1541.9070	808.33	806.06
1542.3534	806.27	806.39
1542.8281	806.02	805.53
1543.3145	808.78	807.14
1543.7978	808.95	806.13
1544.2602	809.14	807.05
1544.7470	807.82	806.03
1545.1942	807.01	806.03
1545.6948	807.78	805.41
1546.1871	807.08	806.36
1546.6349	808.97	806.31
1547.0853	806.66	806.53
1547.4195	808.45	805.79
1548.0952	806.83	806.25
1548.5975	808.52	806.95
1549.0919	807.11	807.17
1549.6358	808.40	806.32
1550.1185	808.60	806.76
1550.5812	807.47	806.48
1551.0704	808.80	806.40
1551.4039	808.24	806.97
1551.8595	807.98	806.18
1552.3078	809.09	808.03
1552.8147	809.06	806.30
1553.2884	808.21	805.86
1553.7379	810.96	806.67
1554.1934	807.89	805.55
1554.6398	809.76	806.39
1555.1223	808.28	806.16
1555.5719	808.94	807.36
1555.9050	807.48	804.84
1556.3514	807.88	806.78
1556.7967	807.54	805.70
1557.2443	806.72	805.73
1557.7589	806.71	806.06
1558.2576	806.49	805.70
1558.7393	808.91	806.04
1559.1821	806.61	804.90
1559.6311	807.08	805.91
1560.0767	809.33	805.58
1560.4097	809.01	806.44
1560.8524	806.53	805.71
1561.2881	808.07	805.54
1561.7395	805.08	805.46
1562.1824	806.48	805.23
1562.6353	808.69	807.49
1563.1219	809.60	805.70
1563.5949	806.87	805.97
1564.0688	810.09	806.85
1564.4022	806.91	805.55
1564.8543	807.90	805.62
1565.3017	806.37	805.19
1565.7451	805.44	805.31
1566.1917	806.77	805.72
1566.6846	809.65	805.59
1567.1282	807.99	805.55
1567.5862	806.41	805.24
1568.0708	807.82	806.38
1568.4043	807.22	805.40
1569.0963	807.71	805.84
1569.5733	809.37	805.72
1569.9074	807.16	805.18
1570.3855	808.65	805.83
1570.8526	805.82	805.18
1571.3013	807.34	805.26
1571.7449	807.06	805.58
1572.1891	807.03	805.28
1572.6303	806.70	805.86
1573.0779	807.95	805.81
1573.4184	807.11	804.83
1573.8815	807.15	804.66
1574.3426	805.84	805.30
1574.7997	807.43	805.41
1575.2393	807.36	805.04
1575.6863	806.72	805.27
1576.1312	809.17	806.16
1576.5704	807.04	805.12
1576.9039	807.62	805.21
1577.3513	804.40	804.21
1577.7993	808.03	804.67
1578.2411	806.12	804.64
1578.7434	806.33	805.83
1579.3207	806.66	805.59
1579.8185	806.34	804.93
1580.3037	807.19	805.09
1580.7921	808.18	805.31
1581.2724	807.52	806.33
1581.7717	807.03	806.15
1582.2694	807.33	805.75
1582.7739	806.90	806.00
1583.2576	806.33	805.09
1583.7407	806.90	804.93
1584.1917	806.54	805.56
1584.6803	806.07	805.09
1585.1338	806.31	804.52
1585.5779	805.49	804.54
1585.9125	807.34	804.33
1586.3536	806.13	804.77
1586.8009	807.23	804.75
1587.2487	806.58	805.21
1587.7358	805.16	803.82
1588.1812	806.56	803.51
1588.6408	805.62	804.75
1589.1317	807.05	804.67
1589.5761	807.13	804.49
1589.9113	806.05	804.96
1590.3576	805.74	804.66
1590.7931	802.99	803.58
1591.2437	806.93	804.64
1591.6826	805.83	803.91
1592.1302	805.42	804.48
1592.5748	805.96	804.27
1592.9077	806.02	804.27
1593.3531	807.03	804.53
1593.8001	805.91	804.24
1594.3110	806.57	804.09
1594.8772	808.28	805.21
1595.3829	806.80	804.03
1595.8924	808.34	804.51
1596.3942	806.87	805.64
1596.8861	806.03	804.09
1597.3765	805.55	803.71
1597.8556	807.11	804.26
1598.2998	805.81	804.89
1598.7397	805.72	804.40
1599.1862	806.06	803.86
1599.6477	808.62	805.28
1600.1297	806.54	803.95
1600.5856	806.45	805.28
1601.0673	805.67	805.40
1601.4009	807.55	804.81
1601.8568	805.62	803.90
1602.3034	806.92	804.58
1602.7464	805.24	803.22
1603.2361	807.86	803.98
1603.6929	805.02	803.62
1604.2051	806.85	804.92
1604.7151	805.75	804.38
1605.2220	808.54	805.06
1605.7137	805.68	803.15
1606.1907	805.73	804.91
1606.6859	806.81	805.12
1607.1417	805.58	802.82
1607.6432	806.68	803.73
1608.1256	806.00	804.14
1608.5764	806.43	804.66
1608.9116	806.30	804.21
1609.3652	806.70	805.27
1609.8559	805.18	804.24
1610.3065	806.70	805.53
1610.8027	806.22	804.94
1611.2951	804.98	804.76
1611.7538	804.42	804.84
1612.2710	804.36	804.18
1612.7779	805.64	804.87
1613.2446	807.12	804.56
1613.6891	805.66	804.27
1614.1764	805.11	804.37
1614.6327	805.23	804.41
1615.1273	806.58	804.12
1615.5704	805.50	804.63
1616.0946	806.47	805.13
1616.5758	808.15	805.62
1616.9101	806.42	803.57
1617.3626	808.50	805.43
1617.8858	807.86	805.17
1618.3777	806.89	804.62
1618.8578	806.74	803.89
1619.2944	805.58	805.22
1619.7351	806.39	804.00
1620.1919	807.97	805.68
1620.6794	805.50	804.07
1621.1355	806.51	805.31
1621.6247	805.16	803.95
1622.1505	805.24	804.27
1622.6618	806.83	804.69
1623.1711	805.32	803.71
1623.6634	808.36	804.93
1624.1937	805.89	804.45
1624.7198	806.26	804.79
1625.1938	807.19	804.88
1625.7068	806.14	804.41
1626.1876	807.69	804.38
1626.6298	806.19	804.11
1627.0800	805.62	804.27
1627.5801	806.58	804.11
1628.0714	806.96	804.57
1628.4057	803.08	802.74
1628.8649	806.70	804.83
1629.3543	805.78	804.60
1629.8336	807.66	804.80
1630.3320	805.53	804.70
1630.7969	804.60	803.47
1631.2557	805.78	803.69
1631.7745	806.26	804.27
1632.2672	803.88	803.47
1632.7371	805.73	803.33
1633.1831	805.21	803.52
1633.6257	808.26	804.84
1634.2040	806.27	804.26
1634.7181	806.41	804.19
1635.2055	806.92	804.03
1635.7183	804.73	804.19
1636.2141	806.97	803.73
1636.7000	806.63	804.71
1637.1815	803.73	802.79
1637.6348	805.17	803.02
1638.1275	806.27	803.96
1638.5754	805.26	803.46
1638.9112	805.96	802.96
1639.3615	806.90	803.75
1639.8537	805.57	802.72
1640.3049	805.80	803.11
1640.7879	805.84	802.89
1641.3138	804.07	803.68
1641.8005	806.48	803.65
1642.2460	805.48	803.91
1642.7430	803.66	803.60
1643.2345	804.90	802.94
1643.6803	805.96	803.69
1644.1310	806.61	803.89
1644.5836	807.11	804.54
1645.0826	804.94	803.79
1645.5772	807.24	805.18
1646.0708	805.23	804.71
1646.4061	805.20	803.63
1646.8658	806.90	803.42
1647.3558	805.04	804.05
1647.8443	806.97	805.07
1648.6062	805.36	804.01
1649.1028	806.33	804.17
1649.5859	807.24	804.70
1650.0811	807.40	804.92
1650.5832	806.77	803.33
1651.0726	805.47	803.17
1651.4073	805.67	803.11
1651.8623	807.37	803.90
1652.3585	806.43	803.73
1652.8539	802.98	803.31
1653.2997	804.33	802.94
1653.7431	805.06	802.03
1654.2345	803.63	802.52
1654.6922	805.49	803.24
1655.1885	806.03	803.01
1655.6814	805.06	804.07
1656.1338	804.15	802.47
1656.6252	806.78	803.35
1657.1793	806.34	803.12
1657.7327	804.96	803.67
1658.3191	807.03	804.39
1658.9057	806.65	804.29
1659.3674	806.83	803.91
1659.8722	805.14	802.33
1660.2029	806.54	803.26
1660.5449	804.22	802.16
1660.8803	806.64	803.11
1661.2158	804.95	802.69
1661.5497	805.49	801.92
1661.8788	803.82	802.47
1662.2175	802.29	801.49
1662.5526	804.42	801.72
1662.8863	804.41	802.06
1663.2177	801.18	800.47
1663.5459	802.63	801.44
1663.8779	803.33	801.35
1664.2068	803.63	802.27
1664.5258	802.72	800.74
1664.8558	803.87	801.67
1665.1676	803.03	800.72
1665.5008	805.17	801.27
1665.8334	804.23	802.14
1666.1642	803.52	801.40
1666.4972	805.18	802.11
1666.8313	802.91	800.38
1667.1579	804.23	801.48
1667.4913	803.05	800.37
1667.8188	806.18	802.13
1668.1473	802.58	801.41
1668.4907	804.11	802.21
1668.8296	804.58	801.53
1669.1627	802.74	801.25
1669.4983	803.98	801.71
1669.8369	803.57	800.83
1670.1740	804.86	801.30
1670.5020	804.56	802.02
1670.8264	803.90	800.33
1671.1636	804.04	801.23
1671.4987	803.01	800.45
1671.8309	804.71	802.46
1672.3976	804.94	801.88
1673.0674	805.31	804.32
1673.7453	804.31	802.82
1674.3099	806.19	803.18
1674.8600	807.67	804.57
1675.3463	804.96	802.67
1675.8024	805.17	802.23
1676.1503	803.07	801.87
1676.4901	802.87	801.01
1676.8287	804.63	801.75
1677.1538	802.91	802.03
1677.4833	803.24	801.13
1677.8136	802.33	801.01
1678.2617	803.10	801.74
1678.8624	806.40	803.57
1679.5839	805.65	803.68
1680.1640	806.41	804.11
1680.4936	805.53	802.30
1680.8283	802.63	801.53
1681.1535	801.93	801.16
1681.4800	804.57	801.77
1681.8120	801.78	801.14
1682.4104	805.43	803.40
1682.8758	804.81	802.81
1683.6064	802.98	802.73
1684.2021	803.88	803.09
1684.7183	803.33	802.99
1685.2100	806.11	802.79
1685.6975	807.18	803.55
1686.1930	805.82	802.60
1686.7161	806.74	803.35
1687.2207	805.45	803.81
1687.7098	805.89	803.42
1688.2058	805.61	802.80
1688.6965	806.15	803.53
1689.1842	805.74	803.49
1689.6373	805.84	803.10
1690.1323	803.74	802.87
1690.6291	807.01	804.28
1691.1247	804.20	801.82
1691.5788	803.60	802.81
1692.0767	805.51	803.08
1692.6346	807.31	803.42
1693.1586	806.42	804.00
1693.6408	806.25	802.63
1694.1351	804.94	803.16
1694.6295	805.18	803.11
1695.1540	805.12	802.95
1695.6581	805.81	802.93
1696.1541	805.32	803.25
1696.6387	806.45	802.64
1697.1313	804.04	802.69
1697.6247	805.72	803.02
1698.0848	802.61	802.29
1698.5746	807.24	803.03
1699.0728	806.10	802.13
1699.4053	804.85	802.53
1699.8484	803.72	801.86
1700.2950	802.53	802.33
1700.7343	801.98	802.22
1701.1765	802.36	801.16
1701.6997	806.34	802.60
1702.2212	805.89	802.78
1702.7087	806.02	803.11
1703.2016	807.23	803.35
1703.6847	806.45	803.08
1704.1883	804.81	803.52
1704.7103	805.49	803.48
1705.2045	803.55	802.33
1705.6829	802.88	801.53
1706.1330	806.81	804.10
1706.5952	803.48	801.98
1707.0885	805.15	802.23
1707.5797	805.57	802.96
1707.9119	802.93	801.92
1708.3675	805.25	802.22
1708.8400	806.08	802.70
1709.3381	802.60	801.74
1709.8425	803.64	801.60
1710.3412	803.57	802.26
1710.8407	803.91	802.22
1711.3278	806.06	802.14
1711.8091	804.81	802.76
1712.3019	805.09	802.57
1712.7630	804.04	802.17
1713.2487	803.49	801.79
1713.7495	803.30	801.53
1714.2555	804.39	802.05
1714.7525	804.16	802.03
1715.2783	803.30	801.49
1715.7486	804.28	801.91
1716.2480	803.83	802.04
1716.6972	804.10	801.83
1717.2041	804.79	801.90
1717.7126	805.95	802.94
1718.2135	803.93	802.67
1718.7011	803.97	802.67
1719.2247	803.14	802.04
1719.6942	805.41	802.46
1720.1951	805.17	801.72
1720.7245	804.36	801.96
1721.2242	804.10	802.75
1721.7246	804.64	802.05
1722.2847	804.90	802.92
1722.7807	804.26	802.97
1723.2578	803.47	801.40
1723.7487	805.19	802.70
1724.2542	802.73	802.17
1724.7806	802.94	801.96
1725.2788	803.84	801.85
1725.8136	806.13	803.14
1726.3304	805.49	802.36
1726.8107	805.36	802.24
1727.3155	803.90	802.48
1727.8165	804.32	802.08
1728.3055	802.76	802.03
1728.7641	805.14	801.95
1729.2552	805.13	802.62
1729.7591	807.13	802.60
1730.2536	805.81	803.76
1730.7788	803.77	802.45
1731.2800	803.53	801.37
1731.7512	805.70	802.62
1732.2577	805.53	802.40
1732.7593	804.85	802.83
1733.2510	803.46	801.02
1733.7519	806.34	802.82
1734.2483	803.41	801.00
1734.7443	804.98	802.21
1735.2023	805.02	802.24
1735.7031	804.53	802.10
1736.2025	804.29	801.56
1736.6985	805.54	802.42
1737.1995	804.51	802.15
1737.7005	802.62	801.93
1738.2121	803.23	802.51
1738.6930	803.96	802.69
1739.1997	805.97	801.72
1739.7026	805.07	802.19
1740.2527	803.92	802.22
1740.7959	804.36	801.43
1741.2766	805.83	802.20
1741.7721	804.85	802.35
1742.2585	802.16	801.57
1742.7569	804.30	801.82
1743.2820	804.13	801.93
1743.7972	802.33	801.70
1744.2891	803.23	800.95
1744.7940	805.49	802.05
1745.2875	802.46	801.75
1745.7955	804.59	802.41
1746.2800	806.00	801.98
1746.7622	805.96	802.17
1747.2582	803.69	801.90
1747.7575	805.74	803.73
1748.2571	804.30	802.20
1748.7529	802.58	801.27
1749.2911	803.97	801.84
1749.7590	804.68	802.28
1750.2576	802.93	801.38
1750.7601	803.39	801.88
1751.2577	803.85	801.88
1751.7575	804.90	801.99
1752.2596	804.34	801.44
1752.7945	804.49	802.75
1753.2909	803.01	802.42
1753.7651	806.24	803.10
1754.2509	804.13	801.94
1754.7846	804.96	801.91
1755.2838	803.96	802.39
1755.7635	801.57	800.56
1756.2837	804.81	801.85
1756.7900	805.40	802.65
1757.2845	804.80	802.33
1757.7837	803.61	801.08
1758.2571	801.59	801.33
1758.7556	803.60	801.66
1759.2516	803.99	802.36
1759.7570	804.62	802.31
1760.2522	803.75	801.77
1760.7565	805.86	801.83
1761.2513	803.42	801.78
1761.8508	803.55	801.85
1762.3220	802.76	800.92
1762.8192	802.10	801.40
1763.3116	804.25	802.30
1763.8272	805.15	801.95
1764.3536	803.01	801.58
1764.8325	805.38	800.74
1765.3161	802.94	801.76
1765.8165	802.60	801.89
1766.3139	804.48	803.05
1766.8117	804.35	802.14
1767.3085	802.75	801.29
1767.8149	803.19	801.54
1768.3087	803.85	801.29
1768.8093	801.98	801.42
1769.3142	803.72	801.98
1769.8256	805.41	802.32
1770.3343	804.28	801.74
1770.8220	802.26	801.37
1771.3341	800.44	801.39
1771.8117	803.65	801.48
1772.3095	803.83	801.26
1772.8074	800.00	800.57
1773.3156	803.56	801.81
1773.8186	804.56	801.65
1774.3444	805.97	803.01
1774.8613	804.80	800.85
1775.3896	804.92	801.80
1775.9012	804.75	802.28
1776.3910	804.81	802.40
1776.8973	805.51	802.60
1777.3874	805.47	801.54
1777.8612	806.07	801.45
1778.3714	805.94	802.09
1778.8662	805.48	801.49
1779.3644	804.81	801.08
1779.8770	806.50	801.84
1780.3968	804.10	800.65
1780.8886	804.05	801.49
1781.3664	806.03	801.19
1781.8651	806.00	801.75
1782.3692	803.17	800.71
1782.8632	805.55	801.35
1783.3705	803.65	801.05
1783.8990	805.38	802.39
1784.3887	802.77	800.57
1784.8840	804.07	800.41
1785.3997	805.86	801.39
1785.8990	804.29	801.53
1786.3728	804.83	801.54
1786.8589	805.58	801.34
1787.3595	801.28	800.99
1787.8202	802.49	801.10
1788.3087	803.03	800.76
1788.8181	803.12	800.52
1789.3460	802.92	800.43
1789.8500	805.49	801.95
1790.3216	804.37	801.81
1790.8232	802.27	801.13
1791.3386	804.40	800.78
1791.8212	802.93	800.35
1792.3229	803.51	800.03
1792.8215	803.01	801.20
1793.3282	801.43	800.42
1793.9028	805.71	801.05
1794.3885	802.49	800.36
1794.8855	802.52	802.14
1795.3787	804.35	801.62
1795.9042	803.81	801.48
1796.3946	804.78	801.62
1797.1112	803.55	800.84
1797.6010	802.75	800.10
1798.0897	803.43	800.94
1798.5918	805.82	801.73
1799.1481	803.95	801.30
1799.6849	804.53	801.15
1800.2192	804.29	801.33
1800.7745	805.55	801.85
1801.2841	804.59	801.19
1801.7675	803.78	802.03
1802.2631	804.19	801.48
1802.7334	806.20	800.60
1803.1786	805.22	801.38
1803.6255	803.54	801.00
1804.0624	805.82	801.36
1804.4075	803.31	800.24
1804.8741	804.56	801.47
1805.3475	802.37	800.76
1805.7889	803.52	801.42
1806.2422	803.17	800.27
1806.6809	802.22	800.06
1807.1300	802.71	801.25
1807.5819	803.90	800.73
1808.0730	802.99	800.26
1808.4083	803.34	800.29
1808.8567	803.77	801.42
1809.3015	803.62	800.60
1809.7369	802.49	800.51
1810.1786	802.64	799.93
1810.6189	804.67	800.94
1811.0677	804.79	801.04
1811.4023	803.48	800.90
1811.8517	803.33	800.63
1812.2932	801.78	799.52
1812.7472	802.06	800.30
1813.2302	803.22	800.63
1813.6755	803.12	800.19
1814.1911	802.71	800.39
1814.7071	805.14	801.34
1815.1826	802.94	800.46
1815.6370	801.16	800.52
1816.1216	803.44	800.30
1816.6364	803.90	801.40
1817.1416	801.74	800.18
1817.6540	804.40	801.80
1818.1579	803.97	800.94
1818.6477	804.40	801.68
1819.1311	803.96	800.65
1819.5756	803.74	801.60
1820.0910	804.19	801.27
1820.5899	803.86	801.11
1821.1013	803.00	801.48
1821.5856	804.22	800.80
1822.1072	805.04	800.63
1822.5634	803.64	800.50
1822.8991	803.49	800.70
1823.3558	801.05	800.82
1823.7876	800.84	800.19
1824.2255	803.69	800.55
1824.6803	804.90	800.79
1825.1827	803.19	800.49
1825.7027	803.01	800.30
1826.2041	803.87	800.23
1826.7087	804.35	801.23
1827.1731	802.69	799.59
1827.6324	803.96	801.24
1828.1230	802.10	800.57
1828.5761	802.63	801.06
1829.0623	804.19	800.09
1829.3963	803.46	800.36
1829.8527	801.45	799.49
1830.2940	802.69	799.48
1830.7354	800.86	799.54
1831.1873	803.50	800.11
1831.6767	804.24	800.03
1832.1235	803.02	799.63
1832.6490	803.50	800.95
1833.1522	803.53	800.29
1833.6277	803.17	801.42
1834.1290	802.30	800.36
1834.5724	802.90	799.66
1834.9071	802.31	799.99
1835.5925	805.31	800.78
1836.0918	804.77	800.50
1836.5760	805.58	800.83
1837.0664	802.52	800.33
1837.3991	803.75	800.31
1837.8430	803.12	800.20
1838.3001	804.11	801.14
1838.7990	801.86	799.37
1839.2425	803.89	800.02
1839.6750	803.30	799.71
1840.1305	802.59	800.38
1840.6190	803.54	800.21
1841.0669	803.04	800.39
1841.4022	802.67	799.76
1841.8479	802.73	799.96
1842.2917	801.82	800.55
1842.7450	801.67	799.73
1843.2326	802.76	800.27
1843.6813	800.22	799.79
1844.1987	803.09	800.50
1844.6784	804.11	799.95
1845.1815	801.33	800.22
1845.7047	802.04	799.65
1846.1964	803.83	800.32
1846.7171	802.83	800.52
1847.1799	802.17	800.03
1847.6323	803.60	800.48
1848.1270	804.00	800.43
1848.5789	804.59	800.33
1849.0730	803.06	800.49
1849.4080	802.06	800.21
1849.8607	803.57	799.99
1850.4016	804.05	800.05
1850.8542	803.83	800.28
1851.3010	803.23	799.96
1851.7955	803.81	799.45
1852.2304	803.38	799.29
1852.7476	804.09	800.52
1853.2560	801.67	800.01
1853.7588	802.40	799.78
1854.2760	802.87	800.12
1854.7568	800.24	800.14
1855.2718	802.35	800.22
1855.7622	802.34	799.86
1856.2300	803.70	799.90
1856.6906	803.06	800.02
1857.1736	802.95	800.48
1857.6305	802.20	799.46
1858.1320	802.89	799.91
1858.6154	801.40	799.69
1859.0899	801.06	799.31
1859.6546	801.39	801.04
1860.1512	803.19	799.98
1860.6341	804.57	800.88
1861.1269	802.16	800.02
1861.5741	803.63	800.49
1862.0673	801.47	799.38
1862.4004	801.54	799.33
1862.8424	801.78	799.10
1863.2870	800.55	799.61
1863.8160	802.50	799.69
1864.3147	803.34	798.73
1864.7929	802.05	799.83
1865.2423	802.83	799.71
1865.7961	801.15	799.43
1866.3112	801.99	799.56
1866.8004	801.93	799.49
1867.2902	802.25	799.73
1867.7510	803.25	799.42
1868.2399	803.85	799.66
1868.6806	800.64	799.08
1869.1346	800.37	798.91
1869.6291	803.15	798.93
1870.1201	803.77	800.10
1870.5786	801.39	798.75
1871.0745	801.85	799.83
1871.5713	800.87	799.28
1871.9067	801.53	798.94
1872.3553	801.34	799.25
1873.1010	803.11	800.04
1873.7729	804.67	800.54
1874.4299	803.09	800.54
1874.8859	804.58	799.87
1875.3621	799.66	799.04
1875.8126	803.55	799.74
