sep= 
Time [s]	R2_m5 [ng/cm^2]	C1_m [ng/cm^2]
0.0000	Failed	Failed
1.1316	Failed	Failed
2.2876	Failed	Failed
3.4459	Failed	Failed
4.6013	Failed	Failed
5.7501	Failed	Failed
6.9130	Failed	Failed
8.0776	Failed	Failed
9.2351	Failed	Failed
10.3935	Failed	Failed
11.5510	Failed	Failed
12.7127	Failed	Failed
13.8723	Failed	Failed
15.0238	Failed	Failed
16.1802	Failed	Failed
17.3332	Failed	Failed
18.4885	Failed	Failed
19.6441	Failed	Failed
20.7868	Failed	Failed
21.9451	Failed	Failed
23.1020	Failed	Failed
24.2617	Failed	Failed
25.4151	Failed	Failed
26.5709	Failed	Failed
27.7269	Failed	Failed
28.8829	Failed	Failed
30.0388	Failed	Failed
31.1901	Failed	Failed
32.3449	Failed	Failed
33.4918	Failed	Failed
34.6416	Failed	Failed
35.7982	Failed	Failed
36.9534	Failed	Failed
38.1074	Failed	Failed
39.2593	Failed	Failed
40.4103	Failed	Failed
41.5606	Failed	Failed
42.7073	Failed	Failed
43.8598	Failed	Failed
45.0100	Failed	Failed
46.1595	Failed	Failed
47.3087	Failed	Failed
48.4667	Failed	Failed
49.6208	Failed	Failed
50.7633	Failed	Failed
51.9179	Failed	Failed
53.0736	Failed	Failed
54.2341	Failed	Failed
55.3906	Failed	Failed
56.5440	Failed	Failed
57.6932	Failed	Failed
58.8451	Failed	Failed
59.9270	Failed	Failed
61.0248	Failed	Failed
62.1756	Failed	Failed
63.3274	Failed	Failed
64.4796	Failed	Failed
65.6160	Failed	Failed
66.7669	Failed	Failed
67.9101	Failed	Failed
69.0353	Failed	Failed
70.1788	Failed	Failed
71.3297	Failed	Failed
72.4802	Failed	Failed
73.6279	Failed	Failed
74.7759	Failed	Failed
75.9130	Failed	Failed
77.0497	Failed	Failed
78.2090	Failed	Failed
79.3653	Failed	Failed
80.5082	Failed	Failed
81.6617	Failed	Failed
82.8125	Failed	Failed
83.9645	Failed	Failed
85.1203	Failed	Failed
86.2769	Failed	Failed
87.4291	Failed	Failed
88.5722	Failed	Failed
89.7287	Failed	Failed
90.8750	Failed	Failed
92.0175	Failed	Failed
93.1719	Failed	Failed
94.3277	Failed	Failed
95.4726	Failed	Failed
96.6181	Failed	Failed
97.7567	Failed	Failed
98.9017	Failed	Failed
100.0534	Failed	Failed
101.2075	Failed	Failed
102.3657	Failed	Failed
103.5086	Failed	Failed
104.6592	Failed	Failed
105.8063	Failed	Failed
106.9558	Failed	Failed
108.1033	Failed	Failed
109.2411	Failed	Failed
110.3880	Failed	Failed
111.5417	Failed	Failed
112.6872	Failed	Failed
113.8320	Failed	Failed
114.9883	Failed	Failed
116.1349	Failed	Failed
117.2829	Failed	Failed
118.4306	Failed	Failed
119.5801	Failed	Failed
120.7295	Failed	Failed
121.8462	Failed	Failed
122.9997	Failed	Failed
124.1452	Failed	Failed
125.2904	Failed	Failed
126.4343	Failed	Failed
127.5936	Failed	Failed
128.7407	Failed	Failed
129.8906	Failed	Failed
131.0314	Failed	Failed
132.1682	Failed	Failed
133.3078	Failed	Failed
134.4464	Failed	Failed
135.5867	Failed	Failed
136.7169	Failed	Failed
137.8693	Failed	Failed
139.0120	Failed	Failed
140.1473	Failed	Failed
141.2944	Failed	Failed
142.4363	Failed	Failed
143.5816	Failed	Failed
144.7310	Failed	Failed
145.8817	Failed	Failed
147.0285	Failed	Failed
148.1758	Failed	Failed
149.2864	Failed	Failed
150.4367	Failed	Failed
151.5833	Failed	Failed
152.7284	Failed	Failed
153.8744	Failed	Failed
155.0178	Failed	Failed
156.1616	Failed	Failed
157.3146	Failed	Failed
158.4518	Failed	Failed
159.5987	Failed	Failed
160.7397	Failed	Failed
161.8838	Failed	Failed
163.0268	Failed	Failed
164.1765	Failed	Failed
165.3263	Failed	Failed
166.4777	Failed	Failed
167.6220	Failed	Failed
168.7623	Failed	Failed
169.8974	Failed	Failed
171.0400	Failed	Failed
172.1859	Failed	Failed
173.3333	Failed	Failed
174.4845	Failed	Failed
175.6281	Failed	Failed
176.7737	Failed	Failed
177.9178	Failed	Failed
179.0362	Failed	Failed
180.1705	Failed	Failed
181.2949	Failed	Failed
182.4501	Failed	Failed
183.6033	Failed	Failed
184.7554	Failed	Failed
185.8960	Failed	Failed
187.0419	Failed	Failed
188.1829	Failed	Failed
189.2859	Failed	Failed
190.4234	Failed	Failed
191.5757	Failed	Failed
192.7320	Failed	Failed
196.6290	0.00	0.00
199.5258	0.00	0.00
200.2772	0.00	0.00
200.6205	0.00	0.00
200.9729	0.00	0.00
201.3117	0.00	0.00
201.6521	0.00	0.00
202.0030	0.00	0.00
202.3556	0.00	0.00
202.6921	0.00	0.00
203.0338	0.00	0.00
203.3916	0.00	0.00
203.7425	0.00	0.00
204.0875	0.00	0.00
204.4427	0.00	0.00
204.7868	0.00	0.00
205.1276	0.00	0.00
205.4790	0.00	0.00
205.8249	0.00	0.00
206.1693	0.00	0.00
206.5299	0.00	0.00
206.8692	0.00	0.00
207.2127	0.00	0.00
207.5594	0.00	0.00
207.9334	0.00	0.00
208.2918	0.00	0.00
208.6329	0.00	0.00
208.9747	0.00	0.00
209.3242	0.00	0.00
209.6759	0.00	0.00
210.0232	0.00	0.00
210.3719	0.00	0.00
210.7181	0.00	0.00
211.0701	0.00	0.00
211.4319	0.00	0.00
211.7749	0.00	0.00
212.1076	0.00	0.00
212.4669	0.00	0.00
212.8160	0.00	0.00
213.1494	0.00	0.00
213.5038	0.00	0.00
213.8549	0.00	0.00
214.1919	0.00	0.00
214.5466	0.00	0.00
214.8902	0.00	0.00
215.2287	0.00	0.00
215.5855	0.00	0.00
215.9272	0.00	0.00
216.2698	0.00	0.00
216.6204	0.00	0.00
216.9718	0.00	0.00
217.3170	0.00	0.00
217.6726	0.00	0.00
218.0308	0.00	0.00
218.3711	0.00	0.00
218.7236	0.00	0.00
219.0811	0.00	0.00
219.4310	0.00	0.00
219.7759	0.00	0.00
220.1229	0.00	0.00
220.4822	0.00	0.00
220.8246	0.00	0.00
221.1723	0.00	0.00
221.5268	0.00	0.00
221.8681	0.00	0.00
222.2124	0.00	0.00
222.5645	0.00	0.00
222.9725	0.00	0.00
223.3099	0.00	0.00
223.6689	0.00	0.00
224.0070	0.00	0.00
224.3518	0.00	0.00
224.7090	0.00	0.00
225.0484	0.00	0.00
225.3867	0.00	0.00
225.7437	0.00	0.00
226.0843	0.00	0.00
226.4141	0.00	0.00
226.7642	0.00	0.00
227.1033	0.00	0.00
227.4609	0.00	0.00
227.8139	0.00	0.00
228.1604	0.00	0.00
228.4968	0.00	0.00
228.8384	0.00	0.00
229.1958	0.00	0.00
229.5368	0.00	0.00
229.8665	0.00	0.00
230.2132	0.00	0.00
230.5689	0.00	0.00
230.9617	0.00	0.00
231.3055	0.00	0.00
231.6686	0.00	0.00
232.0118	0.00	0.00
232.3480	0.00	0.00
232.7299	0.00	0.00
233.0741	0.00	0.00
233.4148	0.00	0.00
233.7640	0.00	0.00
234.1113	0.00	0.00
234.4497	0.00	0.00
234.7983	0.00	0.00
235.1578	0.00	0.00
235.5078	0.00	0.00
235.8460	0.00	0.00
236.2057	0.00	0.00
236.5668	0.00	0.00
236.8968	0.00	0.00
237.2550	0.00	0.00
237.6017	0.00	0.00
237.9409	0.00	0.00
238.3019	0.00	0.00
238.6720	0.00	0.00
239.0124	0.00	0.00
239.3645	0.00	0.00
239.7288	0.00	0.00
240.0300	0.00	0.00
240.3296	0.00	0.00
240.6208	0.00	0.00
240.9197	0.00	0.00
241.2098	0.00	0.00
241.5060	0.00	0.00
241.8283	0.00	0.00
242.1807	0.00	0.00
242.5220	0.00	0.00
242.8773	0.00	0.00
243.2280	0.00	0.00
243.5698	0.00	0.00
243.9159	0.00	0.00
244.2737	0.00	0.00
244.6233	0.00	0.00
244.9883	0.00	0.00
245.3436	0.00	0.00
245.6771	0.00	0.00
246.0113	0.00	0.00
246.3784	0.00	0.00
246.7311	0.00	0.00
247.0727	0.00	0.00
247.4252	0.00	0.00
247.7797	0.00	0.00
248.1134	0.00	0.00
248.4565	0.00	0.00
248.8137	0.00	0.00
249.1520	0.00	0.00
249.4989	0.00	0.00
249.8723	0.00	0.00
250.2140	0.00	0.00
250.5613	0.00	0.00
250.9064	0.00	0.00
251.2590	0.00	0.00
251.5977	0.00	0.00
251.9485	0.00	0.00
252.3130	0.00	0.00
252.6639	0.00	0.00
253.0072	0.00	0.00
253.3708	0.00	0.00
253.7137	0.00	0.00
254.0487	0.00	0.00
254.3925	0.00	0.00
254.7407	0.00	0.00
255.0538	0.00	0.00
255.3659	0.00	0.00
255.6523	0.00	0.00
255.9426	0.00	0.00
256.2791	0.00	0.00
256.6314	0.00	0.00
256.9680	0.00	0.00
257.3429	0.00	0.00
257.6858	0.00	0.00
258.0293	0.00	0.00
258.3815	0.00	0.00
258.7337	0.00	0.00
259.0661	0.00	0.00
259.4092	0.00	0.00
259.7597	0.00	0.00
260.0912	0.00	0.00
260.4384	0.00	0.00
260.7924	0.00	0.00
261.1287	0.00	0.00
261.4708	0.00	0.00
261.8377	0.00	0.00
262.1850	0.00	0.00
262.5241	0.00	0.00
262.8767	0.00	0.00
263.2160	0.00	0.00
263.5328	0.00	0.00
263.8170	0.00	0.00
264.1011	0.00	0.00
264.4050	0.00	0.00
264.7670	0.00	0.00
265.1078	0.00	0.00
265.4431	0.00	0.00
265.7927	0.00	0.00
266.1232	0.00	0.00
266.4699	0.00	0.00
266.8488	0.00	0.00
267.1953	0.00	0.00
267.5465	0.00	0.00
267.9131	0.00	0.00
268.2612	0.00	0.00
268.5987	0.00	0.00
268.9334	0.00	0.00
269.2861	0.00	0.00
269.6347	0.00	0.00
269.9698	0.00	0.00
270.3240	0.00	0.00
270.6613	0.00	0.00
270.9916	0.00	0.00
271.3613	0.00	0.00
271.7148	0.00	0.00
272.0453	0.00	0.00
272.4048	0.00	0.00
272.7770	0.00	0.00
273.1043	0.00	0.00
273.4411	0.00	0.00
273.8056	0.00	0.00
274.1430	0.00	0.00
274.4923	0.00	0.00
274.8546	0.00	0.00
275.1887	0.00	0.00
275.5323	0.00	0.00
275.8928	0.00	0.00
276.2410	0.00	0.00
276.5968	0.00	0.00
276.9344	0.00	0.00
277.2868	0.00	0.00
277.6424	0.00	0.00
278.0017	0.00	0.00
278.3527	0.00	0.00
278.6906	0.00	0.00
279.0426	0.00	0.00
279.4148	0.00	0.00
279.7710	0.00	0.00
280.1074	0.00	0.00
280.4833	0.00	0.00
280.8517	0.00	0.00
281.1817	0.00	0.00
281.5641	0.00	0.00
281.9375	0.00	0.00
282.2932	0.00	0.00
282.6301	0.00	0.00
282.9819	0.00	0.00
283.3248	0.00	0.00
283.6832	0.00	0.00
284.0209	0.00	0.00
284.3774	0.00	0.00
284.7122	0.00	0.00
285.0467	0.00	0.00
285.4043	0.00	0.00
285.7560	0.00	0.00
286.0980	0.00	0.00
286.4443	0.00	0.00
286.7799	0.00	0.00
287.1032	0.00	0.00
287.4660	0.00	0.00
287.8273	0.00	0.00
288.1622	0.00	0.00
288.5224	0.00	0.00
288.8842	0.00	0.00
289.2274	0.00	0.00
289.5681	0.00	0.00
289.9199	0.00	0.00
290.2676	0.00	0.00
290.6043	0.00	0.00
290.9609	0.00	0.00
291.3133	0.00	0.00
291.6428	0.00	0.00
291.9920	0.00	0.00
292.3290	0.00	0.00
292.6702	0.00	0.00
293.0285	0.00	0.00
293.4054	0.00	0.00
293.7308	0.00	0.00
294.0924	0.00	0.00
294.4462	0.00	0.00
294.7826	0.00	0.00
295.1133	0.00	0.00
295.4826	0.00	0.00
295.8316	0.00	0.00
296.1599	0.00	0.00
296.5178	0.00	0.00
296.8634	0.00	0.00
297.1932	0.00	0.00
297.5500	0.00	0.00
297.9278	0.00	0.00
298.2823	0.00	0.00
298.6837	0.00	0.00
299.0473	0.00	0.00
299.4021	0.00	0.00
299.7739	0.00	0.00
300.1171	0.00	0.00
300.4718	0.00	0.00
300.8346	0.00	0.00
301.1721	0.00	0.00
301.5147	0.00	0.00
301.8269	0.00	0.00
302.1677	0.00	0.00
302.5290	0.00	0.00
302.8792	0.00	0.00
303.2076	0.00	0.00
303.5553	0.00	0.00
303.9119	0.00	0.00
304.2569	0.00	0.00
304.6067	0.00	0.00
304.9842	0.00	0.00
305.3251	0.00	0.00
305.6607	0.00	0.00
306.0200	0.00	0.00
306.3618	0.00	0.00
306.6966	0.00	0.00
307.0726	0.00	0.00
307.5114	0.00	0.00
307.8730	0.00	0.00
308.2008	0.00	0.00
308.5667	0.00	0.00
308.9023	0.00	0.00
309.2382	0.00	0.00
309.6059	0.00	0.00
309.9536	0.00	0.00
310.2971	0.00	0.00
310.6440	0.00	0.00
310.9922	0.00	0.00
311.3218	0.00	0.00
311.6596	0.00	0.00
312.0063	0.00	0.00
312.3420	0.00	0.00
312.6890	0.00	0.00
313.0491	0.00	0.00
313.3895	0.00	0.00
313.7382	0.00	0.00
314.0957	0.00	0.00
314.4376	0.00	0.00
314.7682	0.00	0.00
315.1256	0.00	0.00
315.4871	0.00	0.00
315.8246	0.00	0.00
316.1713	0.00	0.00
316.5058	0.00	0.00
316.8391	0.00	0.00
317.1866	0.00	0.00
317.5322	0.00	0.00
317.8652	0.00	0.00
318.2075	0.00	0.00
318.5991	0.00	0.00
318.9445	0.00	0.00
319.2814	0.00	0.00
319.6565	0.00	0.00
319.9942	0.00	0.00
320.3253	0.00	0.00
320.6999	0.00	0.00
321.0679	0.00	0.00
321.3996	0.00	0.00
321.7510	0.00	0.00
322.1046	0.00	0.00
322.4601	0.00	0.00
322.8003	0.00	0.00
323.1595	0.00	0.00
323.5076	0.00	0.00
323.8457	0.00	0.00
324.2035	0.00	0.00
324.5440	0.00	0.00
324.9226	0.00	0.00
325.2702	0.00	0.00
325.6145	0.00	0.00
325.9785	0.00	0.00
326.3283	0.00	0.00
326.7115	0.00	0.00
327.0611	0.00	0.00
327.4156	0.00	0.00
327.7775	0.00	0.00
328.1256	0.00	0.00
328.4779	0.00	0.00
328.8298	0.00	0.00
329.1812	0.00	0.00
329.5278	0.00	0.00
329.8870	0.00	0.00
330.2446	0.00	0.00
330.5775	0.00	0.00
330.9085	0.00	0.00
331.2603	0.00	0.00
331.5958	0.00	0.00
331.9265	0.00	0.00
332.2878	0.00	0.00
332.6258	0.00	0.00
332.9569	0.00	0.00
333.3065	0.00	0.00
333.6599	0.00	0.00
333.9918	0.00	0.00
334.3486	0.00	0.00
334.7050	0.00	0.00
335.0679	0.00	0.00
335.4250	0.00	0.00
335.7813	0.00	0.00
336.1105	0.00	0.00
336.4474	0.00	0.00
336.8073	0.00	0.00
337.1375	0.00	0.00
337.4940	0.00	0.00
337.8479	0.00	0.00
338.1828	0.00	0.00
338.5479	0.00	0.00
338.9017	0.00	0.00
339.2436	0.00	0.00
339.5963	0.00	0.00
339.9546	0.00	0.00
340.3154	0.00	0.00
340.6558	0.00	0.00
341.0068	0.00	0.00
341.3717	0.00	0.00
341.7110	0.00	0.00
342.0411	0.00	0.00
342.3995	0.00	0.00
342.7750	0.00	0.00
343.1324	0.00	0.00
343.4762	0.00	0.00
343.8410	0.00	0.00
344.1907	0.00	0.00
344.5229	0.00	0.00
344.8961	0.00	0.00
345.2637	0.00	0.00
345.5871	0.00	0.00
345.9381	0.00	0.00
346.2968	0.00	0.00
346.6460	0.00	0.00
347.0128	0.00	0.00
347.3737	0.00	0.00
347.7231	0.00	0.00
348.0925	0.00	0.00
348.4555	0.00	0.00
348.8064	0.00	0.00
349.1485	0.00	0.00
349.5047	0.00	0.00
349.8633	0.00	0.00
350.2002	0.00	0.00
350.5299	0.00	0.00
350.8814	0.00	0.00
351.2468	0.00	0.00
351.5827	0.00	0.00
351.9656	0.00	0.00
352.3296	0.00	0.00
352.6955	0.00	0.00
353.0543	0.00	0.00
353.4350	0.00	0.00
353.8017	0.00	0.00
354.1378	0.00	0.00
354.4849	0.00	0.00
354.8284	0.00	0.00
355.1904	0.00	0.00
355.5299	0.00	0.00
355.8864	0.00	0.00
356.2335	0.00	0.00
356.5860	0.00	0.00
356.9493	0.00	0.00
357.3419	0.00	0.00
357.7142	0.00	0.00
358.0853	0.00	0.00
358.4438	0.00	0.00
358.7824	0.00	0.00
359.1447	0.00	0.00
359.4949	0.00	0.00
359.8364	0.00	0.00
360.1719	0.00	0.00
360.5218	0.00	0.00
360.8717	0.00	0.00
361.2253	0.00	0.00
361.5631	0.00	0.00
361.8714	0.00	0.00
362.2116	0.00	0.00
362.5538	0.00	0.00
362.9014	0.00	0.00
363.2301	0.00	0.00
363.5674	0.00	0.00
363.9320	0.00	0.00
364.2918	0.00	0.00
364.6565	0.00	0.00
365.0146	0.00	0.00
365.3695	0.00	0.00
365.7094	0.00	0.00
366.0726	0.00	0.00
366.4342	0.00	0.00
366.8061	0.00	0.00
367.1631	0.00	0.00
367.5157	0.00	0.00
367.8742	0.00	0.00
368.2121	0.00	0.00
368.5809	0.00	0.00
368.9214	0.00	0.00
369.2545	0.00	0.00
369.6067	0.00	0.00
369.9513	0.00	0.00
370.2833	0.00	0.00
370.6316	0.00	0.00
370.9904	0.00	0.00
371.3486	0.00	0.00
371.6894	0.00	0.00
372.0368	0.00	0.00
372.4009	0.00	0.00
372.7321	0.00	0.00
373.0891	0.00	0.00
373.4597	0.00	0.00
373.7978	0.00	0.00
374.1455	0.00	0.00
374.5163	0.00	0.00
374.8542	0.00	0.00
375.2376	0.00	0.00
375.6076	0.00	0.00
375.9992	0.00	0.00
376.3638	0.00	0.00
376.7295	0.00	0.00
377.0899	0.00	0.00
377.4245	0.00	0.00
377.7855	0.00	0.00
378.1428	0.00	0.00
378.5188	0.00	0.00
378.8528	0.00	0.00
379.2398	0.00	0.00
379.6070	0.00	0.00
379.9715	0.00	0.00
380.3354	0.00	0.00
380.6775	0.00	0.00
381.0403	0.00	0.00
381.3923	0.00	0.00
381.7286	0.00	0.00
382.1035	0.00	0.00
382.4817	0.00	0.00
382.8161	0.00	0.00
383.1728	0.00	0.00
383.5473	0.00	0.00
383.9130	0.00	0.00
384.2518	0.00	0.00
384.6184	0.00	0.00
384.9533	0.00	0.00
385.2856	0.00	0.00
385.6649	0.00	0.00
386.0438	0.00	0.00
386.4064	0.00	0.00
386.7773	0.00	0.00
387.1383	0.00	0.00
387.4715	0.00	0.00
387.8541	0.00	0.00
388.2083	0.00	0.00
388.5567	0.00	0.00
388.8923	0.00	0.00
389.2320	0.00	0.00
389.5828	0.00	0.00
389.9247	0.00	0.00
390.2728	0.00	0.00
390.6362	0.00	0.00
390.9963	0.00	0.00
391.3334	0.00	0.00
391.6928	0.00	0.00
392.0356	0.00	0.00
392.4075	0.00	0.00
392.7726	0.00	0.00
393.1754	0.00	0.00
393.5175	0.00	0.00
393.9032	0.00	0.00
394.2759	0.00	0.00
394.6604	0.00	0.00
395.0491	0.00	0.00
395.4161	0.00	0.00
395.7731	0.00	0.00
396.1407	0.00	0.00
396.4759	0.00	0.00
396.8553	0.00	0.00
397.2109	0.00	0.00
397.5805	0.00	0.00
397.9126	0.00	0.00
398.2546	0.00	0.00
398.6096	0.00	0.00
398.9958	0.00	0.00
399.3718	0.00	0.00
399.7322	0.00	0.00
400.1166	0.00	0.00
400.4810	0.00	0.00
400.8475	0.00	0.00
401.2054	0.00	0.00
401.5339	0.00	0.00
401.9039	0.00	0.00
402.2685	0.00	0.00
402.6393	0.00	0.00
402.9843	0.00	0.00
403.3277	0.00	0.00
403.6709	0.00	0.00
404.0086	0.00	0.00
404.3934	0.00	0.00
404.7548	0.00	0.00
405.1429	0.00	0.00
405.5114	0.00	0.00
405.8472	0.00	0.00
406.2003	0.00	0.00
406.5742	0.00	0.00
406.9135	0.00	0.00
407.2955	0.00	0.00
407.6398	0.00	0.00
408.0102	0.00	0.00
408.3558	0.00	0.00
408.7214	0.00	0.00
409.0803	0.00	0.00
409.4142	0.00	0.00
409.7725	0.00	0.00
410.1488	0.00	0.00
410.4783	0.00	0.00
410.8444	0.00	0.00
411.1991	0.00	0.00
411.5567	0.00	0.00
411.8996	0.00	0.00
412.2493	0.00	0.00
412.5782	0.00	0.00
412.9604	0.00	0.00
413.3221	0.00	0.00
413.6904	0.00	0.00
414.0630	0.00	0.00
414.4080	0.00	0.00
414.7655	0.00	0.00
415.1114	0.00	0.00
415.4523	0.00	0.00
415.8018	0.00	0.00
416.1737	0.00	0.00
416.5009	0.00	0.00
416.8605	0.00	0.00
417.2152	0.00	0.00
417.5667	0.00	0.00
417.9283	0.00	0.00
418.3199	0.00	0.00
418.6652	0.00	0.00
419.0304	0.00	0.00
419.4097	0.00	0.00
419.7822	0.00	0.00
420.1474	0.00	0.00
420.4850	0.00	0.00
420.8208	0.00	0.00
421.1636	0.00	0.00
421.4914	0.00	0.00
421.8546	0.00	0.00
422.1730	0.00	0.00
422.5037	0.00	0.00
422.8608	0.00	0.00
423.2400	0.00	0.00
423.6082	0.00	0.00
423.9435	0.00	0.00
424.2947	0.00	0.00
424.6149	0.00	0.00
424.9804	0.00	0.00
425.3322	0.00	0.00
425.6528	0.00	0.00
426.0374	0.00	0.00
426.3845	0.00	0.00
426.7413	0.00	0.00
427.1199	0.00	0.00
427.4637	0.00	0.00
427.8103	0.00	0.00
428.1955	0.00	0.00
428.5619	0.00	0.00
428.9074	0.00	0.00
429.2512	0.00	0.00
429.5880	0.00	0.00
429.9322	0.00	0.00
430.2992	0.00	0.00
430.6351	0.00	0.00
430.9810	0.00	0.00
431.3209	0.00	0.00
431.6537	0.00	0.00
432.0451	0.00	0.00
432.4278	0.00	0.00
432.7756	0.00	0.00
433.1435	0.00	0.00
433.4833	0.00	0.00
433.8328	0.00	0.00
434.2125	0.00	0.00
434.5488	0.00	0.00
434.9080	0.00	0.00
435.2764	0.00	0.00
435.6366	0.00	0.00
435.9736	0.00	0.00
436.3220	0.00	0.00
436.6381	0.00	0.00
436.9771	0.00	0.00
437.3543	0.00	0.00
437.6858	0.00	0.00
438.0630	0.00	0.00
438.4265	0.00	0.00
438.7657	0.00	0.00
439.1365	0.00	0.00
439.4956	0.00	0.00
439.8909	0.00	0.00
440.2576	0.00	0.00
440.6249	0.00	0.00
440.9958	0.00	0.00
441.3876	0.00	0.00
441.7675	0.00	0.00
442.1329	0.00	0.00
442.4931	0.00	0.00
442.8201	0.00	0.00
443.1556	0.00	0.00
443.5012	0.00	0.00
443.8464	0.00	0.00
444.2253	0.00	0.00
444.5618	0.00	0.00
444.9171	0.00	0.00
445.2997	0.00	0.00
445.6687	0.00	0.00
446.0446	0.00	0.00
446.4245	0.00	0.00
446.7587	0.00	0.00
447.1041	0.00	0.00
447.4612	0.00	0.00
447.8007	0.00	0.00
448.1853	0.00	0.00
448.5652	0.00	0.00
448.9697	0.00	0.00
449.3163	0.00	0.00
449.6554	0.00	0.00
450.0125	0.00	0.00
450.3902	0.00	0.00
450.7192	0.00	0.00
451.0928	0.00	0.00
451.4733	0.00	0.00
451.8429	0.00	0.00
452.2118	0.00	0.00
452.5622	0.00	0.00
452.8981	0.00	0.00
453.2653	0.00	0.00
453.6152	0.00	0.00
453.9793	0.00	0.00
454.3666	0.00	0.00
454.7404	0.00	0.00
455.1082	0.00	0.00
455.4622	0.00	0.00
455.7827	0.00	0.00
456.1757	0.00	0.00
456.5379	0.00	0.00
456.9337	0.00	0.00
457.3013	0.00	0.00
457.6320	0.00	0.00
457.9962	0.00	0.00
458.3935	0.00	0.00
458.7438	0.00	0.00
459.1050	0.00	0.00
459.5228	0.00	0.00
459.8706	0.00	0.00
460.2099	0.00	0.00
460.5631	0.00	0.00
460.8891	0.00	0.00
461.2229	0.00	0.00
461.5898	0.00	0.00
461.9646	0.00	0.00
462.3497	0.00	0.00
462.7246	0.00	0.00
463.0943	0.00	0.00
463.4923	0.00	0.00
463.8417	0.00	0.00
464.1732	0.00	0.00
464.5443	0.00	0.00
464.9116	0.00	0.00
465.3082	0.00	0.00
465.6836	0.00	0.00
466.0755	0.00	0.00
466.4241	0.00	0.00
466.7593	0.00	0.00
467.1170	0.00	0.00
467.5098	0.00	0.00
467.8356	0.00	0.00
468.2064	0.00	0.00
468.5982	0.00	0.00
468.9718	0.00	0.00
469.3418	0.00	0.00
469.6902	0.00	0.00
470.0501	0.00	0.00
470.4324	0.00	0.00
470.8283	0.00	0.00
471.1911	0.00	0.00
471.5829	0.00	0.00
471.9296	0.00	0.00
472.3170	0.00	0.00
472.6822	0.00	0.00
473.0355	0.00	0.00
473.3704	0.00	0.00
473.7160	0.00	0.00
474.0726	0.00	0.00
474.4604	0.00	0.00
474.8225	0.00	0.00
475.1972	0.00	0.00
475.5941	0.00	0.00
475.9617	0.00	0.00
476.3605	0.00	0.00
476.7269	0.00	0.00
477.1103	0.00	0.00
477.4798	0.00	0.00
477.8805	0.00	0.00
478.2465	0.00	0.00
478.6055	0.00	0.00
478.9838	0.00	0.00
479.3693	0.00	0.00
479.7365	0.00	0.00
480.1345	0.00	0.00
480.4866	0.00	0.00
480.8208	0.00	0.00
481.1770	0.00	0.00
481.5484	0.00	0.00
481.9166	0.00	0.00
482.2691	0.00	0.00
482.6472	0.00	0.00
483.0034	0.00	0.00
483.3901	0.00	0.00
483.7507	0.00	0.00
484.1343	0.00	0.00
484.5117	0.00	0.00
484.8923	0.00	0.00
485.2679	0.00	0.00
485.6191	0.00	0.00
486.0071	0.00	0.00
486.3789	0.00	0.00
486.7572	0.00	0.00
487.1405	0.00	0.00
487.5170	0.00	0.00
487.8561	0.00	0.00
488.2248	0.00	0.00
488.5892	0.00	0.00
488.9192	0.00	0.00
489.2317	0.00	0.00
489.6451	0.00	0.00
489.9742	0.00	0.00
490.3182	0.00	0.00
490.7060	0.00	0.00
491.0890	0.00	0.00
491.4770	0.00	0.00
491.8203	0.00	0.00
492.2272	0.00	0.00
492.6169	0.00	0.00
492.9874	0.00	0.00
493.3295	0.00	0.00
493.7004	0.00	0.00
494.0877	0.00	0.00
494.4704	0.00	0.00
494.8157	0.00	0.00
495.2090	0.00	0.00
495.5960	0.00	0.00
495.9888	0.00	0.00
496.3627	0.00	0.00
496.7087	0.00	0.00
497.0543	0.00	0.00
497.4524	0.00	0.00
497.8059	0.00	0.00
498.1596	0.00	0.00
498.5491	0.00	0.00
498.8979	0.00	0.00
499.2887	0.00	0.00
499.6983	0.00	0.00
500.0592	0.00	0.00
500.4136	0.00	0.00
500.8114	0.00	0.00
501.2026	0.00	0.00
501.5625	0.00	0.00
501.9220	0.00	0.00
502.3160	0.00	0.00
502.6750	0.00	0.00
503.0423	0.00	0.00
503.4003	0.00	0.00
503.7966	0.00	0.00
504.1825	0.00	0.00
504.5785	0.00	0.00
504.9345	0.00	0.00
505.3371	0.00	0.00
505.7011	0.00	0.00
506.0962	0.00	0.00
506.4651	0.00	0.00
506.8070	0.00	0.00
507.1533	0.00	0.00
507.4963	0.00	0.00
507.8941	0.00	0.00
508.2679	0.00	0.00
508.6581	0.00	0.00
508.9997	0.00	0.00
509.4129	0.00	0.00
509.7784	0.00	0.00
510.1601	0.00	0.00
510.5175	0.00	0.00
510.9053	0.00	0.00
511.2630	0.00	0.00
511.6584	0.00	0.00
512.0065	0.00	0.00
512.3867	0.00	0.00
512.7742	0.00	0.00
513.1811	0.00	0.00
513.5388	0.00	0.00
513.9198	0.00	0.00
514.2921	0.00	0.00
514.6802	0.00	0.00
515.0253	0.00	0.00
515.4210	0.00	0.00
515.7889	0.00	0.00
516.1810	0.00	0.00
516.5392	0.00	0.00
516.9399	0.00	0.00
517.3334	0.00	0.00
517.7046	0.00	0.00
518.0659	0.00	0.00
518.4620	0.00	0.00
518.8490	0.00	0.00
519.2214	0.00	0.00
519.5963	0.00	0.00
519.9619	0.00	0.00
520.3460	0.00	0.00
520.7268	0.00	0.00
521.0834	0.00	0.00
521.4722	0.00	0.00
521.8448	0.00	0.00
522.2567	0.00	0.00
522.7000	0.00	0.00
523.0683	0.00	0.00
523.4249	0.00	0.00
523.7876	0.00	0.00
524.1802	0.00	0.00
524.5324	0.00	0.00
524.9110	0.00	0.00
525.3079	0.00	0.00
525.6966	0.00	0.00
526.0591	0.00	0.00
526.4272	0.00	0.00
526.8215	0.00	0.00
527.1874	0.00	0.00
527.5519	0.00	0.00
527.9440	0.00	0.00
528.3363	0.00	0.00
528.7283	0.00	0.00
529.0888	0.00	0.00
529.4951	0.00	0.00
529.8509	0.00	0.00
530.2339	0.00	0.00
530.5847	0.00	0.00
531.0299	0.00	0.00
531.4473	0.00	0.00
531.8219	0.00	0.00
532.1901	0.00	0.00
532.5899	0.00	0.00
532.9684	0.00	0.00
533.3230	0.00	0.00
533.6760	0.00	0.00
534.0070	0.00	0.00
534.4220	0.00	0.00
534.8050	0.00	0.00
535.1730	0.00	0.00
535.5219	0.00	0.00
535.9194	0.00	0.00
536.3127	0.00	0.00
536.6613	0.00	0.00
537.0273	0.00	0.00
537.4165	0.00	0.00
537.7983	0.00	0.00
538.1452	0.00	0.00
538.5476	0.00	0.00
538.9267	0.00	0.00
539.3033	0.00	0.00
539.6665	0.00	0.00
540.0332	0.00	0.00
540.4270	0.00	0.00
540.8006	0.00	0.00
541.1680	0.00	0.00
541.5280	0.00	0.00
541.9082	0.00	0.00
542.3001	0.00	0.00
542.6040	0.00	0.00
542.9950	0.00	0.00
543.3991	0.00	0.00
543.7521	0.00	0.00
544.1395	0.00	0.00
544.5246	0.00	0.00
544.9093	0.00	0.00
545.2548	0.00	0.00
545.6059	0.00	0.00
545.9698	0.00	0.00
546.3606	0.00	0.00
546.7138	0.00	0.00
547.0520	0.00	0.00
547.4577	0.00	0.00
547.8171	0.00	0.00
548.1939	0.00	0.00
548.5768	0.00	0.00
548.9646	0.00	0.00
549.3093	0.00	0.00
549.7005	0.00	0.00
550.0626	0.00	0.00
550.4297	0.00	0.00
550.8034	0.00	0.00
551.1788	0.00	0.00
551.5402	0.00	0.00
551.9355	0.00	0.00
552.2896	0.00	0.00
552.6981	0.00	0.00
553.0599	0.00	0.00
553.4373	0.00	0.00
553.7925	0.00	0.00
554.1878	0.00	0.00
554.5532	0.00	0.00
554.9550	0.00	0.00
555.3148	0.00	0.00
555.7154	0.00	0.00
556.0972	0.00	0.00
556.4945	0.00	0.00
556.8439	0.00	0.00
557.2344	0.00	0.00
557.6356	0.00	0.00
558.0082	0.00	0.00
558.3824	0.00	0.00
558.7489	0.00	0.00
559.1281	0.00	0.00
559.5190	0.00	0.00
559.8755	0.00	0.00
560.2759	0.00	0.00
560.6663	0.00	0.00
561.0550	0.00	0.00
561.4207	0.00	0.00
561.7969	0.00	0.00
562.1695	0.00	0.00
562.5619	0.00	0.00
562.9295	0.00	0.00
563.3242	0.00	0.00
563.7003	0.00	0.00
564.0749	0.00	0.00
564.4455	0.00	0.00
564.8484	0.00	0.00
565.2539	0.00	0.00
565.6332	0.00	0.00
566.0605	0.00	0.00
566.4112	0.00	0.00
566.7973	0.00	0.00
567.1762	0.00	0.00
567.5631	0.00	0.00
567.9125	0.00	0.00
568.3111	0.00	0.00
568.6820	0.00	0.00
569.0119	0.00	0.00
569.3958	0.00	0.00
569.7808	0.00	0.00
570.1574	0.00	0.00
570.5052	0.00	0.00
570.9386	0.00	0.00
571.3725	0.00	0.00
571.7854	0.00	0.00
572.1855	0.00	0.00
572.6170	0.00	0.00
572.9838	0.00	0.00
573.3644	0.00	0.00
573.7487	0.00	0.00
574.1167	0.00	0.00
574.4784	0.00	0.00
574.8961	0.00	0.00
575.2435	0.00	0.00
575.6376	0.00	0.00
575.9844	0.00	0.00
576.3815	0.00	0.00
576.7784	0.00	0.00
577.1410	0.00	0.00
577.5113	0.00	0.00
577.9070	0.00	0.00
578.2839	0.00	0.00
578.6943	0.00	0.00
579.0528	0.00	0.00
579.4120	0.00	0.00
579.8263	0.00	0.00
580.2069	0.00	0.00
580.5662	0.00	0.00
580.9373	0.00	0.00
581.3299	0.00	0.00
581.7106	0.00	0.00
582.0648	0.00	0.00
582.4375	0.00	0.00
582.8331	0.00	0.00
583.1990	0.00	0.00
583.5700	0.00	0.00
583.9428	0.00	0.00
584.3392	0.00	0.00
584.7413	0.00	0.00
585.0925	0.00	0.00
585.4758	0.00	0.00
585.8559	0.00	0.00
586.2440	0.00	0.00
586.6288	0.00	0.00
587.0367	0.00	0.00
587.3992	0.00	0.00
587.7953	0.00	0.00
588.1479	0.00	0.00
588.5756	0.00	0.00
588.9384	0.00	0.00
589.3247	0.00	0.00
589.6676	0.00	0.00
590.0763	0.00	0.00
590.4409	0.00	0.00
590.8188	0.00	0.00
591.1641	0.00	0.00
591.5763	0.00	0.00
591.9332	0.00	0.00
592.3204	0.00	0.00
592.6612	0.00	0.00
593.0687	0.00	0.00
593.4478	0.00	0.00
593.8442	0.00	0.00
594.1872	0.00	0.00
594.5896	0.00	0.00
594.9441	0.00	0.00
595.3235	0.00	0.00
595.7650	0.00	0.00
596.1243	0.00	0.00
596.5363	0.00	0.00
596.9406	0.00	0.00
597.3468	0.00	0.00
597.7736	0.00	0.00
598.1276	0.00	0.00
598.4978	0.00	0.00
598.8993	0.00	0.00
599.2770	0.00	0.00
599.6370	0.00	0.00
600.0403	0.00	0.00
600.4128	0.00	0.00
600.7745	0.00	0.00
601.1278	0.00	0.00
601.5386	0.00	0.00
601.8972	0.00	0.00
602.2912	0.00	0.00
602.6424	0.00	0.00
603.0073	0.00	0.00
603.4071	0.00	0.00
603.7855	0.00	0.00
604.1398	0.00	0.00
604.5459	0.00	0.00
604.9127	0.00	0.00
605.3138	0.00	0.00
605.6686	0.00	0.00
606.0424	0.00	0.00
606.3960	0.00	0.00
606.7645	0.00	0.00
607.1500	0.00	0.00
607.5523	0.00	0.00
607.9180	0.00	0.00
608.2611	0.00	0.00
608.6410	0.00	0.00
609.0218	0.00	0.00
609.4129	0.00	0.00
609.7536	0.00	0.00
610.1459	0.00	0.00
610.5619	0.00	0.00
610.9294	0.00	0.00
611.2689	0.00	0.00
611.6780	0.00	0.00
612.0492	0.00	0.00
612.4449	0.00	0.00
612.8017	0.00	0.00
613.1940	0.00	0.00
613.5895	0.00	0.00
613.9432	0.00	0.00
614.3019	0.00	0.00
614.7288	0.00	0.00
615.1129	0.00	0.00
615.5161	0.00	0.00
615.8812	0.00	0.00
616.2281	0.00	0.00
616.6147	0.00	0.00
617.0183	0.00	0.00
617.3867	0.00	0.00
617.7534	0.00	0.00
618.1399	0.00	0.00
618.5369	0.00	0.00
618.9107	0.00	0.00
619.2604	0.00	0.00
619.6637	0.00	0.00
620.0387	0.00	0.00
620.4353	0.00	0.00
620.7938	0.00	0.00
621.1688	0.00	0.00
621.5467	0.00	0.00
621.9395	0.00	0.00
622.2884	0.00	0.00
622.6756	0.00	0.00
623.0728	0.00	0.00
623.4647	0.00	0.00
623.8292	0.00	0.00
624.2175	0.00	0.00
624.5935	0.00	0.00
625.0145	0.00	0.00
625.3856	0.00	0.00
625.8167	0.00	0.00
626.1837	0.00	0.00
626.5882	0.00	0.00
626.9403	0.00	0.00
627.3086	0.00	0.00
627.6968	0.00	0.00
628.0738	0.00	0.00
628.4322	0.00	0.00
628.8008	0.00	0.00
629.1821	0.00	0.00
629.5819	0.00	0.00
629.9324	0.00	0.00
630.3045	0.00	0.00
630.7230	0.00	0.00
631.0822	0.00	0.00
631.4363	0.00	0.00
631.8455	0.00	0.00
632.2470	0.00	0.00
632.6399	0.00	0.00
633.0584	0.00	0.00
633.4015	0.00	0.00
633.8295	0.00	0.00
634.1906	0.00	0.00
634.5651	0.00	0.00
634.9287	0.00	0.00
635.3092	0.00	0.00
635.7005	0.00	0.00
636.0827	0.00	0.00
636.4270	0.00	0.00
636.8418	0.00	0.00
637.1797	0.00	0.00
637.5923	0.00	0.00
638.0175	0.00	0.00
638.3681	0.00	0.00
638.7696	0.00	0.00
639.1240	0.00	0.00
639.5223	0.00	0.00
639.8920	0.00	0.00
640.2979	0.00	0.00
640.6866	0.00	0.00
641.0715	0.00	0.00
641.4146	0.00	0.00
641.8130	0.00	0.00
642.1872	0.00	0.00
642.5789	0.00	0.00
642.9306	0.00	0.00
643.3099	0.00	0.00
643.6908	0.00	0.00
644.0630	0.00	0.00
644.4165	0.00	0.00
644.8458	0.00	0.00
645.2443	0.00	0.00
645.6520	0.00	0.00
646.0241	0.00	0.00
646.3827	0.00	0.00
646.7794	0.00	0.00
647.1436	0.00	0.00
647.5367	0.00	0.00
647.8905	0.00	0.00
648.2528	0.00	0.00
648.6468	0.00	0.00
649.0093	0.00	0.00
649.3633	0.00	0.00
649.7737	0.00	0.00
650.1323	0.00	0.00
650.5185	0.00	0.00
650.8897	0.00	0.00
651.2643	0.00	0.00
651.6574	0.00	0.00
652.0275	0.00	0.00
652.3824	0.00	0.00
652.7345	0.00	0.00
653.0823	0.00	0.00
653.4103	0.00	0.00
653.8467	0.00	0.00
654.2035	0.00	0.00
654.6080	0.00	0.00
654.9710	0.00	0.00
655.3859	0.00	0.00
655.7535	0.00	0.00
656.1186	0.00	0.00
656.4701	0.00	0.00
656.8740	0.00	0.00
657.2362	0.00	0.00
657.6141	0.00	0.00
658.0621	0.00	0.00
658.4087	0.00	0.00
658.8142	0.00	0.00
659.1870	0.00	0.00
659.5985	0.00	0.00
659.9424	0.00	0.00
660.3405	0.00	0.00
660.7348	0.00	0.00
661.1183	0.00	0.00
661.4711	0.00	0.00
661.8425	0.00	0.00
662.2475	0.00	0.00
662.6580	0.00	0.00
662.9803	0.00	0.00
663.3735	0.00	0.00
663.7566	0.00	0.00
664.1416	0.00	0.00
664.4930	0.00	0.00
664.8952	0.00	0.00
665.2506	0.00	0.00
665.6481	0.00	0.00
666.0097	0.00	0.00
666.3758	0.00	0.00
666.7919	0.00	0.00
667.2060	0.00	0.00
667.6747	0.00	0.00
668.0377	0.00	0.00
668.4640	0.00	0.00
668.8280	0.00	0.00
669.2048	0.00	0.00
669.5502	0.00	0.00
669.9628	0.00	0.00
670.3329	0.00	0.00
670.7110	0.00	0.00
671.0627	0.00	0.00
671.4688	0.00	0.00
671.8572	0.00	0.00
672.2624	0.00	0.00
672.6055	0.00	0.00
673.0137	0.00	0.00
673.4135	0.00	0.00
673.8497	0.00	0.00
674.2595	0.00	0.00
674.6059	0.00	0.00
675.0400	0.00	0.00
675.3868	0.00	0.00
675.7963	0.00	0.00
676.1457	0.00	0.00
676.5449	0.00	0.00
676.9059	0.00	0.00
677.3005	0.00	0.00
677.6484	0.00	0.00
678.0378	0.00	0.00
678.4159	0.00	0.00
678.8012	0.00	0.00
679.2659	0.00	0.00
679.6161	0.00	0.00
679.9793	0.00	0.00
680.3639	0.00	0.00
680.7696	0.00	0.00
681.1302	0.00	0.00
681.5652	0.00	0.00
681.9655	0.00	0.00
682.3760	0.00	0.00
682.7892	0.00	0.00
683.1483	0.00	0.00
683.5730	0.00	0.00
683.9802	0.00	0.00
684.4090	0.00	0.00
684.7757	0.00	0.00
685.1399	0.00	0.00
685.5337	0.00	0.00
685.9095	0.00	0.00
686.2845	0.00	0.00
686.6428	0.00	0.00
687.0773	0.00	0.00
687.4372	0.00	0.00
687.8426	0.00	0.00
688.2665	0.00	0.00
688.6230	0.00	0.00
689.0155	0.00	0.00
689.3994	0.00	0.00
689.7783	0.00	0.00
690.1294	0.00	0.00
690.5309	0.00	0.00
690.9162	0.00	0.00
691.3242	0.00	0.00
691.6767	0.00	0.00
692.0644	0.00	0.00
692.4674	0.00	0.00
692.8337	0.00	0.00
693.1715	0.00	0.00
693.5796	0.00	0.00
693.9545	0.00	0.00
694.3322	0.00	0.00
694.6716	0.00	0.00
695.0803	0.00	0.00
695.4694	0.00	0.00
695.8905	0.00	0.00
696.3435	0.00	0.00
696.6862	0.00	0.00
697.0854	0.00	0.00
697.4764	0.00	0.00
697.8478	0.00	0.00
698.1910	0.00	0.00
698.6193	0.00	0.00
698.9964	0.00	0.00
699.4219	0.00	0.00
699.8132	0.00	0.00
700.1678	0.00	0.00
700.5775	0.00	0.00
700.9463	0.00	0.00
701.3321	0.00	0.00
701.6942	0.00	0.00
702.1317	0.00	0.00
702.5495	0.00	0.00
702.9457	0.00	0.00
703.3385	0.00	0.00
703.7020	0.00	0.00
704.1184	0.00	0.00
704.5066	0.00	0.00
704.8745	0.00	0.00
705.2172	0.00	0.00
705.6402	0.00	0.00
706.0660	0.00	0.00
706.4300	0.00	0.00
706.8279	0.00	0.00
707.1753	0.00	0.00
707.6006	0.00	0.00
707.9481	0.00	0.00
708.3470	0.00	0.00
708.7131	0.00	0.00
709.1438	0.00	0.00
709.5423	0.00	0.00
709.9254	0.00	0.00
710.2652	0.00	0.00
710.6555	0.00	0.00
711.0655	0.00	0.00
711.4539	0.00	0.00
711.7991	0.00	0.00
712.1926	0.00	0.00
712.5769	0.00	0.00
712.9643	0.00	0.00
713.3051	0.00	0.00
713.7152	0.00	0.00
714.1571	0.00	0.00
714.5620	0.00	0.00
714.9498	0.00	0.00
715.2920	0.00	0.00
715.6918	0.00	0.00
716.0660	0.00	0.00
716.4743	0.00	0.00
716.8146	0.00	0.00
717.2189	0.00	0.00
717.6327	0.00	0.00
718.0323	0.00	0.00
718.4007	0.00	0.00
718.7563	0.00	0.00
719.1529	0.00	0.00
719.5740	0.00	0.00
719.9598	0.00	0.00
720.4294	0.00	0.00
720.7881	0.00	0.00
721.2234	0.00	0.00
721.6467	0.00	0.00
722.0544	0.00	0.00
722.4629	0.00	0.00
722.8010	0.00	0.00
723.1867	0.00	0.00
723.5704	0.00	0.00
723.9734	0.00	0.00
724.4074	0.00	0.00
724.7748	0.00	0.00
725.2131	0.00	0.00
725.5843	0.00	0.00
725.9795	0.00	0.00
726.4184	0.00	0.00
726.7850	0.00	0.00
727.1963	0.00	0.00
727.5934	0.00	0.00
727.9609	0.00	0.00
728.3101	0.00	0.00
728.7292	0.00	0.00
729.1619	0.00	0.00
729.5166	0.00	0.00
729.9091	0.00	0.00
730.2840	0.00	0.00
730.7074	0.00	0.00
731.0956	0.00	0.00
731.5298	0.00	0.00
731.9708	0.00	0.00
732.3104	0.00	0.00
732.7887	0.00	0.00
733.2007	0.00	0.00
733.5908	0.00	0.00
733.9728	0.00	0.00
734.3396	0.00	0.00
734.7464	0.00	0.00
735.1224	0.00	0.00
735.5273	0.00	0.00
735.9524	0.00	0.00
736.3018	0.00	0.00
736.6915	0.00	0.00
737.0704	0.00	0.00
737.4635	0.00	0.00
737.8164	0.00	0.00
738.2105	0.00	0.00
738.5757	0.00	0.00
738.9837	0.00	0.00
739.3587	0.00	0.00
739.7482	0.00	0.00
740.1233	0.00	0.00
740.5142	0.00	0.00
740.8717	0.00	0.00
741.2694	0.00	0.00
741.6678	0.00	0.00
742.0933	0.00	0.00
742.4343	0.00	0.00
742.8619	0.00	0.00
743.2924	0.00	0.00
743.6890	0.00	0.00
744.0750	0.00	0.00
744.4458	0.00	0.00
744.8763	0.00	0.00
745.2763	0.00	0.00
745.6867	0.00	0.00
746.0843	0.00	0.00
746.4343	0.00	0.00
746.8472	0.00	0.00
747.2686	0.00	0.00
747.6666	0.00	0.00
748.0992	0.00	0.00
748.4604	0.00	0.00
748.8460	0.00	0.00
749.2700	0.00	0.00
749.6957	0.00	0.00
750.0472	0.00	0.00
750.4841	0.00	0.00
750.9036	0.00	0.00
751.3603	0.00	0.00
751.7732	0.00	0.00
752.1740	0.00	0.00
752.5350	0.00	0.00
752.9592	0.00	0.00
753.3605	0.00	0.00
753.7836	0.00	0.00
754.1633	0.00	0.00
754.5361	0.00	0.00
754.9622	0.00	0.00
755.3422	0.00	0.00
755.7206	0.00	0.00
756.1744	0.00	0.00
756.5420	0.00	0.00
756.9889	0.00	0.00
757.4207	0.00	0.00
757.7994	0.00	0.00
758.2162	0.00	0.00
758.5449	0.00	0.00
758.9826	0.00	0.00
759.3882	0.00	0.00
759.8026	0.00	0.00
760.2134	0.00	0.00
760.5532	0.00	0.00
760.9652	0.00	0.00
761.3604	0.00	0.00
761.7319	0.00	0.00
762.0676	0.00	0.00
762.4627	0.00	0.00
762.8599	0.00	0.00
763.2930	0.00	0.00
763.7187	0.00	0.00
764.1693	0.00	0.00
764.5122	0.00	0.00
764.8982	0.00	0.00
765.2915	0.00	0.00
765.7203	0.00	0.00
766.0604	0.00	0.00
766.4991	0.00	0.00
766.9321	0.00	0.00
767.3535	0.00	0.00
767.7575	0.00	0.00
768.2113	0.00	0.00
768.5660	0.00	0.00
768.9961	0.00	0.00
769.4093	0.00	0.00
769.8257	0.00	0.00
770.2151	0.00	0.00
770.5585	0.00	0.00
770.9615	0.00	0.00
771.3869	0.00	0.00
771.7958	0.00	0.00
772.1306	0.00	0.00
772.5663	0.00	0.00
772.9501	0.00	0.00
773.3922	0.00	0.00
773.7824	0.00	0.00
774.1560	0.00	0.00
774.5729	0.00	0.00
774.9769	0.00	0.00
775.3960	0.00	0.00
775.8000	0.00	0.00
776.1585	0.00	0.00
776.6024	0.00	0.00
777.0504	0.00	0.00
777.4863	0.00	0.00
777.8958	0.00	0.00
778.3017	0.00	0.00
778.6598	0.00	0.00
779.0979	0.00	0.00
779.5274	0.00	0.00
779.9055	0.00	0.00
780.3429	0.00	0.00
780.6819	0.00	0.00
781.0961	0.00	0.00
781.5283	0.00	0.00
781.9203	0.00	0.00
782.3523	0.00	0.00
782.6978	0.00	0.00
783.1075	0.00	0.00
783.4903	0.00	0.00
783.8582	0.00	0.00
784.3080	0.00	0.00
784.6528	0.00	0.00
785.0725	0.00	0.00
785.4989	0.00	0.00
785.9101	0.00	0.00
786.3055	0.00	0.00
786.6507	0.00	0.00
787.0357	0.00	0.00
787.4631	0.00	0.00
787.8616	0.00	0.00
788.3153	0.00	0.00
788.6842	0.00	0.00
789.0741	0.00	0.00
789.4619	0.00	0.00
789.8791	0.00	0.00
790.3213	0.00	0.00
790.6705	0.00	0.00
791.1072	0.00	0.00
791.5006	0.00	0.00
791.8907	0.00	0.00
792.3605	0.00	0.00
792.7110	0.00	0.00
793.1568	0.00	0.00
793.5711	0.00	0.00
793.9571	0.00	0.00
794.3986	0.00	0.00
794.7290	0.00	0.00
795.1416	0.00	0.00
795.5683	0.00	0.00
795.9693	0.00	0.00
796.3933	0.00	0.00
796.8406	0.00	0.00
797.1826	0.00	0.00
797.6156	0.00	0.00
798.0314	0.00	0.00
798.4742	0.00	0.00
798.9013	0.00	0.00
799.3391	0.00	0.00
799.6844	0.00	0.00
800.0731	0.00	0.00
800.4697	0.00	0.00
800.8563	0.00	0.00
801.2130	0.00	0.00
801.6507	0.00	0.00
802.0285	0.00	0.00
802.4898	0.00	0.00
802.8965	0.00	0.00
803.3613	0.00	0.00
803.7269	0.00	0.00
804.1722	0.00	0.00
804.5690	0.00	0.00
804.9757	0.00	0.00
805.3941	0.00	0.00
805.7495	0.00	0.00
806.1867	0.00	0.00
806.6460	0.00	0.00
807.0550	0.00	0.00
807.4697	0.00	0.00
807.9008	0.00	0.00
808.2485	0.00	0.00
808.7069	0.00	0.00
809.1201	0.00	0.00
809.5120	0.00	0.00
809.9161	0.00	0.00
810.2637	0.00	0.00
810.6774	0.00	0.00
811.0980	0.00	0.00
811.4949	0.00	0.00
811.9249	0.00	0.00
812.2735	0.00	0.00
812.6628	0.00	0.00
813.0864	0.00	0.00
813.4736	0.00	0.00
813.8080	0.00	0.00
814.2331	0.00	0.00
814.6702	0.00	0.00
815.0990	0.00	0.00
815.4842	0.00	0.00
815.8269	0.00	0.00
816.2334	0.00	0.00
816.6972	0.00	0.00
817.0910	0.00	0.00
817.5270	0.00	0.00
817.9211	0.00	0.00
818.2605	0.00	0.00
818.6752	0.00	0.00
819.0972	0.00	0.00
819.5618	0.00	0.00
819.9832	0.00	0.00
820.4410	0.00	0.00
820.7821	0.00	0.00
821.1841	0.00	0.00
821.6010	0.00	0.00
821.9898	0.00	0.00
822.3294	0.00	0.00
822.7704	0.00	0.00
823.2133	0.00	0.00
823.6375	0.00	0.00
824.0775	0.00	0.00
824.4729	0.00	0.00
824.8170	0.00	0.00
825.2580	0.00	0.00
825.6583	0.00	0.00
826.0647	0.00	0.00
826.5176	0.00	0.00
826.8550	0.00	0.00
827.2806	0.00	0.00
827.7073	0.00	0.00
828.1272	0.00	0.00
828.5823	0.00	0.00
828.9294	0.00	0.00
829.3253	0.00	0.00
829.7886	0.00	0.00
830.2226	0.00	0.00
830.6183	0.00	0.00
831.0619	0.00	0.00
831.4096	0.00	0.00
831.8619	0.00	0.00
832.2832	0.00	0.00
832.7224	0.00	0.00
833.1232	0.00	0.00
833.5761	-155.08	-138.57
833.9188	-152.35	-137.71
834.4000	1067.53	1078.08
835.0453	1149.73	1085.65
835.7540	843.75	844.67
836.1777	749.74	755.34
836.6236	686.61	695.47
837.0512	640.98	656.19
837.4135	619.94	636.05
837.8745	611.38	625.34
838.3247	602.90	618.16
838.7539	600.70	615.88
839.1950	598.57	613.09
839.6141	597.52	612.13
840.0561	596.79	611.22
840.4267	593.55	609.74
840.8575	592.68	608.96
841.2943	591.93	606.94
841.7168	589.68	605.85
842.1020	589.79	605.10
842.5673	589.83	604.48
842.9139	585.54	601.20
843.3646	585.11	600.95
843.7344	585.37	599.22
844.2055	584.48	598.20
844.6258	581.28	596.25
845.0553	580.09	593.47
845.3949	577.17	592.15
845.7713	576.05	591.89
846.2013	574.86	590.15
846.6105	573.77	587.72
846.9576	572.10	586.03
847.3582	569.77	584.60
847.7505	564.49	582.00
848.2195	565.32	580.97
848.6474	562.56	577.45
849.1260	562.79	577.45
849.4694	560.90	574.42
849.9165	560.33	574.94
850.3635	556.55	570.28
850.7831	554.51	567.69
851.2328	552.82	564.04
851.6485	549.04	560.72
852.0972	544.55	557.19
852.4500	542.67	553.34
852.8945	539.01	550.88
853.3280	541.45	553.09
853.7651	541.34	553.35
854.2109	542.26	554.26
854.6791	541.85	555.41
855.1151	539.21	554.66
855.4649	541.12	555.09
855.9059	539.18	553.62
856.2879	535.68	549.07
856.7082	532.82	547.14
857.1540	529.94	541.80
857.5022	528.66	538.39
857.9452	524.23	534.88
858.3885	522.48	533.35
858.8477	519.66	531.59
859.2780	517.90	529.46
859.6966	516.43	526.90
860.1390	514.80	526.74
860.4825	513.49	524.88
860.8732	512.74	525.79
861.3126	512.93	526.20
861.7650	513.54	527.58
862.2099	512.55	524.55
862.5491	509.85	520.94
862.9678	506.45	518.25
863.4064	506.45	517.84
863.8445	501.74	513.94
864.2910	500.27	512.31
864.6837	498.66	511.51
865.0289	498.76	510.17
865.4936	496.03	508.06
865.9362	496.51	507.79
866.3877	495.08	506.95
866.8033	495.65	505.52
867.2383	495.17	505.95
867.5714	495.08	505.36
867.9899	493.79	505.90
868.4348	492.32	503.91
868.8459	491.60	504.63
869.3073	493.83	504.40
869.7302	491.70	502.80
870.1853	491.40	502.62
870.5309	489.93	500.72
870.9622	487.62	498.69
871.4092	487.70	498.69
871.8471	487.01	498.90
872.2881	486.32	497.24
872.7352	484.93	495.81
873.0639	482.80	494.85
873.4977	481.29	492.82
873.9217	482.71	494.13
874.3841	481.57	493.23
874.8163	478.52	491.32
875.2638	479.41	490.48
875.7072	481.82	491.78
876.0479	482.51	493.42
876.4958	478.77	490.28
876.9259	478.79	490.05
877.3895	477.70	490.50
877.7977	477.33	490.61
878.2266	478.76	489.19
878.6985	476.08	488.47
879.0398	477.80	487.59
879.4784	473.04	486.88
879.9060	476.90	486.88
880.3653	473.33	485.44
880.8106	472.67	484.88
881.2537	472.67	483.66
881.6838	471.47	483.59
882.0353	470.36	482.97
882.5071	469.19	482.03
882.9111	469.91	481.92
883.3561	469.24	480.55
883.8016	467.81	480.32
884.2432	468.83	481.45
884.6925	469.98	481.62
885.0315	470.13	479.96
885.4951	468.68	479.49
885.9156	468.21	480.12
886.3587	469.24	480.45
886.8064	469.47	480.02
887.2465	466.71	479.68
887.6016	468.49	480.21
888.0186	468.85	480.75
888.4241	468.68	480.12
888.8725	468.25	479.20
889.2871	467.28	479.52
889.6418	468.00	479.46
890.0600	468.67	479.73
890.4868	467.95	479.85
890.9291	468.59	481.28
891.3673	467.86	480.11
891.8403	466.82	478.04
892.1908	466.90	478.45
892.6280	465.32	477.86
893.0587	466.32	477.59
893.4847	464.88	476.53
893.9184	465.87	476.99
894.3690	467.07	476.50
894.8116	465.23	475.63
895.1459	464.96	475.73
895.5612	463.77	475.10
895.9806	465.71	476.09
896.4258	465.73	476.93
896.8710	467.10	477.03
897.3334	464.57	475.59
897.8319	464.33	475.68
898.1689	465.45	475.14
898.6222	463.68	475.78
899.0385	465.51	478.50
899.5063	470.52	482.92
899.9091	471.19	484.96
900.3229	473.25	486.26
900.6713	474.56	486.20
901.1125	473.15	486.26
901.5588	473.92	489.29
901.9664	474.96	489.07
902.3590	475.37	491.36
902.6971	477.51	491.83
903.0837	475.75	492.25
903.5072	476.93	491.92
903.8729	477.69	493.08
904.1949	477.83	493.44
904.6318	476.42	492.41
904.9903	476.86	491.63
905.4045	475.63	489.60
905.8303	476.15	490.19
906.1821	476.30	489.37
906.5979	477.26	491.02
907.0171	476.02	491.16
907.4209	478.24	492.99
907.8745	477.27	492.55
908.2405	478.56	493.84
908.6743	476.48	493.68
909.0658	477.71	493.70
909.4752	479.45	494.23
909.8740	477.70	494.59
910.2265	477.32	494.04
910.6043	476.49	494.50
910.9869	476.66	493.63
911.4328	477.06	492.82
911.7720	478.86	492.51
912.1967	475.44	491.42
912.6417	475.14	488.77
913.0519	472.73	484.85
913.4419	471.29	482.78
913.9198	469.30	480.39
914.2935	468.98	480.08
914.7494	468.30	479.73
915.1387	469.45	480.75
915.5353	468.86	480.91
915.9291	468.88	480.70
916.2848	468.03	478.65
916.7143	468.93	478.91
917.1220	466.40	477.58
917.5221	465.99	477.29
917.9557	464.30	476.34
918.2925	464.92	475.72
918.7238	462.29	475.13
919.2215	463.93	475.40
919.6625	467.39	478.50
920.0794	469.96	481.31
920.4668	470.79	483.07
920.8021	468.87	483.08
921.2020	470.32	485.14
921.5825	473.03	488.17
921.9619	474.84	489.77
922.3080	475.23	490.32
922.7586	475.21	490.57
923.1768	474.05	490.73
923.6619	477.88	491.34
924.0957	475.41	491.08
924.5362	476.98	491.33
924.9830	475.41	491.21
925.4072	475.50	491.88
925.7566	476.05	492.51
926.1598	476.48	492.13
926.6094	477.39	491.81
927.0247	474.91	488.04
927.4315	473.66	485.60
927.7952	471.62	483.85
928.2385	469.57	481.03
928.6839	466.83	479.51
929.0565	464.62	476.68
929.4168	467.95	477.19
929.8250	463.36	474.61
930.2234	463.77	474.88
930.6607	463.79	473.42
931.1204	463.88	474.98
931.5147	464.97	475.44
931.9664	463.41	474.63
932.3894	464.10	475.39
932.7995	464.55	476.84
933.2065	468.06	479.44
933.6417	469.59	480.00
934.0520	468.07	479.46
934.4509	468.06	479.09
934.9300	468.53	478.75
935.2929	468.76	477.79
935.7218	466.58	476.88
936.1541	462.92	476.53
936.5223	463.04	474.36
936.9260	461.13	472.00
937.2756	460.91	471.74
937.7286	460.85	472.93
938.1718	460.09	471.95
938.6001	460.77	471.57
939.0279	460.36	471.51
939.4180	461.22	471.88
939.7681	459.04	471.22
940.1707	459.94	471.80
940.6149	459.33	471.66
941.0237	460.55	471.20
941.4219	459.55	471.21
941.7868	463.00	473.59
942.2053	460.38	473.50
942.5977	461.47	472.71
943.0435	461.04	473.71
943.4653	462.12	473.07
943.8017	463.15	473.75
944.2219	463.49	474.29
944.6487	462.01	473.33
945.1017	463.13	472.85
945.5260	462.45	472.87
945.9133	461.37	471.62
946.2787	461.51	471.56
946.7126	460.59	471.63
947.1182	459.17	470.98
947.5419	460.98	473.28
947.9197	464.54	474.94
948.2679	464.17	477.69
948.6898	466.50	480.09
949.0806	470.88	482.51
949.4850	471.74	485.51
949.9120	473.72	485.98
950.2598	474.62	487.19
950.6697	474.05	487.15
951.0948	474.05	489.12
951.5346	474.66	488.10
951.9264	474.91	488.67
952.2940	474.90	487.49
952.7337	471.38	485.54
953.1487	469.47	481.96
953.5717	469.39	480.52
953.9947	468.48	479.15
954.3358	468.05	478.64
954.7356	465.24	477.07
955.1507	466.36	477.09
955.5681	465.84	476.53
956.0180	464.85	475.37
956.4435	465.62	474.99
956.7922	462.28	473.15
957.2044	462.69	474.08
957.5848	464.39	475.52
958.0172	466.73	476.80
958.3571	467.17	477.74
958.7591	467.77	481.06
959.1516	470.62	481.11
959.5389	469.41	482.04
959.8760	469.83	482.53
960.3117	470.34	481.28
960.6938	470.65	481.74
961.1106	468.54	481.68
961.5241	471.31	485.59
961.8720	474.02	484.98
962.3573	471.15	482.07
962.7636	470.22	480.53
963.1560	467.19	479.34
963.5635	469.41	480.27
963.9285	471.31	483.37
964.3147	471.55	483.94
964.7266	474.36	486.37
965.1114	474.70	487.50
965.4492	475.60	487.92
965.8366	475.89	486.76
966.2503	474.74	484.28
966.6560	471.17	481.81
967.0980	468.50	480.45
967.4607	468.47	477.97
967.9136	465.86	477.29
968.3125	464.87	475.68
968.7034	465.24	476.56
969.0045	468.31	477.85
969.4469	468.15	478.22
969.8779	467.72	479.40
970.2902	468.16	478.85
970.7246	468.69	479.39
971.0531	467.72	478.54
971.4635	465.10	476.59
971.8580	467.22	477.73
972.2541	467.32	479.24
972.6078	469.63	480.99
973.0237	470.46	483.23
973.4709	473.88	486.54
973.8925	476.89	488.95
974.2866	477.68	490.29
974.7167	477.19	491.30
975.0615	476.97	491.64
975.4515	478.71	492.04
975.8571	480.49	493.54
976.2757	478.32	491.40
976.7227	476.37	489.05
977.0766	476.38	489.61
977.5097	474.91	486.90
977.9456	471.64	483.50
978.3415	472.21	481.97
978.7767	470.84	481.22
979.2306	470.71	479.03
979.5908	469.08	477.91
980.0121	468.32	476.97
980.4465	468.62	477.08
980.8553	465.97	475.01
981.2891	465.85	475.80
981.6302	467.09	475.49
982.0525	463.97	474.83
982.4856	465.51	474.62
982.8810	462.91	474.87
983.3219	463.52	474.30
983.7590	464.12	474.48
984.1108	465.01	474.27
984.5550	463.81	474.29
984.9627	463.24	474.72
985.3978	468.32	475.27
985.8188	464.99	474.18
986.2793	466.00	474.76
986.6312	465.81	474.91
987.0809	463.90	474.12
987.5185	464.35	474.71
987.9609	464.87	475.71
988.3917	464.69	475.84
988.8137	464.64	474.25
989.1439	464.40	473.87
989.5952	463.85	474.52
990.0093	463.83	474.23
990.4052	463.88	474.52
990.7942	465.05	474.46
991.1446	466.19	475.43
991.5874	462.53	475.18
991.9885	464.47	475.93
992.4148	466.62	476.08
992.8002	465.43	475.31
993.1469	465.75	475.25
993.5647	465.56	476.27
993.9984	466.33	476.06
994.4205	466.82	476.15
994.8586	464.69	474.89
995.3291	466.11	475.77
995.6828	466.88	475.99
996.1057	464.85	475.70
996.5512	466.14	476.80
996.9918	465.74	476.82
997.4188	469.78	478.59
997.8495	467.96	477.57
998.1755	466.66	476.72
998.5825	466.48	476.95
998.9616	467.85	477.46
999.3884	466.81	476.63
999.8138	467.29	476.65
1000.1666	464.89	477.11
1000.5824	469.02	479.60
1001.0483	472.53	482.93
1001.4861	476.43	484.86
1001.9027	473.10	483.09
1002.3701	470.91	480.10
1002.7339	468.91	479.29
1003.1621	469.61	479.60
1003.5439	467.08	477.46
1003.9304	468.52	478.39
1004.3899	469.96	478.19
1004.7355	465.37	479.16
1005.1446	470.37	482.35
1005.5649	474.15	485.34
1006.0063	473.35	482.98
1006.4274	471.39	481.02
1006.7850	470.55	480.85
1007.2175	472.67	480.63
1007.6069	471.56	479.78
1008.0621	471.63	480.14
1008.4987	471.98	480.09
1008.9284	469.34	479.36
1009.2745	470.11	479.53
1009.6639	472.29	481.83
1010.0975	472.38	481.45
1010.5376	472.61	482.83
1010.9809	473.72	484.35
1011.3161	475.82	485.94
1011.7608	476.72	488.87
1012.1746	479.74	492.03
1012.6134	479.22	493.20
1013.0351	482.36	494.84
1013.4673	482.44	496.12
1013.8341	482.37	495.29
1014.2563	481.59	494.04
1014.6391	481.40	492.02
1015.0375	478.78	487.82
1015.3712	476.63	485.72
1015.7748	473.00	484.02
1016.1720	474.47	483.40
1016.5625	473.74	483.39
1016.9002	472.37	482.71
1017.3201	470.86	480.96
1017.7708	471.44	480.94
1018.1983	471.47	480.32
1018.6557	471.86	479.68
1019.0990	469.70	479.80
1019.5131	469.86	478.89
1019.8765	471.38	479.59
1020.3035	468.92	479.14
1020.7120	468.64	479.00
1021.1248	468.84	478.66
1021.5300	470.23	479.02
1021.8924	468.87	478.85
1022.2859	469.90	478.91
1022.7255	471.25	478.86
1023.1588	467.08	478.85
1023.6106	469.99	478.35
1024.0542	469.95	478.29
1024.3634	467.59	478.06
1024.8071	469.85	478.80
1025.2228	470.02	479.49
1025.6224	470.37	479.66
1026.0593	472.85	482.51
1026.4002	475.64	485.94
1026.7928	478.51	487.94
1027.2296	477.97	487.43
1027.6359	477.96	487.36
1028.0751	476.77	487.25
1028.4212	476.33	486.27
1028.8284	475.40	485.09
1029.2721	474.83	486.24
1029.7318	475.33	486.95
1030.1485	477.67	486.06
1030.6031	475.35	484.27
1030.9617	475.33	482.99
1031.3844	472.48	482.67
1031.7921	472.88	482.58
1032.2421	474.23	482.44
1032.6798	474.74	482.87
1033.1038	473.04	483.62
1033.4537	475.93	483.52
1033.9127	473.47	483.20
1034.3560	473.83	482.31
1034.8067	472.72	482.85
1035.2696	473.18	482.30
1035.6927	475.22	484.75
1036.0383	475.07	483.78
1036.4554	475.02	483.85
1036.8927	474.50	482.34
1037.2924	473.08	482.04
1037.7300	473.16	482.72
1038.1709	474.97	482.48
1038.5151	472.44	481.30
1038.9223	472.33	481.56
1039.3402	474.18	481.77
1039.7346	472.92	481.25
1040.1784	472.90	480.84
1040.5339	473.25	481.34
1040.9820	473.02	481.03
1041.4086	469.85	481.20
1041.8553	473.05	481.12
1042.3132	471.83	480.95
1042.7354	470.88	481.19
1043.1818	471.19	481.65
1043.5284	470.15	479.90
1043.9490	470.99	480.06
1044.3687	471.42	480.71
1044.8134	471.35	479.98
1045.2546	471.92	481.29
1045.6884	474.02	481.85
1046.0384	472.00	480.54
1046.4743	472.01	480.53
1046.8941	471.03	480.96
1047.3353	472.54	480.99
1047.7803	473.83	481.90
1048.2235	471.95	481.22
1048.5957	472.03	481.23
1049.0456	472.42	482.22
1049.4613	473.81	482.46
1049.9248	474.69	482.60
1050.3707	475.33	482.92
1050.8169	473.60	483.73
1051.2731	472.78	482.17
1051.6122	474.97	483.16
1052.0830	473.32	482.40
1052.5129	473.94	482.56
1052.8790	472.50	480.90
1053.2703	473.12	481.93
1053.6111	473.53	481.55
1054.0725	471.45	481.79
1054.5076	471.72	481.21
1054.9595	471.61	482.27
1055.3845	472.23	481.23
1055.8280	473.14	482.17
1056.2717	473.32	482.30
1056.6200	473.41	482.88
1057.0719	473.05	482.28
1057.5293	473.81	483.59
1057.9564	473.99	482.29
1058.4038	475.67	484.07
1058.8418	474.26	483.73
1059.1521	475.81	484.20
1059.5747	473.68	484.95
1060.0352	478.90	487.80
1060.4540	481.14	487.84
1060.8766	480.28	486.03
1061.3274	478.94	485.33
1061.6722	478.00	484.97
1062.1044	473.31	483.47
1062.5363	474.73	484.43
1062.9608	475.67	484.06
1063.3766	475.75	484.67
1063.8363	474.60	484.26
1064.1697	474.23	483.63
1064.5823	475.82	483.59
1064.9931	476.59	484.11
1065.4303	474.40	484.19
1065.8464	474.36	483.58
1066.1969	476.21	483.51
1066.6476	474.26	483.29
1067.0867	474.10	483.68
1067.5178	473.15	483.00
1067.9204	475.96	483.26
1068.3513	476.56	483.69
1068.6923	473.56	482.80
1069.0932	474.98	483.38
1069.5502	475.91	483.87
1069.9801	475.12	484.12
1070.4135	476.06	484.42
1070.8504	477.30	483.98
1071.2130	475.93	484.02
1071.6559	474.98	483.96
1072.1000	476.29	484.88
1072.5436	475.97	483.75
1072.9839	476.95	484.43
1073.4220	475.66	484.45
1073.7584	476.80	484.85
1074.1988	476.38	483.61
1074.6310	476.31	484.72
1075.0955	476.14	484.41
1075.5182	474.84	483.91
1075.9235	476.03	484.48
1076.2719	477.04	484.58
1076.7348	476.23	484.24
1077.1764	476.25	485.43
1077.6411	478.47	486.67
1078.0465	476.83	485.96
1078.5004	478.18	485.97
1078.9326	480.55	486.36
1079.2783	476.62	485.85
1079.6752	477.93	485.94
1080.1241	477.95	486.28
1080.5582	477.61	487.20
1081.0057	477.13	486.30
1081.4430	479.11	485.88
1081.7879	476.95	485.91
1082.2507	476.44	485.82
1082.6802	479.37	486.42
1083.1313	477.99	486.21
1083.5883	475.78	485.77
1084.0123	478.25	485.62
1084.4600	475.55	485.97
1084.7675	476.26	485.69
1085.2255	477.19	486.31
1085.6543	477.29	485.86
1086.1094	477.03	485.80
1086.5597	477.27	486.37
1087.0319	477.86	486.65
1087.4763	478.04	486.54
1087.8181	476.76	486.23
1088.2757	476.50	486.18
1088.7192	478.56	487.24
1089.1462	476.39	486.23
1089.5487	479.13	486.07
1089.8622	479.40	486.29
1090.3420	478.69	486.79
1090.7831	477.42	486.95
1091.2152	479.84	487.28
1091.6512	477.82	486.78
1092.0894	479.18	488.24
1092.5453	479.20	487.74
1092.8934	479.52	487.85
1093.3396	478.53	487.98
1093.7803	479.98	489.08
1094.2287	478.67	487.58
1094.6779	481.13	488.38
1095.1094	479.38	486.87
1095.5625	480.04	488.23
1095.9221	477.62	486.89
1096.3845	477.03	487.12
1096.8240	477.97	487.24
1097.2405	478.69	487.91
1097.6865	477.63	487.98
1098.1157	480.43	487.85
1098.5696	479.53	488.74
1098.9103	479.56	488.35
1099.3501	481.58	491.94
1099.7441	486.03	494.37
1100.2025	486.82	494.11
1100.6324	484.08	492.98
1101.0816	484.90	493.55
1101.4298	485.75	494.04
1101.8673	486.01	494.47
1102.3381	484.04	492.44
1102.7362	482.78	491.80
1103.1646	482.29	490.67
1103.5646	481.03	490.47
1103.9162	482.80	491.18
1104.3809	482.93	491.99
1104.7876	481.66	490.77
1105.1918	484.31	491.62
1105.6293	481.53	491.16
1106.0749	480.97	491.02
1106.4217	479.98	489.78
1106.8439	480.36	489.61
1107.3130	480.60	489.96
1107.7513	481.93	490.73
1108.1793	481.56	489.15
1108.6433	481.05	490.44
1109.0071	481.17	490.13
1109.4553	479.52	488.70
1109.9106	480.77	489.29
1110.3490	479.88	488.54
1110.7683	481.39	489.04
1111.1899	481.65	490.41
1111.5376	481.78	490.63
1112.0013	483.81	492.98
1112.4391	483.78	492.33
1112.8979	484.27	492.36
1113.3409	487.15	495.45
1113.8072	487.70	497.29
1114.2811	489.67	499.55
1114.6244	492.61	502.49
1115.0744	494.09	504.50
1115.5204	493.16	504.73
1115.9722	495.75	506.86
1116.3973	495.70	506.94
1116.8524	496.87	507.67
1117.2862	495.70	507.63
1117.6272	498.10	508.82
1118.0813	496.21	507.42
1118.5236	496.87	508.00
1118.9853	496.77	506.06
1119.4133	494.93	505.42
1119.8757	493.46	502.41
1120.3535	495.23	502.62
1120.8414	492.68	500.25
1121.3398	491.73	499.59
1121.6732	489.14	498.21
1122.1119	489.82	497.57
1122.5585	488.30	497.30
1122.9978	488.57	496.57
1123.4532	488.15	495.58
1123.8856	487.93	496.52
1124.3428	489.15	495.70
1124.6910	487.70	495.45
1125.1731	487.49	496.32
1125.5924	488.09	494.75
1126.0369	485.98	494.55
1126.4593	485.46	494.06
1126.9273	484.51	494.03
1127.3752	484.92	492.77
1127.7128	485.97	494.52
1128.1618	484.50	493.14
1128.5827	484.18	492.89
1128.9852	484.45	493.52
1129.4567	484.31	493.88
1129.9121	483.71	493.45
1130.2589	486.89	494.95
1130.7024	488.25	495.95
1131.1661	486.67	495.56
1131.6040	485.98	494.02
1132.0628	487.96	494.67
1132.5060	483.40	493.87
1132.9576	484.87	493.37
1133.3205	485.24	493.44
1133.7756	485.96	492.99
1134.2317	482.46	492.95
1134.6999	481.68	491.82
1135.1354	481.88	491.88
1135.5810	482.98	493.01
1136.0248	484.71	493.80
1136.4720	484.61	493.34
1136.8337	486.04	494.34
1137.2782	483.65	494.57
1137.7230	487.20	495.79
1138.1876	485.33	494.66
1138.6061	486.75	494.76
1139.0764	485.76	493.68
1139.5170	486.73	495.33
1139.8599	484.19	494.16
1140.3009	484.62	495.69
1140.7046	485.94	496.10
1141.1570	491.25	500.16
1141.5904	488.67	496.40
1142.0429	487.24	496.63
1142.4107	487.88	496.04
1142.8636	487.50	495.75
1143.3066	487.17	495.56
1143.7641	487.30	496.22
1144.1911	487.25	495.81
1144.6146	486.11	496.59
1144.9053	488.54	496.97
1145.3566	488.07	495.51
1145.8091	486.50	496.41
1146.2373	486.65	495.34
1146.7043	488.14	495.92
1147.1274	487.87	495.57
1147.5898	486.68	496.23
1147.9354	486.13	495.64
1148.3682	484.28	495.56
1148.7661	485.07	496.35
1149.1797	487.90	496.23
1149.6334	485.80	496.13
1149.9800	487.94	496.00
1150.4414	486.22	497.71
1150.8703	489.01	498.82
1151.3276	492.91	501.79
1151.7739	493.63	503.61
1152.2367	492.76	503.65
1152.6941	493.06	502.62
1153.1393	493.86	501.22
1153.4852	491.13	500.98
1153.9041	491.31	499.79
1154.3341	489.77	498.92
1154.7921	492.38	500.68
1155.2676	491.36	500.54
1155.7231	490.62	499.03
1156.2169	492.14	499.28
1156.5715	489.77	499.38
1156.9938	492.23	500.84
1157.4246	490.94	500.12
1157.8230	490.43	500.18
1158.2674	488.59	498.65
1158.7048	493.40	499.88
1159.0515	487.94	497.87
1159.5043	489.24	498.19
1159.9640	488.59	497.64
1160.4157	491.06	498.89
1160.8346	489.88	500.54
1161.2655	494.65	502.59
1161.7007	490.79	500.07
1162.0397	489.39	500.32
1162.4823	487.53	500.28
1162.9265	495.02	505.85
1163.3836	498.12	508.56
1163.8068	501.35	511.10
1164.2456	501.94	512.65
1164.6982	500.67	513.36
1165.0453	501.40	515.40
1165.4811	501.36	515.17
1165.9038	503.24	515.68
1166.3739	501.67	515.22
1166.8179	500.45	512.99
1167.2527	498.95	510.41
1167.7061	498.57	508.02
1168.0487	498.42	506.74
1168.5048	495.73	504.72
1168.9379	493.62	503.13
1169.3950	495.66	501.75
1169.8212	491.34	502.08
1170.2761	492.96	500.48
1170.7242	491.43	500.71
1171.0675	489.76	498.56
1171.5275	490.68	498.85
1171.9454	488.13	499.57
1172.3982	489.54	498.46
1172.8421	489.92	498.56
1173.2909	488.99	499.56
1173.7384	489.02	499.05
1174.1040	488.52	498.66
1174.5569	488.94	499.13
1174.9756	487.22	498.49
1175.4149	488.87	498.45
1175.8693	489.56	498.52
1176.3003	489.14	497.90
1176.6254	488.47	498.16
1177.0658	487.68	498.00
1177.4915	488.09	498.16
1177.8954	487.94	497.45
1178.3209	489.07	498.54
1178.6620	491.09	497.93
1179.1152	488.93	499.40
1179.5436	490.61	499.71
1179.9707	491.27	501.37
1180.4092	493.45	502.42
1180.8840	494.23	502.81
1181.3616	497.99	506.48
1181.8091	494.78	505.40
1182.1547	494.62	504.23
1182.6117	491.74	501.55
1183.1013	490.93	502.49
1183.5633	491.56	500.80
1184.0088	488.93	499.89
1184.4507	491.07	500.50
1184.8885	492.38	501.74
1185.3327	490.48	501.09
1185.6646	494.93	503.77
1186.1467	493.03	502.90
1186.5692	491.53	502.11
1187.0233	493.42	502.90
1187.4848	490.01	502.33
1187.9286	493.95	503.11
1188.3720	492.45	502.38
1188.7155	492.39	501.73
1189.1714	493.97	502.72
1189.6056	491.94	501.86
1190.0824	491.90	501.79
1190.5550	493.01	501.80
1190.9812	492.45	502.40
1191.4596	493.39	503.63
1191.9384	493.33	502.54
1192.4166	493.96	503.91
1192.9461	494.45	503.41
1193.4841	493.15	502.74
1193.9984	494.60	503.06
1194.5156	491.58	502.61
1194.9736	492.80	502.04
1195.5453	491.27	501.83
1196.0851	488.92	500.92
1196.6117	492.35	501.48
1197.0703	491.73	500.71
1197.5113	492.67	501.99
1198.0563	491.80	501.50
1198.5234	492.55	501.01
1198.9476	493.36	503.20
1199.3090	491.90	501.83
1199.7443	493.16	501.80
1200.2045	491.57	501.99
1200.6250	492.84	502.78
1201.0672	494.73	503.23
1201.5005	492.83	502.45
1201.9376	492.99	502.28
1202.3056	492.42	501.60
1202.7250	492.35	502.03
1203.1619	490.44	501.72
1203.5953	489.78	501.12
1203.9826	492.65	502.18
1204.3208	494.53	504.71
1204.7541	497.50	507.09
1205.1038	497.61	507.97
1205.5132	497.93	508.56
1205.8445	502.36	511.38
1206.2893	501.95	511.84
1206.6961	499.92	508.85
1207.0838	497.49	506.99
1207.4769	496.29	505.10
1207.8153	495.43	503.94
1208.2498	493.32	503.56
1208.6538	493.90	503.36
1209.0733	492.49	502.90
1209.4821	493.70	502.37
1209.8213	494.49	502.94
1210.2578	494.27	503.18
1210.6368	491.50	502.09
1211.0287	493.40	502.79
1211.3654	492.76	501.04
1211.7708	493.19	502.70
1212.1918	492.50	502.88
1212.5784	495.62	504.42
1213.0216	494.06	503.53
1213.3549	494.18	502.10
1213.7698	493.52	502.88
1214.2102	492.81	502.63
1214.6498	492.63	503.63
1215.0873	492.28	502.87
1215.4813	491.67	502.48
1215.8201	497.20	505.70
1216.2550	498.04	506.89
1216.6453	498.36	506.99
1217.0911	497.17	505.42
1217.5174	494.81	505.18
1217.8551	495.80	504.66
1218.2749	495.46	505.36
1218.7169	497.87	507.93
1219.1480	498.85	509.95
1219.6127	501.82	512.78
1220.0482	505.08	514.87
1220.3935	503.15	513.73
1220.7863	503.81	515.11
1221.2024	504.55	514.79
1221.6315	505.54	515.00
1222.0350	501.64	510.54
1222.3841	499.22	509.65
1222.8534	497.13	508.42
1223.3220	501.66	511.87
1223.7512	503.41	513.57
1224.1534	503.62	514.61
1224.6134	505.06	512.32
1225.0430	503.46	511.76
1225.3934	499.80	508.01
1225.7986	500.82	508.91
1226.2203	497.06	506.84
1226.6871	497.11	506.79
1227.1126	497.19	506.12
1227.5567	496.72	505.71
1227.8999	495.18	504.99
1228.3122	498.04	506.17
1228.7133	495.82	505.82
1229.1538	499.51	506.76
1229.5983	496.68	506.85
1229.9356	496.77	506.56
1230.3691	495.22	505.46
1230.7759	497.70	506.31
1231.1842	496.46	505.37
1231.6260	498.07	506.28
1232.0497	494.84	505.24
1232.4114	494.97	504.59
1232.8277	494.81	505.62
1233.2418	493.11	503.73
1233.6653	495.25	505.60
1234.1028	494.07	505.14
1234.4401	498.22	507.47
1234.8675	499.65	509.87
1235.2871	501.54	510.95
1235.6611	503.53	511.04
1236.0565	502.63	512.72
1236.4257	504.41	513.25
1236.8447	500.06	512.32
1237.2239	500.23	510.60
1237.6659	502.47	509.45
1238.1106	498.60	507.77
1238.5451	498.91	508.51
1238.9099	498.06	507.69
1239.3651	496.11	507.41
1239.7756	498.95	507.16
1240.1569	498.00	507.87
1240.5489	498.81	507.49
1240.9072	499.20	507.00
1241.3384	498.03	508.34
1241.7387	499.43	507.91
1242.1802	496.54	506.84
1242.6902	498.53	506.51
1243.1337	499.13	507.56
1243.5539	498.06	506.14
1243.9063	499.32	506.85
1244.3713	496.26	505.74
1244.8040	496.35	506.61
1245.2402	497.10	505.79
1245.6707	494.91	505.88
1246.0735	495.07	506.03
1246.4194	496.00	506.09
1246.8595	495.22	506.21
1247.2679	495.56	506.22
1247.7191	496.82	505.91
1248.1633	494.20	506.36
1248.5039	496.39	505.78
1248.9373	495.87	506.18
1249.3541	496.94	506.57
1249.7698	495.18	505.40
1250.2152	497.58	507.10
1250.6574	498.97	508.25
1251.0088	498.23	507.18
1251.4694	493.96	505.91
1251.8838	496.32	506.56
1252.3229	496.83	506.41
1252.7020	498.51	506.64
1253.0327	497.68	507.45
1253.4477	500.04	509.69
1253.8559	499.31	510.85
1254.3087	499.92	510.12
1254.7410	501.25	510.40
1255.1746	499.41	508.74
1255.5207	499.24	507.62
1255.9152	496.91	508.17
1256.3754	496.98	507.42
1256.8162	497.66	506.90
1257.2622	498.65	507.60
1257.6918	498.19	508.67
1258.0353	498.33	508.24
1258.4994	499.31	507.93
1258.9504	497.55	508.04
1259.3588	496.69	507.76
1259.8010	498.46	507.78
1260.2401	497.00	507.91
1260.6748	498.81	507.98
1261.0210	497.27	506.92
1261.4695	497.31	507.03
1261.8553	497.22	507.78
1262.2942	499.02	507.66
1262.7605	499.42	508.12
1263.2306	498.19	508.23
1263.5651	499.41	507.79
1263.9986	496.36	507.41
1264.4532	499.48	508.79
1264.8734	500.55	510.35
1265.3036	502.03	513.24
1265.6963	506.08	516.79
1266.0338	503.89	517.00
1266.4881	508.59	519.41
1266.9096	509.60	521.79
1267.3385	510.33	523.05
1267.7391	512.61	522.80
1268.1917	510.27	522.92
1268.5517	509.83	521.90
1268.9901	509.50	520.41
1269.4209	507.68	519.49
1269.8147	512.80	521.90
1270.2628	511.91	524.16
1270.5977	513.16	525.23
1271.0365	510.98	523.25
1271.4831	510.18	524.63
1271.9049	512.62	522.60
1272.3581	511.70	523.86
1272.7849	510.71	521.87
1273.2547	512.29	521.76
1273.6100	510.76	519.96
1274.0430	510.82	521.95
1274.4690	510.39	519.46
1274.8961	507.06	518.18
1275.4372	508.20	517.60
1275.8717	508.84	519.07
1276.3207	511.37	520.99
1276.7712	510.36	522.50
1277.1130	511.60	522.46
1277.5073	512.18	523.20
1277.9435	514.48	523.03
1278.4202	510.19	518.91
1278.8441	506.97	518.24
1279.2797	506.96	517.94
1279.6388	510.64	519.44
1280.0803	506.59	517.60
1280.5527	508.62	517.53
1280.9446	507.06	517.13
1281.4031	508.30	517.26
1281.8370	507.30	516.11
1282.2881	508.86	517.46
1282.6467	509.29	517.74
1283.0737	508.18	516.89
1283.5298	506.73	516.01
1283.9638	506.40	515.87
1284.4125	504.43	514.12
1284.8431	505.39	514.34
1285.3008	505.43	514.37
1285.6612	504.10	513.91
1286.0811	505.84	517.23
1286.5513	508.85	519.58
1286.9797	509.79	520.15
1287.4254	512.38	521.93
1287.8315	509.99	520.03
1288.1709	512.24	520.28
1288.6231	508.58	518.24
1289.0583	509.04	518.18
1289.5179	509.17	516.98
1289.9300	509.82	517.89
1290.3881	509.48	519.38
1290.8199	512.87	519.02
1291.1609	509.46	518.91
1291.6242	509.22	519.39
1292.0676	511.67	520.98
1292.5036	510.82	521.60
1292.9157	513.41	520.88
1293.3517	511.92	519.01
1293.7122	509.78	518.34
1294.1820	507.09	516.46
1294.6384	506.89	515.59
1295.0806	505.85	515.17
1295.5318	505.39	514.28
1295.9618	504.90	514.44
1296.4065	505.08	513.80
1296.7461	502.30	512.89
1297.1529	502.54	512.73
1297.5662	504.62	513.64
1298.0066	502.68	512.76
1298.4576	505.41	514.43
1298.8977	505.01	514.10
1299.2468	503.13	514.52
1299.6893	501.51	512.91
1300.1366	504.39	513.18
1300.5471	503.47	513.13
1301.0163	505.21	514.20
1301.4622	504.48	512.72
1301.7995	503.67	513.07
1302.2469	503.24	513.34
1302.6822	504.20	514.99
1303.0989	505.75	514.21
1303.5441	504.65	515.22
1303.9862	506.24	514.88
1304.4487	507.06	515.72
1304.7916	505.51	513.27
1305.2415	504.23	515.16
1305.6980	504.62	515.43
1306.1189	505.58	516.48
1306.5741	509.78	518.77
1307.0122	510.58	521.04
1307.4374	513.81	523.79
1307.7736	513.33	523.67
1308.2025	512.16	521.02
1308.6242	509.20	519.30
1309.0466	509.07	516.64
1309.4858	506.32	516.24
1309.9320	508.22	516.82
1310.2817	505.41	515.52
1310.7203	505.65	515.68
1311.1988	506.58	515.86
1311.6181	507.14	515.41
1312.0501	507.61	516.66
1312.4870	506.82	516.37
1312.9316	508.66	516.46
1313.2818	507.94	516.05
1313.7585	507.91	516.10
1314.1699	503.61	514.74
1314.6116	506.31	515.64
1315.0680	507.21	516.13
1315.5211	506.31	516.57
1315.9543	508.09	517.05
1316.2836	506.99	516.64
1316.7574	506.51	518.39
1317.1705	509.36	519.16
1317.6312	509.51	518.30
1318.0458	508.77	518.03
1318.4900	509.77	517.73
1318.9385	509.89	516.80
1319.2856	507.59	517.24
1319.7643	508.05	516.96
1320.1750	506.39	517.53
1320.6412	507.63	518.01
1321.0545	509.85	516.55
1321.4999	508.65	517.42
1321.9484	509.13	517.44
1322.2956	508.48	518.05
1322.7657	508.21	517.29
1323.1773	507.77	517.23
1323.5965	506.45	515.61
1324.0127	507.73	516.99
1324.4326	508.66	516.55
1324.7907	508.94	517.85
1325.2427	508.35	517.57
1325.6386	508.64	518.65
1326.0796	508.36	516.30
1326.4912	510.46	517.96
1326.9460	506.98	517.58
1327.2859	508.84	517.76
1327.7427	505.49	516.68
1328.1386	508.47	517.21
1328.5741	509.27	517.26
1329.0220	509.00	518.03
1329.3582	508.41	517.13
1329.7764	506.53	517.08
1330.2165	508.78	518.57
1330.6885	508.04	517.90
1331.1345	509.93	517.09
1331.5659	508.96	518.79
1332.0147	508.94	518.15
1332.3671	509.00	518.47
1332.8359	508.40	517.49
1333.2624	508.83	518.53
1333.7140	507.39	518.20
1334.1109	509.27	517.89
1334.5811	507.05	516.69
1334.9394	508.63	516.78
1335.3830	508.35	518.43
1335.8382	508.19	517.37
1336.2867	508.22	516.93
1336.7287	508.61	517.43
1337.1637	510.42	519.41
1337.6320	510.67	519.58
1337.9797	510.04	519.67
1338.4033	510.21	519.43
1338.8797	511.41	519.34
1339.3078	509.33	518.66
1339.7035	510.19	518.69
1340.1339	509.64	519.05
1340.4753	506.66	517.68
1340.9129	508.30	519.26
1341.3375	509.82	518.30
1341.7861	507.99	518.76
1342.1845	509.44	518.11
1342.5340	510.89	518.12
1342.9996	508.12	517.30
1343.4184	507.92	519.05
1343.8740	509.11	519.05
1344.3332	509.49	518.51
1344.7459	507.85	519.08
1345.1919	507.90	517.77
1345.5387	508.26	518.72
1345.9831	509.78	519.10
1346.4691	509.15	518.31
1346.9244	508.11	518.67
1347.3676	508.69	518.26
1347.8036	509.22	518.88
1348.2521	509.31	519.55
1348.6882	509.19	519.08
1349.0412	510.59	520.37
1349.4886	508.41	519.57
1349.9230	510.39	520.34
1350.3814	512.00	521.15
1350.8108	513.14	522.23
1351.2488	512.51	520.68
1351.7199	512.01	521.32
1352.0551	513.86	521.29
1352.5076	511.83	521.94
1352.9597	512.78	521.37
1353.3734	510.15	520.88
1353.8268	513.38	521.55
1354.2850	513.49	522.16
1354.7399	515.96	523.87
1355.0921	515.82	524.79
1355.5438	515.85	525.76
1356.0009	515.59	526.18
1356.4394	516.00	524.97
1356.8604	517.50	526.98
1357.3017	516.35	525.47
1357.7416	517.78	524.81
1358.0672	514.13	524.01
1358.4807	514.63	523.23
1358.9330	514.65	524.08
1359.3726	514.75	523.09
1359.8358	513.79	523.42
1360.2595	515.26	525.53
1360.6190	516.04	526.11
1361.0717	514.60	525.57
1361.5141	516.28	525.31
1361.9474	516.37	526.44
1362.3504	519.82	527.39
1362.8268	518.14	527.33
1363.1612	516.37	525.35
1363.6313	515.05	523.87
1364.0537	513.86	524.15
1364.5125	514.99	524.42
1364.9645	516.91	525.67
1365.3726	517.34	527.70
1365.8424	518.06	527.31
1366.1808	517.14	524.96
1366.6250	514.40	524.13
1367.0522	515.38	524.75
1367.5104	513.48	523.83
1367.9267	517.73	526.04
1368.3743	520.02	527.75
1368.8161	517.97	527.98
1369.1614	516.80	525.87
1369.6089	514.43	524.23
1370.0439	514.52	524.07
1370.5208	515.44	523.86
1370.9417	514.38	523.29
1371.3816	514.69	522.83
1371.8277	515.75	523.39
1372.1698	514.43	523.32
1372.6026	514.64	523.20
1373.0483	514.29	525.42
1373.4958	517.17	527.35
1373.9493	519.43	529.90
1374.3675	521.56	531.97
1374.8215	521.14	530.88
1375.1619	521.82	530.57
1375.6106	519.94	528.95
1376.0665	518.44	526.06
1376.5055	517.14	525.70
1376.9368	516.06	525.57
1377.3786	517.15	525.64
1377.8113	515.47	524.03
1378.1642	517.64	523.51
1378.6162	514.57	523.74
1379.1238	512.98	522.80
1379.5878	514.29	524.24
1379.9819	512.27	523.44
1380.4286	512.05	523.97
1380.8737	515.05	523.34
1381.3195	515.99	523.79
1381.6616	516.80	525.03
1382.1146	516.20	525.01
1382.5921	517.09	525.18
1383.0060	515.21	525.95
1383.4416	516.92	526.66
1383.8674	519.17	526.45
1384.3121	518.04	527.04
1384.6751	514.90	525.47
1385.1030	514.91	525.73
1385.5720	514.73	525.33
1385.9964	517.46	524.53
1386.4406	515.58	525.32
1386.8937	515.68	524.89
1387.3200	514.65	524.63
1387.6784	514.50	524.48
1388.1156	512.86	524.86
1388.5750	513.82	523.74
1388.9793	517.28	527.07
1389.4310	518.27	526.53
1389.8654	517.32	526.30
1390.3118	518.34	526.31
1390.6684	516.81	526.58
1391.1071	518.20	529.29
1391.5654	521.62	531.55
1392.0024	522.83	532.40
1392.4472	522.02	530.60
1392.8774	521.47	530.21
1393.3317	521.06	531.58
1393.6841	520.55	529.52
1394.1424	518.97	530.00
1394.5866	518.63	528.39
1395.0280	517.57	528.06
1395.4495	517.91	527.02
1395.9018	517.64	528.24
1396.2327	517.66	526.44
1396.6613	517.82	527.12
1397.0913	516.31	526.16
1397.5348	515.71	525.98
1397.9756	515.79	526.29
1398.4196	517.70	525.72
1398.8681	517.04	526.08
1399.2041	518.99	526.97
1399.6603	515.85	525.76
1400.0995	516.80	525.95
1400.5483	518.64	527.40
1400.9916	518.53	528.01
1401.4577	516.67	526.96
1401.8759	519.03	527.77
1402.2156	518.13	527.37
1402.6932	517.03	527.89
1403.1316	520.07	527.89
1403.5544	519.37	528.34
1404.0153	518.60	528.62
1404.4753	517.43	527.91
1404.9381	518.30	526.70
1405.2796	518.05	526.85
1405.7400	514.39	528.23
1406.1683	517.66	527.40
1406.6456	520.21	529.16
1407.1082	521.78	530.89
1407.5784	522.72	531.31
1407.9957	521.64	529.73
1408.4645	520.53	529.72
1408.9471	519.41	528.18
1409.2910	518.83	528.64
1409.7630	517.14	527.12
1410.1799	516.77	527.35
1410.6572	518.33	528.20
1411.1241	517.23	528.13
1411.5901	518.58	529.07
1412.0612	516.95	528.49
1412.5115	519.26	528.26
1412.9968	518.40	527.17
1413.4420	520.46	527.94
1413.7925	518.65	528.50
1414.2552	518.40	528.15
1414.6832	518.66	528.33
1415.1174	518.50	528.27
1415.5613	519.12	528.03
1416.0268	519.56	527.53
1416.4553	519.73	527.93
1416.8029	519.00	527.95
1417.2459	516.57	527.92
1417.6962	518.53	528.84
1418.1443	521.82	532.74
1418.5611	524.76	535.23
1419.0209	526.24	538.43
1419.4485	529.23	539.57
1419.7900	528.54	541.61
1420.2486	531.20	542.30
1420.6939	529.90	541.64
1421.1293	529.48	542.34
1421.6344	531.02	540.49
1422.0591	528.92	537.73
1422.4959	525.36	535.43
1422.9393	524.63	534.60
1423.2787	527.24	535.59
1423.7558	526.69	536.29
1424.1970	525.89	537.70
1424.6254	527.98	538.38
1425.0656	525.79	535.69
1425.5018	524.16	534.23
1425.9481	525.95	533.97
1426.3059	522.22	532.76
1426.7444	519.29	530.65
1427.2188	522.58	532.03
1427.6253	522.60	533.22
1428.0608	525.00	535.02
1428.5100	526.06	534.09
1428.9633	523.38	532.89
1429.3189	523.35	531.74
1429.7546	520.77	531.54
1430.2112	519.79	530.55
1430.6565	520.39	531.47
1431.1356	523.22	532.96
1431.5689	525.52	535.21
1432.0148	525.65	537.64
1432.4626	527.49	539.35
1432.7973	527.09	541.12
1433.2604	528.77	542.69
1433.6996	533.11	544.95
1434.1471	533.00	544.33
1434.5642	531.27	544.42
1435.0047	532.94	546.68
1435.4581	533.50	546.65
1435.8013	534.86	547.33
1436.2824	533.08	546.42
1436.7043	531.96	545.04
1437.1276	531.45	543.74
1437.5775	529.49	540.43
1437.9979	528.14	539.31
1438.4870	527.63	538.34
1438.7982	528.29	536.41
1439.2655	525.95	535.00
1439.6824	526.45	534.28
1440.1327	524.73	533.11
1440.5649	524.75	534.05
1441.0256	526.69	536.59
1441.4647	528.92	539.70
1441.8077	528.27	541.15
1442.2629	531.67	542.55
1442.7086	530.38	543.96
1443.1222	533.98	546.34
1443.5937	534.03	545.82
1444.0106	533.85	544.81
1444.4616	531.07	542.02
1444.8069	526.94	538.64
1445.2784	524.03	536.99
1445.7184	528.59	537.82
1446.1276	528.65	539.30
1446.5657	529.45	539.23
1447.0425	527.81	537.24
1447.3757	527.64	536.62
1447.8638	524.66	536.57
1448.3067	525.81	536.04
1448.7496	525.25	535.31
1449.2181	525.03	535.67
1449.6656	526.13	535.55
1450.1069	524.92	535.38
1450.5648	524.35	534.38
1450.9103	524.70	534.85
1451.3887	526.17	534.70
1451.8560	522.95	534.29
1452.3256	527.16	535.32
1452.7735	525.57	535.05
1453.2081	524.98	534.65
1453.6665	522.60	534.92
1454.1061	526.90	536.64
1454.4404	526.72	537.04
1454.9145	522.38	536.05
1455.3577	524.64	534.99
1455.8295	526.70	535.58
1456.2626	527.26	538.17
1456.7183	529.74	540.48
1457.2027	530.30	541.52
1457.6615	526.65	539.74
1457.9937	530.11	539.13
1458.4575	527.54	538.47
1458.9206	528.25	538.03
1459.3374	528.39	538.93
1459.7871	528.72	539.31
1460.2159	530.05	540.68
1460.6686	531.03	539.39
1461.0175	529.31	539.28
1461.4741	524.63	537.86
1461.9211	527.87	538.56
1462.3695	527.70	538.67
1462.8347	528.64	539.33
1463.2706	530.19	540.84
1463.7198	531.48	541.32
1464.2138	530.83	541.05
1464.5539	530.92	538.79
1465.0182	526.15	537.76
1465.4717	524.63	536.60
1465.9444	523.65	535.72
1466.3640	524.85	535.86
1466.7510	523.94	533.73
1467.0395	522.87	534.00
1467.4844	520.98	533.79
1467.9300	524.46	534.36
1468.4020	525.87	534.75
1468.8495	523.91	534.28
1469.2917	523.06	534.20
1469.6285	524.08	534.32
1470.0955	522.67	533.80
1470.5264	521.78	533.66
1471.0029	524.08	534.82
1471.4377	523.16	534.39
1471.8873	528.39	538.18
1472.3300	526.29	538.74
1472.6772	527.72	538.73
1473.1396	525.44	537.91
1473.5643	529.48	540.37
1474.0088	531.56	543.47
1474.4334	532.86	544.65
1474.8926	535.77	547.76
1475.3762	534.78	546.79
1475.8271	531.73	544.25
1476.1710	529.56	541.20
1476.6153	530.50	541.37
1477.0698	531.16	539.74
1477.5280	530.36	540.98
1477.9962	530.51	542.27
1478.4488	533.10	542.88
1478.9195	529.46	540.74
1479.3906	528.10	539.75
1479.8583	528.12	538.13
1480.1979	527.19	538.31
1480.6561	525.65	536.24
1481.1101	526.92	536.78
1481.5591	525.76	536.85
1482.0124	525.42	536.88
1482.4911	525.29	536.61
1482.9555	524.59	536.21
1483.4490	527.15	536.92
1483.9277	525.75	536.38
1484.3714	525.64	537.25
1484.7111	527.08	537.05
1485.1661	523.76	536.21
1485.6150	525.17	535.95
1486.0533	524.95	537.68
1486.5116	528.65	539.34
1486.9578	530.64	539.96
1487.3841	529.95	538.40
1487.7239	526.02	537.14
1488.1949	527.11	536.32
1488.6322	525.36	536.33
1489.1001	527.84	537.50
1489.5337	525.05	537.37
1489.9795	527.66	538.40
1490.4271	528.37	538.27
1490.9431	528.14	538.89
1491.2756	527.16	537.01
1491.7349	524.13	537.44
1492.1835	525.66	537.06
1492.6098	527.10	536.93
1493.0721	526.17	536.69
1493.5636	525.25	536.46
1494.0024	525.05	536.17
1494.4517	525.04	537.24
1494.8057	525.16	536.15
1495.2368	526.95	537.03
1495.7073	526.10	536.61
1496.1220	524.77	536.81
1496.5845	526.72	536.44
1497.0231	524.57	536.86
1497.4757	527.02	536.39
1497.9785	525.80	537.10
1498.4633	525.37	537.24
1498.8056	527.70	537.75
1499.2760	525.74	536.06
1499.6932	525.60	536.87
1500.1463	527.61	538.99
1500.5704	530.78	542.49
1501.0056	532.44	544.92
1501.4536	536.46	547.57
1501.7940	535.22	547.21
1502.2478	533.37	545.27
1502.6555	530.63	541.45
1503.0638	529.13	540.86
1503.4821	528.64	539.32
1503.9295	528.09	539.78
1504.2759	525.65	538.82
1504.6961	527.95	539.95
1505.1133	526.03	538.96
1505.5409	528.54	539.90
1505.9865	529.93	539.77
1506.2800	528.29	539.25
1506.7112	527.08	538.14
1507.1454	526.23	538.75
1507.5724	527.34	537.62
1507.9946	525.98	538.23
1508.4424	526.81	537.88
1508.7964	527.03	538.03
1509.2672	524.93	538.00
1509.6884	527.47	538.29
1510.1302	526.93	538.50
1510.5930	525.83	538.26
1511.0126	526.41	538.54
1511.3563	525.08	538.26
1511.7893	524.76	538.12
1512.2474	528.79	539.25
1512.6489	524.24	537.82
1513.1002	527.98	538.67
1513.5190	527.19	538.54
1513.8534	528.92	538.71
1514.2651	523.72	537.25
1514.6983	528.40	538.31
1515.0931	525.60	537.62
1515.5282	524.81	538.25
1515.9784	525.84	537.59
1516.3301	525.03	536.76
1516.7311	525.98	538.21
1517.1655	526.33	537.51
1517.6007	525.48	537.75
1517.9794	525.87	537.83
1518.3206	524.87	537.45
1518.7100	525.67	538.13
1519.1379	527.56	539.01
1519.5720	528.31	538.66
1520.0182	527.12	538.73
1520.3803	527.90	538.40
1520.8106	526.27	538.49
1521.2616	527.53	538.24
1521.7148	524.59	538.61
1522.1315	525.91	538.45
1522.5361	526.80	538.94
1522.8841	524.28	538.75
1523.2976	530.47	543.01
1523.7420	528.96	543.82
1524.1839	532.24	544.42
1524.5951	532.34	543.80
1525.0426	534.06	545.24
1525.3847	531.87	544.37
1525.7879	532.17	544.42
1526.2456	533.06	545.27
1526.6566	536.01	545.55
1527.1232	529.49	543.26
1527.4579	531.99	544.11
1527.8675	532.92	545.23
1528.2670	531.49	543.71
1528.6566	532.74	544.89
1528.9884	533.30	545.49
1529.3935	532.10	545.12
1529.7702	530.53	545.00
1530.1587	534.37	547.38
1530.5909	534.99	548.83
1530.9312	538.23	550.16
1531.3557	536.29	549.43
1531.7619	536.94	549.39
1532.1766	534.94	546.46
1532.6180	534.65	545.20
1532.9688	532.12	545.32
1533.4170	534.20	544.47
1533.8447	529.53	542.24
1534.2459	531.26	542.47
1534.6861	528.38	542.17
1535.1348	530.16	542.70
1535.4761	528.52	541.45
1535.8635	528.06	541.00
1536.2651	531.99	542.88
1536.7018	530.88	542.88
1537.0396	529.57	542.41
1537.4677	528.80	541.54
1537.9237	531.18	541.98
1538.3541	527.68	541.16
1538.8073	531.17	541.25
1539.2270	527.92	540.31
1539.6707	527.35	540.76
1540.0093	527.11	540.95
1540.4029	529.25	540.98
1540.8402	527.89	540.57
1541.2264	530.84	541.65
1541.7329	529.64	541.38
1542.1751	530.51	541.62
1542.5271	528.63	540.11
1542.9772	529.32	541.78
1543.4338	527.57	540.65
1543.8498	528.19	540.61
1544.2403	527.76	540.31
1544.6853	529.17	541.45
1545.0286	527.99	541.90
1545.4628	528.33	540.73
1545.9018	531.01	541.69
1546.3426	530.06	541.62
1546.7844	530.00	541.88
1547.2277	528.84	541.53
1547.5665	529.01	541.97
1547.9832	528.87	541.78
1548.4198	529.78	542.03
1548.8475	529.73	540.89
1549.3084	530.70	542.27
1549.7285	528.73	541.50
1550.1785	530.98	541.81
1550.5139	527.60	541.24
1550.9287	530.86	544.18
1551.3662	533.77	543.39
1551.8019	532.34	544.49
1552.2608	533.71	544.45
1552.7190	530.28	543.24
1553.0868	530.26	543.03
1553.5173	531.99	543.25
1553.8980	530.37	542.53
1554.3447	530.84	543.00
1554.7865	530.72	542.10
1555.2561	531.36	543.42
1555.6022	532.07	543.30
1556.0358	529.98	542.75
1556.4198	531.63	543.22
1556.8368	529.16	542.49
1557.2706	531.97	543.15
1557.6206	530.31	542.14
1558.0739	528.91	541.65
1558.5108	531.04	542.09
1558.9159	530.66	542.75
1559.3584	530.86	542.81
1559.8116	532.89	543.11
1560.1717	530.23	543.48
1560.6066	529.87	542.16
1561.0485	529.83	542.96
1561.4908	531.81	542.91
1561.9267	529.66	542.62
1562.3661	532.32	544.35
1562.8121	530.85	544.36
1563.1745	529.19	542.92
1563.6198	526.48	542.30
1564.0373	531.68	543.24
1564.4759	530.35	543.82
1564.9370	530.45	543.34
1565.3554	530.81	543.38
1565.6870	529.97	542.54
1566.1131	531.00	542.88
1566.5014	528.41	541.92
1566.9184	532.38	544.58
1567.3826	531.48	544.42
1567.8080	530.46	544.05
1568.1547	532.85	543.44
1568.6223	530.70	542.90
1569.0392	532.61	543.66
1569.4827	531.45	544.46
1569.9496	532.86	544.71
1570.3512	530.85	544.06
1570.7990	531.18	544.54
1571.1424	532.56	544.90
1571.5931	531.97	546.74
1572.0578	536.28	548.36
1572.4744	537.21	549.12
1572.9216	539.50	551.51
1573.3891	540.67	553.31
1573.8583	541.98	557.32
1574.2989	543.79	556.96
1574.6468	543.79	556.54
1575.1245	541.38	555.96
1575.5271	541.59	553.55
1575.9319	538.49	550.58
1576.3596	538.92	549.38
1576.6902	539.73	550.00
1577.0984	535.75	547.98
1577.5387	536.79	548.76
1577.9784	535.96	548.07
1578.4224	538.13	547.45
1578.8863	534.35	546.64
1579.3121	536.99	547.46
1579.6861	536.61	546.82
1580.1263	536.31	548.09
1580.5472	537.76	547.96
1580.9938	539.13	549.78
1581.4132	538.58	550.31
1581.8591	538.50	548.69
1582.3117	536.07	548.37
1582.6684	538.57	548.71
1583.0980	534.62	547.02
1583.5547	535.44	547.00
1583.9879	535.39	547.16
1584.4343	536.74	547.09
1584.8627	536.15	548.25
1585.3105	536.96	549.46
1585.6688	540.30	552.37
1586.1006	539.27	550.86
1586.5551	539.35	550.66
1586.9773	539.30	549.54
1587.4277	538.18	550.02
1587.8846	538.42	551.56
1588.3122	543.30	554.18
1588.6727	539.49	552.39
1589.1096	539.71	552.22
1589.5467	539.36	551.47
1589.9777	536.73	549.44
1590.4199	540.68	549.95
1590.8565	540.69	551.52
1591.3074	542.58	554.84
1591.6579	542.14	554.39
1592.1285	543.91	556.00
1592.5477	546.56	559.46
1592.9767	546.24	560.92
1593.4257	549.12	562.81
1593.8641	550.04	564.89
1594.3302	551.28	565.26
1594.6875	550.30	562.98
1595.1104	546.25	558.24
1595.5777	545.12	556.38
1595.9916	542.75	553.78
1596.4072	542.72	552.85
1596.8485	539.70	551.19
1597.2106	540.68	550.59
1597.6814	539.52	549.25
1598.1099	539.95	550.55
1598.5592	541.81	551.93
1598.9894	538.33	549.49
1599.4462	540.18	550.23
1599.8999	541.38	551.02
1600.2537	537.91	549.34
1600.6941	539.15	549.90
1601.1238	538.71	549.54
1601.5793	541.19	549.69
1602.0546	538.47	549.85
1602.4991	537.26	548.84
1602.9590	539.48	548.65
1603.2997	538.48	549.37
1603.7687	536.83	549.10
1604.1842	539.80	550.58
1604.6330	539.27	550.65
1605.0431	540.27	549.66
1605.5060	541.80	551.76
1605.9357	540.02	551.39
1606.2766	540.64	550.79
1606.7280	540.99	550.73
1607.1399	541.64	551.31
1607.5515	541.33	550.87
1607.9590	538.99	550.56
1608.3033	539.29	550.37
1608.7655	539.43	549.83
1609.1787	538.84	549.39
1609.6470	540.41	551.01
1610.0569	539.01	549.43
1610.4967	541.03	549.68
1610.9339	540.72	550.76
1611.2767	540.40	550.44
1611.7240	539.20	549.74
1612.1326	539.61	550.56
1612.5427	541.39	551.18
1612.9422	541.32	551.48
1613.2893	540.22	550.30
1613.7610	539.76	549.89
1614.1734	540.65	550.28
1614.6162	539.82	550.77
1615.0688	542.64	552.20
1615.4974	541.16	551.59
1615.9471	541.43	551.30
1616.3087	542.69	551.64
1616.7215	540.83	551.48
1617.1381	540.08	551.01
1617.5503	541.53	551.54
1617.9903	545.02	554.57
1618.4508	546.23	556.87
1618.8052	546.18	556.80
1619.2327	543.28	554.98
1619.7049	547.81	555.67
1620.1162	543.46	554.74
1620.5776	543.84	555.37
1621.0003	545.72	558.06
1621.4491	546.41	558.56
1621.8097	548.60	558.26
1622.2346	545.56	556.74
1622.7034	546.13	556.92
1623.1276	545.85	555.96
1623.5752	548.05	558.53
1624.0101	549.60	561.04
1624.4674	553.19	564.19
1624.8250	554.78	566.67
1625.2383	554.02	565.93
1625.6555	555.13	566.26
1626.1029	553.34	564.14
1626.5294	549.33	561.81
1626.8331	552.66	560.21
1627.2861	547.16	558.81
1627.7613	547.11	558.92
1628.1790	547.03	558.33
1628.6132	547.54	556.58
1629.0121	547.78	556.43
1629.3704	547.41	556.33
1629.8140	543.81	554.57
1630.2563	546.60	554.76
1630.7432	546.19	555.58
1631.1506	545.24	555.05
1631.5923	546.15	555.04
1632.0401	546.95	554.94
1632.4018	546.07	554.50
1632.8429	543.66	554.56
1633.2576	543.60	553.95
1633.6877	545.33	555.01
1634.1510	546.47	554.72
1634.6136	543.74	555.29
1635.0818	548.07	555.71
1635.5570	546.49	556.92
1635.9015	545.25	555.60
1636.3888	546.83	555.26
1636.7986	545.32	556.24
1637.2477	546.61	555.51
1637.6741	546.04	555.58
1638.1239	544.06	555.29
1638.5826	547.54	557.17
1638.9299	550.73	557.14
1639.3695	546.23	554.55
1639.7855	547.48	556.11
1640.2252	546.39	556.32
1640.6765	545.96	556.80
1641.1128	546.26	556.73
1641.5791	548.65	557.16
1641.9318	550.57	557.46
1642.3815	546.45	558.09
1642.8402	549.90	560.23
1643.2718	550.30	560.16
1643.7199	550.71	560.21
1644.1506	548.52	559.66
1644.6192	552.39	562.31
1644.9699	552.47	562.39
1645.4385	551.93	563.08
1645.8681	551.49	561.23
1646.3264	550.89	560.32
1646.8034	550.15	558.58
1647.2151	549.42	558.08
1647.6783	549.77	558.80
1648.1017	549.41	557.43
1648.4679	549.61	557.52
1648.9213	547.01	557.34
1649.3907	546.23	557.31
1649.8158	547.06	556.61
1650.2583	547.48	556.97
1650.6986	547.96	556.23
1651.0343	549.09	557.51
1651.4761	549.66	560.27
1651.8873	552.88	562.39
1652.3649	554.49	564.44
1652.7965	556.40	567.44
1653.2238	557.58	569.56
1653.6660	560.40	569.54
1654.0061	559.46	570.71
1654.4752	558.78	571.37
1654.9035	558.53	571.05
1655.3565	559.52	570.14
1655.8217	558.58	567.58
1656.2636	557.29	564.69
1656.7085	551.86	563.08
1657.0529	554.98	562.12
1657.4993	551.98	561.54
1657.9249	552.00	560.78
1658.3687	552.12	560.35
1658.8275	551.58	560.36
1659.2372	552.76	560.05
1659.6809	550.86	560.95
1660.0207	553.25	562.24
1660.5036	553.26	563.32
1660.9520	555.28	564.61
1661.3573	556.12	566.06
1661.8277	558.78	565.76
1662.2416	556.65	565.18
1662.6909	555.46	564.72
1663.0336	555.37	564.29
1663.5130	555.65	565.86
1663.9514	560.18	569.40
1664.3768	559.02	570.95
1664.8151	563.18	573.42
1665.2531	563.32	574.22
1665.6987	565.81	575.37
1666.0386	565.63	576.94
1666.5162	563.54	577.69
1666.9730	566.08	577.67
1667.4359	564.24	576.95
1667.8659	565.34	577.11
1668.2915	563.97	574.84
1668.7377	563.23	572.49
1669.0954	563.87	570.57
1669.5634	558.68	568.28
1669.9728	557.08	566.80
1670.3741	557.23	566.14
1670.8271	558.06	565.74
1671.2731	558.08	565.47
1671.6220	555.02	564.98
1672.0667	553.10	563.51
1672.5325	554.20	563.72
1672.9508	555.05	563.73
1673.4152	554.20	562.77
1673.8328	555.96	564.03
1674.3016	555.27	563.50
1674.6543	554.72	562.75
1675.1222	556.21	563.40
1675.5777	554.58	562.77
1676.0053	554.64	561.98
1676.4285	553.79	561.91
1676.8924	553.79	562.46
1677.3179	554.45	562.78
1677.6734	555.53	562.48
1678.1356	554.18	561.23
1678.5751	553.60	561.37
1679.0230	554.67	561.16
1679.4425	551.51	560.44
1679.8773	553.37	561.00
1680.3126	553.24	561.62
1680.6578	553.03	561.42
1681.1158	553.74	560.86
1681.5457	552.42	561.23
1681.9830	553.47	561.96
1682.4525	553.18	561.89
1682.8714	552.75	561.56
1683.3174	551.56	561.88
1683.6802	554.85	562.33
1684.1128	552.61	561.29
1684.5805	553.12	562.39
1684.9975	553.95	561.69
1685.4034	550.23	560.92
1685.8528	555.87	562.90
1686.1955	554.61	561.77
1686.6757	554.92	562.44
1687.0885	551.65	561.44
1687.5277	554.80	561.38
1687.9733	551.92	561.71
1688.4264	554.50	562.79
1688.8625	552.30	562.20
1689.2041	554.78	563.21
1689.6553	553.48	562.46
1690.0334	551.20	561.58
1690.4800	553.91	563.18
1690.9152	555.05	562.96
1691.2589	553.71	561.97
1691.6946	553.27	562.63
1692.1645	553.80	562.67
1692.5888	553.21	562.79
1693.0207	555.83	563.20
1693.5037	555.00	562.12
1693.9801	554.37	563.30
1694.4502	556.28	563.06
1694.8078	554.21	562.86
1695.2482	552.06	562.04
1695.7026	555.10	563.27
1696.1423	555.25	563.18
1696.5484	554.88	563.07
1696.9917	553.80	563.67
1697.4563	558.51	565.56
1697.9334	557.84	564.72
1698.2721	559.04	565.54
1698.7314	558.11	566.03
1699.1739	558.17	566.12
1699.6444	559.41	565.27
1700.0843	558.75	564.88
1700.5206	555.72	563.88
1700.9801	556.02	563.93
1701.3468	556.26	563.97
1701.8132	554.13	563.56
1702.2274	554.44	563.54
1702.6908	556.70	564.41
1703.1133	557.56	564.96
1703.5759	556.89	564.82
1704.0354	557.40	563.29
1704.3753	557.95	564.53
1704.8559	556.38	564.33
1705.2833	555.48	564.02
1705.7515	555.10	563.38
1706.1887	556.43	563.78
1706.6442	557.93	564.30
1707.0804	555.92	563.45
1707.4311	560.00	565.14
1707.8975	556.60	563.32
1708.3143	556.09	563.83
1708.7661	556.88	564.36
1709.1995	556.04	564.19
1709.6221	559.22	564.33
1710.0728	558.72	565.44
1710.4171	557.56	566.91
1710.8921	561.59	567.79
1711.3515	561.05	567.67
1711.8140	560.25	567.22
1712.2523	560.52	565.83
1712.6988	557.88	565.98
1713.1197	561.12	567.27
1713.5650	560.85	567.54
1713.9135	560.52	568.17
1714.3938	561.82	570.23
1714.8606	561.49	569.33
1715.3117	560.80	567.95
1715.7759	561.89	567.86
1716.1892	559.72	566.84
1716.6451	560.23	565.83
1717.0801	559.61	565.86
1717.4290	558.57	565.22
1717.9031	557.77	565.86
1718.3534	556.91	565.73
1718.7887	559.62	566.82
1719.2183	559.18	565.83
1719.6498	558.86	565.66
1720.0848	558.61	566.55
1720.4322	560.66	566.25
1720.8976	560.43	566.91
1721.3385	558.56	566.32
1721.8053	558.21	566.15
1722.2423	556.21	565.89
1722.6740	561.31	565.82
1723.1228	557.82	566.14
1723.4853	561.37	566.45
1723.9194	556.84	565.34
1724.3801	559.82	566.28
1724.8433	560.29	567.38
1725.2903	560.84	566.58
1725.7200	558.25	566.12
1726.1954	560.07	566.92
1726.5407	561.33	567.71
1727.0036	562.28	567.00
1727.4183	562.36	567.06
1727.8879	558.62	566.25
1728.3200	559.74	566.38
1728.7609	560.77	567.38
1729.1868	561.58	566.72
1729.5326	559.68	565.99
1729.9945	558.51	566.17
1730.4202	561.54	567.67
1730.8844	559.77	566.92
1731.3080	560.97	567.30
1731.7507	561.94	566.69
1732.0828	559.28	566.62
1732.4997	560.80	567.35
1732.9507	561.66	567.26
1733.3762	559.99	566.24
1733.8396	561.41	567.17
1734.2662	561.09	567.22
1734.7211	563.67	567.65
1735.0653	558.62	567.61
1735.5082	559.14	566.61
1735.9427	560.72	566.97
1736.3842	559.61	567.12
1736.8056	561.06	567.21
1737.2556	560.17	567.81
1737.7127	562.58	568.54
1738.0580	563.03	568.93
1738.4914	562.45	568.62
1738.9637	562.13	568.39
1739.3752	562.45	567.63
1739.8357	563.78	568.35
1740.2690	561.92	567.93
1740.7103	561.47	568.35
1741.0637	560.28	567.05
1741.4864	560.31	566.56
1741.9688	560.15	567.60
1742.4023	561.20	567.84
1742.8653	559.92	567.31
1743.3366	562.76	568.77
1743.8102	563.81	568.84
1744.2598	559.81	568.50
1744.7119	562.07	568.42
1745.0557	560.15	569.18
1745.4925	560.76	568.04
1745.9750	562.60	568.95
1746.4184	563.55	568.92
1746.9056	564.40	568.62
1747.3272	562.97	568.35
1747.7652	562.91	568.46
1748.2006	562.43	568.65
1748.6889	562.89	568.81
1749.0335	563.11	567.97
1749.4572	561.21	568.23
1749.8359	562.13	568.15
1750.2582	561.79	568.94
1750.7201	562.45	568.17
1751.0532	562.51	568.54
1751.4863	559.99	567.49
1751.9431	563.19	568.63
1752.3839	563.83	569.02
1752.8293	562.20	569.25
1753.2628	562.87	569.20
1753.7073	563.73	570.51
1754.0521	566.95	571.86
1754.5000	563.44	570.18
1754.9382	566.49	571.30
1755.3842	565.96	571.99
1755.8238	564.77	573.00
1756.2760	568.72	574.01
1756.7380	568.59	572.46
1757.0924	564.70	571.51
1757.5448	562.97	571.04
1757.9902	563.74	570.48
1758.4502	565.46	571.44
1758.9150	564.96	570.34
1759.3611	564.54	570.81
1759.8045	565.15	571.09
1760.2444	565.03	570.25
1760.5860	565.19	570.95
1761.0389	563.65	570.51
1761.4884	564.03	570.24
1761.9279	564.53	569.91
1762.3644	565.46	570.48
1762.8075	564.46	570.24
1763.2669	565.39	570.32
1763.6096	563.52	570.70
1764.0845	564.34	570.24
1764.5527	567.16	570.84
1764.9689	564.92	569.94
1765.4167	564.73	570.19
1765.8594	567.53	570.90
1766.3057	566.92	572.03
1766.6657	562.90	570.79
1767.1199	562.97	570.05
1767.5800	563.87	571.50
1768.0234	564.31	571.06
1768.4601	568.55	572.91
1768.8839	568.16	574.25
1769.3336	567.79	572.10
1769.6763	563.94	571.68
1770.1276	565.92	571.99
1770.5846	566.81	573.02
1771.0145	568.51	571.65
1771.4523	565.50	572.04
1771.8940	568.91	573.15
1772.3391	568.91	574.73
1772.7029	567.81	573.39
1773.1462	564.37	573.24
1773.6131	566.55	572.56
1774.0275	568.70	573.96
1774.4707	566.68	572.35
1774.9357	569.93	573.09
1775.3602	567.65	573.17
1775.7011	568.77	572.29
1776.1436	564.94	571.02
1776.7090	569.91	573.07
1777.1013	565.47	572.96
1777.5318	568.42	573.40
1777.9958	569.69	573.66
1778.4499	566.85	572.66
1778.8750	567.34	573.45
1779.2060	568.20	572.72
