sep= 
Time [s]	R2_m5 [ng/cm^2]	C1_m [ng/cm^2]
0.0000	Failed	Failed
1.1117	Failed	Failed
2.2301	Failed	Failed
3.3582	Failed	Failed
4.4753	Failed	Failed
5.5933	Failed	Failed
6.7090	Failed	Failed
7.8255	Failed	Failed
8.9418	Failed	Failed
10.0621	Failed	Failed
11.1722	Failed	Failed
12.2874	Failed	Failed
13.3570	Failed	Failed
14.3776	Failed	Failed
15.4798	Failed	Failed
16.5806	Failed	Failed
17.6936	Failed	Failed
18.8009	Failed	Failed
19.9199	Failed	Failed
21.0291	Failed	Failed
22.1510	Failed	Failed
23.2445	Failed	Failed
24.3567	Failed	Failed
25.4790	Failed	Failed
26.5890	Failed	Failed
27.7040	Failed	Failed
28.8249	Failed	Failed
29.9478	Failed	Failed
31.0658	Failed	Failed
32.1488	Failed	Failed
33.2669	Failed	Failed
34.3935	Failed	Failed
35.5150	Failed	Failed
36.6328	Failed	Failed
37.7517	Failed	Failed
38.8649	Failed	Failed
39.9508	Failed	Failed
41.0601	Failed	Failed
42.1726	Failed	Failed
43.2820	Failed	Failed
44.4018	Failed	Failed
45.5163	Failed	Failed
46.6368	Failed	Failed
47.7574	Failed	Failed
48.8848	Failed	Failed
50.0031	Failed	Failed
51.1129	Failed	Failed
52.2300	Failed	Failed
53.3468	Failed	Failed
54.4621	Failed	Failed
55.5707	Failed	Failed
56.6938	Failed	Failed
57.8118	Failed	Failed
58.9349	Failed	Failed
60.0478	Failed	Failed
61.1601	Failed	Failed
62.2721	Failed	Failed
63.3957	Failed	Failed
64.5197	Failed	Failed
65.6407	Failed	Failed
66.7617	Failed	Failed
67.8757	Failed	Failed
68.9981	Failed	Failed
70.1143	Failed	Failed
71.2342	Failed	Failed
72.3498	Failed	Failed
73.4641	Failed	Failed
74.5797	Failed	Failed
75.6979	Failed	Failed
76.8081	Failed	Failed
77.9182	Failed	Failed
79.0337	Failed	Failed
80.1453	Failed	Failed
81.2562	Failed	Failed
82.3621	Failed	Failed
83.4571	Failed	Failed
84.5619	Failed	Failed
85.6791	Failed	Failed
86.7955	Failed	Failed
87.9100	Failed	Failed
89.0227	Failed	Failed
90.1370	Failed	Failed
91.2462	Failed	Failed
92.3507	Failed	Failed
93.4584	Failed	Failed
94.5713	Failed	Failed
95.6826	Failed	Failed
96.8011	Failed	Failed
97.9100	Failed	Failed
99.0181	Failed	Failed
100.1307	Failed	Failed
101.2518	Failed	Failed
102.3669	Failed	Failed
103.4798	Failed	Failed
104.5927	Failed	Failed
105.7095	Failed	Failed
106.8272	Failed	Failed
107.9425	Failed	Failed
109.0557	Failed	Failed
110.1726	Failed	Failed
111.2857	Failed	Failed
112.4061	Failed	Failed
113.5209	Failed	Failed
114.6367	Failed	Failed
115.7550	Failed	Failed
116.8759	Failed	Failed
117.9880	Failed	Failed
119.0976	Failed	Failed
120.2130	Failed	Failed
121.3316	Failed	Failed
122.4427	Failed	Failed
123.5516	Failed	Failed
124.6626	Failed	Failed
125.7845	Failed	Failed
126.9051	Failed	Failed
128.0171	Failed	Failed
129.1359	Failed	Failed
130.2435	Failed	Failed
131.3555	Failed	Failed
132.4700	Failed	Failed
133.5787	Failed	Failed
134.6977	Failed	Failed
135.8056	Failed	Failed
136.9235	Failed	Failed
138.0399	Failed	Failed
139.1525	Failed	Failed
140.2622	Failed	Failed
141.3736	Failed	Failed
142.4907	Failed	Failed
143.5971	Failed	Failed
144.6997	Failed	Failed
145.8054	Failed	Failed
146.9285	Failed	Failed
148.0528	Failed	Failed
149.1609	Failed	Failed
150.2705	Failed	Failed
151.3864	Failed	Failed
152.4949	Failed	Failed
153.6076	Failed	Failed
154.7118	Failed	Failed
155.8271	Failed	Failed
156.9424	Failed	Failed
158.0621	Failed	Failed
159.1787	Failed	Failed
160.2899	Failed	Failed
161.4054	Failed	Failed
162.5165	Failed	Failed
163.6314	Failed	Failed
164.7365	Failed	Failed
165.8439	Failed	Failed
166.9507	Failed	Failed
168.0613	Failed	Failed
169.1749	Failed	Failed
170.2867	Failed	Failed
171.3938	Failed	Failed
172.5010	Failed	Failed
173.6155	Failed	Failed
174.7277	Failed	Failed
175.8382	Failed	Failed
179.9690	0.00	0.00
183.9499	0.00	0.00
187.0218	0.00	0.00
189.8494	0.00	0.00
193.0336	0.00	0.00
193.4044	0.00	0.00
193.7492	0.00	0.00
194.0857	0.00	0.00
194.4544	0.00	0.00
194.8072	0.00	0.00
195.1467	0.00	0.00
195.4917	0.00	0.00
195.8462	0.00	0.00
196.1863	0.00	0.00
196.5322	0.00	0.00
196.8856	0.00	0.00
197.2294	0.00	0.00
197.5624	0.00	0.00
197.9083	0.00	0.00
198.2547	0.00	0.00
198.5905	0.00	0.00
198.9595	0.00	0.00
199.3072	0.00	0.00
199.6512	0.00	0.00
200.0066	0.00	0.00
200.3722	0.00	0.00
200.7206	0.00	0.00
201.0666	0.00	0.00
201.4302	0.00	0.00
201.7667	0.00	0.00
202.1065	0.00	0.00
202.4602	0.00	0.00
202.7919	0.00	0.00
203.1244	0.00	0.00
203.4694	0.00	0.00
203.7955	0.00	0.00
204.0839	0.00	0.00
204.4115	0.00	0.00
204.7181	0.00	0.00
205.0541	0.00	0.00
205.4013	0.00	0.00
205.7382	0.00	0.00
206.0838	0.00	0.00
206.4352	0.00	0.00
206.7734	0.00	0.00
207.1232	0.00	0.00
207.4842	0.00	0.00
207.8413	0.00	0.00
208.1793	0.00	0.00
208.5291	0.00	0.00
208.8771	0.00	0.00
209.2242	0.00	0.00
209.5757	0.00	0.00
209.9105	0.00	0.00
210.2327	0.00	0.00
210.5812	0.00	0.00
210.9585	0.00	0.00
211.3027	0.00	0.00
211.6493	0.00	0.00
211.9680	0.00	0.00
212.2786	0.00	0.00
212.5983	0.00	0.00
212.9415	0.00	0.00
213.2836	0.00	0.00
213.6112	0.00	0.00
213.9608	0.00	0.00
214.2907	0.00	0.00
214.6157	0.00	0.00
214.9669	0.00	0.00
215.3061	0.00	0.00
215.6502	0.00	0.00
215.9496	0.00	0.00
216.2972	0.00	0.00
216.6383	0.00	0.00
216.9971	0.00	0.00
217.3371	0.00	0.00
217.6740	0.00	0.00
217.9913	0.00	0.00
218.3015	0.00	0.00
218.6259	0.00	0.00
218.9656	0.00	0.00
219.3117	0.00	0.00
219.6389	0.00	0.00
219.9975	0.00	0.00
220.3343	0.00	0.00
220.6687	0.00	0.00
221.0381	0.00	0.00
221.4143	0.00	0.00
221.7477	0.00	0.00
222.1095	0.00	0.00
222.4395	0.00	0.00
222.7421	0.00	0.00
223.1296	0.00	0.00
223.4757	0.00	0.00
223.8162	0.00	0.00
224.1778	0.00	0.00
224.5194	0.00	0.00
224.8703	0.00	0.00
225.2161	0.00	0.00
225.5744	0.00	0.00
225.9055	0.00	0.00
226.2524	0.00	0.00
226.6001	0.00	0.00
226.9395	0.00	0.00
227.2818	0.00	0.00
227.6494	0.00	0.00
227.9946	0.00	0.00
228.3353	0.00	0.00
228.6975	0.00	0.00
229.0433	0.00	0.00
229.3784	0.00	0.00
229.7261	0.00	0.00
230.0965	0.00	0.00
230.4412	0.00	0.00
230.7779	0.00	0.00
231.1353	0.00	0.00
231.4659	0.00	0.00
231.8031	0.00	0.00
232.1775	0.00	0.00
232.5248	0.00	0.00
232.8625	0.00	0.00
233.2181	0.00	0.00
233.5634	0.00	0.00
233.9065	0.00	0.00
234.2552	0.00	0.00
234.5957	0.00	0.00
234.9351	0.00	0.00
235.2848	0.00	0.00
235.6335	0.00	0.00
235.9714	0.00	0.00
236.3114	0.00	0.00
236.6662	0.00	0.00
236.9981	0.00	0.00
237.3418	0.00	0.00
237.6897	0.00	0.00
238.0265	0.00	0.00
238.3609	0.00	0.00
238.7186	0.00	0.00
239.0513	0.00	0.00
239.3839	0.00	0.00
239.7383	0.00	0.00
240.1098	0.00	0.00
240.4427	0.00	0.00
240.7858	0.00	0.00
241.1320	0.00	0.00
241.4730	0.00	0.00
241.8163	0.00	0.00
242.1811	0.00	0.00
242.5097	0.00	0.00
242.8691	0.00	0.00
243.2441	0.00	0.00
243.5950	0.00	0.00
243.9340	0.00	0.00
244.2809	0.00	0.00
244.6311	0.00	0.00
244.9739	0.00	0.00
245.3119	0.00	0.00
245.6612	0.00	0.00
246.0000	0.00	0.00
246.3438	0.00	0.00
246.6886	0.00	0.00
247.0323	0.00	0.00
247.3710	0.00	0.00
247.7180	0.00	0.00
248.0637	0.00	0.00
248.4225	0.00	0.00
248.7862	0.00	0.00
249.1652	0.00	0.00
249.5177	0.00	0.00
249.8625	0.00	0.00
250.2210	0.00	0.00
250.5501	0.00	0.00
250.9148	0.00	0.00
251.2937	0.00	0.00
251.6300	0.00	0.00
251.9725	0.00	0.00
252.3385	0.00	0.00
252.6924	0.00	0.00
253.0354	0.00	0.00
253.3810	0.00	0.00
253.7352	0.00	0.00
254.0831	0.00	0.00
254.4264	0.00	0.00
254.7832	0.00	0.00
255.1334	0.00	0.00
255.4896	0.00	0.00
255.8365	0.00	0.00
256.1912	0.00	0.00
256.5191	0.00	0.00
256.8732	0.00	0.00
257.2374	0.00	0.00
257.5684	0.00	0.00
257.9125	0.00	0.00
258.2671	0.00	0.00
258.6120	0.00	0.00
258.9509	0.00	0.00
259.3284	0.00	0.00
259.6699	0.00	0.00
260.0281	0.00	0.00
260.3908	0.00	0.00
260.7370	0.00	0.00
261.1023	0.00	0.00
261.4472	0.00	0.00
261.8000	0.00	0.00
262.1527	0.00	0.00
262.4916	0.00	0.00
262.8500	0.00	0.00
263.1824	0.00	0.00
263.5116	0.00	0.00
263.8788	0.00	0.00
264.1946	0.00	0.00
264.5166	0.00	0.00
264.8820	0.00	0.00
265.2252	0.00	0.00
265.5589	0.00	0.00
265.9359	0.00	0.00
266.2960	0.00	0.00
266.6319	0.00	0.00
266.9993	0.00	0.00
267.3564	0.00	0.00
267.6933	0.00	0.00
268.0441	0.00	0.00
268.4029	0.00	0.00
268.7413	0.00	0.00
269.0837	0.00	0.00
269.4512	0.00	0.00
269.7821	0.00	0.00
270.1186	0.00	0.00
270.4813	0.00	0.00
270.8445	0.00	0.00
271.1990	0.00	0.00
271.5373	0.00	0.00
271.9006	0.00	0.00
272.2405	0.00	0.00
272.5819	0.00	0.00
272.9502	0.00	0.00
273.3162	0.00	0.00
273.6435	0.00	0.00
274.0088	0.00	0.00
274.3643	0.00	0.00
274.7009	0.00	0.00
275.0598	0.00	0.00
275.4187	0.00	0.00
275.7577	0.00	0.00
276.1196	0.00	0.00
276.4907	0.00	0.00
276.8380	0.00	0.00
277.1917	0.00	0.00
277.5365	0.00	0.00
277.8818	0.00	0.00
278.2575	0.00	0.00
278.5858	0.00	0.00
278.9548	0.00	0.00
279.3191	0.00	0.00
279.6528	0.00	0.00
280.0059	0.00	0.00
280.3756	0.00	0.00
280.7132	0.00	0.00
281.0746	0.00	0.00
281.4394	0.00	0.00
281.7840	0.00	0.00
282.1303	0.00	0.00
282.4816	0.00	0.00
282.8173	0.00	0.00
283.1596	0.00	0.00
283.5182	0.00	0.00
283.8728	0.00	0.00
284.2087	0.00	0.00
284.5421	0.00	0.00
284.8965	0.00	0.00
285.2464	0.00	0.00
285.5779	0.00	0.00
285.9340	0.00	0.00
286.2661	0.00	0.00
286.5922	0.00	0.00
286.9523	0.00	0.00
287.3254	0.00	0.00
287.6516	0.00	0.00
288.0019	0.00	0.00
288.3549	0.00	0.00
288.7094	0.00	0.00
289.0494	0.00	0.00
289.4115	0.00	0.00
289.7519	0.00	0.00
290.1124	0.00	0.00
290.5008	0.00	0.00
290.8561	0.00	0.00
291.1838	0.00	0.00
291.5326	0.00	0.00
291.8697	0.00	0.00
292.2044	0.00	0.00
292.5561	0.00	0.00
292.8942	0.00	0.00
293.2247	0.00	0.00
293.5889	0.00	0.00
293.9432	0.00	0.00
294.2969	0.00	0.00
294.6713	0.00	0.00
295.0408	0.00	0.00
295.4101	0.00	0.00
295.7300	0.00	0.00
296.0857	0.00	0.00
296.4335	0.00	0.00
296.7634	0.00	0.00
297.1279	0.00	0.00
297.4908	0.00	0.00
297.8254	0.00	0.00
298.1701	0.00	0.00
298.5300	0.00	0.00
298.9071	0.00	0.00
299.2667	0.00	0.00
299.6342	0.00	0.00
300.0191	0.00	0.00
300.3841	0.00	0.00
300.7169	0.00	0.00
301.0815	0.00	0.00
301.4188	0.00	0.00
301.7596	0.00	0.00
302.1345	0.00	0.00
302.4954	0.00	0.00
302.8264	0.00	0.00
303.1740	0.00	0.00
303.5359	0.00	0.00
303.8899	0.00	0.00
304.2404	0.00	0.00
304.5868	0.00	0.00
304.9313	0.00	0.00
305.2751	0.00	0.00
305.6191	0.00	0.00
305.9748	0.00	0.00
306.3100	0.00	0.00
306.6521	0.00	0.00
307.0339	0.00	0.00
307.3752	0.00	0.00
307.7030	0.00	0.00
308.0654	0.00	0.00
308.4201	0.00	0.00
308.7579	0.00	0.00
309.1281	0.00	0.00
309.4961	0.00	0.00
309.8288	0.00	0.00
310.1955	0.00	0.00
310.5668	0.00	0.00
310.9189	0.00	0.00
311.2568	0.00	0.00
311.6153	0.00	0.00
311.9689	0.00	0.00
312.3093	0.00	0.00
312.6519	0.00	0.00
313.0155	0.00	0.00
313.3952	0.00	0.00
313.7033	0.00	0.00
314.0756	0.00	0.00
314.4183	0.00	0.00
314.7520	0.00	0.00
315.1240	0.00	0.00
315.4720	0.00	0.00
315.8060	0.00	0.00
316.1570	0.00	0.00
316.5069	0.00	0.00
316.8415	0.00	0.00
317.1920	0.00	0.00
317.5404	0.00	0.00
317.8763	0.00	0.00
318.2284	0.00	0.00
318.5894	0.00	0.00
318.9323	0.00	0.00
319.2760	0.00	0.00
319.6372	0.00	0.00
319.9737	0.00	0.00
320.3088	0.00	0.00
320.6619	0.00	0.00
321.0138	0.00	0.00
321.3556	0.00	0.00
321.7027	0.00	0.00
322.0483	0.00	0.00
322.4006	0.00	0.00
322.7469	0.00	0.00
323.0973	0.00	0.00
323.4355	0.00	0.00
323.7879	0.00	0.00
324.1439	0.00	0.00
324.4520	0.00	0.00
324.7816	0.00	0.00
325.1420	0.00	0.00
325.4750	0.00	0.00
325.8257	0.00	0.00
326.2058	0.00	0.00
326.5555	0.00	0.00
326.9032	0.00	0.00
327.2601	0.00	0.00
327.5941	0.00	0.00
327.9262	0.00	0.00
328.2887	0.00	0.00
328.6470	0.00	0.00
328.9831	0.00	0.00
329.3255	0.00	0.00
329.6875	0.00	0.00
330.0178	0.00	0.00
330.3529	0.00	0.00
330.7032	0.00	0.00
331.0578	0.00	0.00
331.4074	0.00	0.00
331.7729	0.00	0.00
332.1153	0.00	0.00
332.4628	0.00	0.00
332.8089	0.00	0.00
333.1478	0.00	0.00
333.4883	0.00	0.00
333.8444	0.00	0.00
334.2151	0.00	0.00
334.6019	0.00	0.00
334.9664	0.00	0.00
335.3226	0.00	0.00
335.6237	0.00	0.00
335.9269	0.00	0.00
336.2665	0.00	0.00
336.5961	0.00	0.00
336.9300	0.00	0.00
337.2678	0.00	0.00
337.6357	0.00	0.00
337.9619	0.00	0.00
338.3098	0.00	0.00
338.6367	0.00	0.00
338.9962	0.00	0.00
339.3603	0.00	0.00
339.6841	0.00	0.00
339.9995	0.00	0.00
340.3901	0.00	0.00
340.7680	0.00	0.00
341.1048	0.00	0.00
341.4310	0.00	0.00
341.7879	0.00	0.00
342.1188	0.00	0.00
342.4579	0.00	0.00
342.8151	0.00	0.00
343.1823	0.00	0.00
343.5139	0.00	0.00
343.8644	0.00	0.00
344.2087	0.00	0.00
344.5730	0.00	0.00
344.9089	0.00	0.00
345.2572	0.00	0.00
345.6101	0.00	0.00
345.9576	0.00	0.00
346.3150	0.00	0.00
346.6658	0.00	0.00
347.0089	0.00	0.00
347.3955	0.00	0.00
347.7607	0.00	0.00
348.1121	0.00	0.00
348.4510	0.00	0.00
348.8127	0.00	0.00
349.1467	0.00	0.00
349.4977	0.00	0.00
349.8489	0.00	0.00
350.1904	0.00	0.00
350.5245	0.00	0.00
350.8782	0.00	0.00
351.2397	0.00	0.00
351.5697	0.00	0.00
351.9052	0.00	0.00
352.2618	0.00	0.00
352.6145	0.00	0.00
352.9616	0.00	0.00
353.3177	0.00	0.00
353.6510	0.00	0.00
354.0023	0.00	0.00
354.3582	0.00	0.00
354.6899	0.00	0.00
355.0442	0.00	0.00
355.3934	0.00	0.00
355.7380	0.00	0.00
356.0687	0.00	0.00
356.4161	0.00	0.00
356.7518	0.00	0.00
357.1237	0.00	0.00
357.4698	0.00	0.00
357.8187	0.00	0.00
358.1550	0.00	0.00
358.5288	0.00	0.00
358.8878	0.00	0.00
359.2297	0.00	0.00
359.5864	0.00	0.00
359.9341	0.00	0.00
360.2973	0.00	0.00
360.6279	0.00	0.00
360.9808	0.00	0.00
361.3390	0.00	0.00
361.6737	0.00	0.00
362.0255	0.00	0.00
362.3830	0.00	0.00
362.7383	0.00	0.00
363.0900	0.00	0.00
363.4482	0.00	0.00
363.7999	0.00	0.00
364.1407	0.00	0.00
364.4870	0.00	0.00
364.8218	0.00	0.00
365.1802	0.00	0.00
365.5321	0.00	0.00
365.8786	0.00	0.00
366.2387	0.00	0.00
366.5857	0.00	0.00
366.9402	0.00	0.00
367.3057	0.00	0.00
367.6538	0.00	0.00
367.9983	0.00	0.00
368.3737	0.00	0.00
368.7053	0.00	0.00
369.0431	0.00	0.00
369.3948	0.00	0.00
369.7220	0.00	0.00
370.0657	0.00	0.00
370.4174	0.00	0.00
370.7763	0.00	0.00
371.1192	0.00	0.00
371.4904	0.00	0.00
371.8446	0.00	0.00
372.1780	0.00	0.00
372.5484	0.00	0.00
372.9277	0.00	0.00
373.2866	0.00	0.00
373.6331	0.00	0.00
373.9876	0.00	0.00
374.3339	0.00	0.00
374.6693	0.00	0.00
375.0247	0.00	0.00
375.3870	0.00	0.00
375.7159	0.00	0.00
376.0693	0.00	0.00
376.4086	0.00	0.00
376.7442	0.00	0.00
377.1119	0.00	0.00
377.4679	0.00	0.00
377.8087	0.00	0.00
378.1490	0.00	0.00
378.5110	0.00	0.00
378.8966	0.00	0.00
379.2598	0.00	0.00
379.6263	0.00	0.00
380.0026	0.00	0.00
380.3692	0.00	0.00
380.7052	0.00	0.00
381.0686	0.00	0.00
381.4302	0.00	0.00
381.7668	0.00	0.00
382.1224	0.00	0.00
382.4540	0.00	0.00
382.8051	0.00	0.00
383.1463	0.00	0.00
383.5240	0.00	0.00
383.8857	0.00	0.00
384.2248	0.00	0.00
384.5708	0.00	0.00
384.8961	0.00	0.00
385.2423	0.00	0.00
385.6096	0.00	0.00
385.9410	0.00	0.00
386.3193	0.00	0.00
386.6777	0.00	0.00
387.0473	0.00	0.00
387.3909	0.00	0.00
387.7295	0.00	0.00
388.0976	0.00	0.00
388.4629	0.00	0.00
388.8153	0.00	0.00
389.1781	0.00	0.00
389.5213	0.00	0.00
389.8631	0.00	0.00
390.2081	0.00	0.00
390.5606	0.00	0.00
390.9217	0.00	0.00
391.2968	0.00	0.00
391.6667	0.00	0.00
392.0281	0.00	0.00
392.3742	0.00	0.00
392.7165	0.00	0.00
393.0928	0.00	0.00
393.4356	0.00	0.00
393.7757	0.00	0.00
394.1477	0.00	0.00
394.5262	0.00	0.00
394.8538	0.00	0.00
395.2090	0.00	0.00
395.5769	0.00	0.00
395.9068	0.00	0.00
396.2708	0.00	0.00
396.6402	0.00	0.00
396.9717	0.00	0.00
397.3396	0.00	0.00
397.7039	0.00	0.00
398.0385	0.00	0.00
398.3993	0.00	0.00
398.7556	0.00	0.00
399.1027	0.00	0.00
399.4720	0.00	0.00
399.8146	0.00	0.00
400.1728	0.00	0.00
400.5088	0.00	0.00
400.8486	0.00	0.00
401.2146	0.00	0.00
401.5882	0.00	0.00
401.9418	0.00	0.00
402.2874	0.00	0.00
402.6595	0.00	0.00
403.0082	0.00	0.00
403.3840	0.00	0.00
403.7546	0.00	0.00
404.1127	0.00	0.00
404.4530	0.00	0.00
404.7883	0.00	0.00
405.1467	0.00	0.00
405.4846	0.00	0.00
405.8210	0.00	0.00
406.1581	0.00	0.00
406.4926	0.00	0.00
406.8230	0.00	0.00
407.1939	0.00	0.00
407.5234	0.00	0.00
407.8605	0.00	0.00
408.2119	0.00	0.00
408.5837	0.00	0.00
408.9223	0.00	0.00
409.2799	0.00	0.00
409.6455	0.00	0.00
409.9796	0.00	0.00
410.3375	0.00	0.00
410.6757	0.00	0.00
411.0442	0.00	0.00
411.3888	0.00	0.00
411.7494	0.00	0.00
412.0818	0.00	0.00
412.4201	0.00	0.00
412.7823	0.00	0.00
413.1579	0.00	0.00
413.5067	0.00	0.00
413.8791	0.00	0.00
414.2835	0.00	0.00
414.6634	0.00	0.00
415.0051	0.00	0.00
415.3830	0.00	0.00
415.7122	0.00	0.00
416.0532	0.00	0.00
416.4008	0.00	0.00
416.7249	0.00	0.00
417.0558	0.00	0.00
417.4159	0.00	0.00
417.7493	0.00	0.00
418.0944	0.00	0.00
418.4649	0.00	0.00
418.8366	0.00	0.00
419.1924	0.00	0.00
419.5322	0.00	0.00
419.8734	0.00	0.00
420.2102	0.00	0.00
420.5857	0.00	0.00
420.9379	0.00	0.00
421.3174	0.00	0.00
421.6862	0.00	0.00
422.0210	0.00	0.00
422.3785	0.00	0.00
422.7593	0.00	0.00
423.0929	0.00	0.00
423.4553	0.00	0.00
423.8065	0.00	0.00
424.1510	0.00	0.00
424.5020	0.00	0.00
424.8747	0.00	0.00
425.2169	0.00	0.00
425.5998	0.00	0.00
425.9593	0.00	0.00
426.3233	0.00	0.00
426.6959	0.00	0.00
427.0305	0.00	0.00
427.3785	0.00	0.00
427.6959	0.00	0.00
428.0294	0.00	0.00
428.4012	0.00	0.00
428.7401	0.00	0.00
429.0785	0.00	0.00
429.4494	0.00	0.00
429.8223	0.00	0.00
430.1527	0.00	0.00
430.5119	0.00	0.00
430.9003	0.00	0.00
431.2676	0.00	0.00
431.6082	0.00	0.00
431.9753	0.00	0.00
432.3183	0.00	0.00
432.7003	0.00	0.00
433.0542	0.00	0.00
433.4041	0.00	0.00
433.8039	0.00	0.00
434.1684	0.00	0.00
434.5495	0.00	0.00
434.9276	0.00	0.00
435.2918	0.00	0.00
435.6718	0.00	0.00
436.0335	0.00	0.00
436.4111	0.00	0.00
436.7430	0.00	0.00
437.0861	0.00	0.00
437.4441	0.00	0.00
437.7950	0.00	0.00
438.1359	0.00	0.00
438.5021	0.00	0.00
438.8786	0.00	0.00
439.2401	0.00	0.00
439.6182	0.00	0.00
439.9836	0.00	0.00
440.3601	0.00	0.00
440.6999	0.00	0.00
441.0602	0.00	0.00
441.4351	0.00	0.00
441.8258	0.00	0.00
442.2037	0.00	0.00
442.5665	0.00	0.00
442.9335	0.00	0.00
443.2628	0.00	0.00
443.6309	0.00	0.00
444.0324	0.00	0.00
444.3878	0.00	0.00
444.7118	0.00	0.00
445.0189	0.00	0.00
445.3924	0.00	0.00
445.7406	0.00	0.00
446.0994	0.00	0.00
446.4628	0.00	0.00
446.7984	0.00	0.00
447.1495	0.00	0.00
447.4945	0.00	0.00
447.8293	0.00	0.00
448.1818	0.00	0.00
448.5550	0.00	0.00
448.9127	0.00	0.00
449.3002	0.00	0.00
449.6720	0.00	0.00
450.0534	0.00	0.00
450.4179	0.00	0.00
450.7560	0.00	0.00
451.1094	0.00	0.00
451.5109	0.00	0.00
451.8795	0.00	0.00
452.2207	0.00	0.00
452.5535	0.00	0.00
452.9020	0.00	0.00
453.2561	0.00	0.00
453.5967	0.00	0.00
453.9696	0.00	0.00
454.3049	0.00	0.00
454.6578	0.00	0.00
455.0264	0.00	0.00
455.3713	0.00	0.00
455.7261	0.00	0.00
456.0914	0.00	0.00
456.4301	0.00	0.00
456.7804	0.00	0.00
457.1134	0.00	0.00
457.4475	0.00	0.00
457.7950	0.00	0.00
458.1643	0.00	0.00
458.4932	0.00	0.00
458.9048	0.00	0.00
459.2626	0.00	0.00
459.6165	0.00	0.00
459.9713	0.00	0.00
460.3308	0.00	0.00
460.6693	0.00	0.00
461.0318	0.00	0.00
461.3790	0.00	0.00
461.7245	0.00	0.00
462.1004	0.00	0.00
462.4880	0.00	0.00
462.8357	0.00	0.00
463.2255	0.00	0.00
463.6318	0.00	0.00
464.0047	0.00	0.00
464.3576	0.00	0.00
464.7578	0.00	0.00
465.1466	0.00	0.00
465.5288	0.00	0.00
465.8723	0.00	0.00
466.2535	0.00	0.00
466.6587	0.00	0.00
467.0223	0.00	0.00
467.3753	0.00	0.00
467.7699	0.00	0.00
468.1684	0.00	0.00
468.5281	0.00	0.00
468.8734	0.00	0.00
469.2544	0.00	0.00
469.5776	0.00	0.00
469.9133	0.00	0.00
470.2674	0.00	0.00
470.6557	0.00	0.00
471.0290	0.00	0.00
471.3884	0.00	0.00
471.7831	0.00	0.00
472.1631	0.00	0.00
472.5360	0.00	0.00
472.8872	0.00	0.00
473.2569	0.00	0.00
473.5813	0.00	0.00
473.9177	0.00	0.00
474.2681	0.00	0.00
474.6520	0.00	0.00
474.9692	0.00	0.00
475.2860	0.00	0.00
475.6435	0.00	0.00
475.9721	0.00	0.00
476.3367	0.00	0.00
476.7083	0.00	0.00
477.0834	0.00	0.00
477.4614	0.00	0.00
477.8137	0.00	0.00
478.1911	0.00	0.00
478.5355	0.00	0.00
478.8865	0.00	0.00
479.2363	0.00	0.00
479.5494	0.00	0.00
479.8648	0.00	0.00
480.2266	0.00	0.00
480.5632	0.00	0.00
480.9364	0.00	0.00
481.3027	0.00	0.00
481.6318	0.00	0.00
482.0125	0.00	0.00
482.3802	0.00	0.00
482.7597	0.00	0.00
483.1494	0.00	0.00
483.5249	0.00	0.00
483.9019	0.00	0.00
484.2664	0.00	0.00
484.6431	0.00	0.00
485.0040	0.00	0.00
485.3625	0.00	0.00
485.7457	0.00	0.00
486.1375	0.00	0.00
486.5114	0.00	0.00
486.8850	0.00	0.00
487.2458	0.00	0.00
487.6459	0.00	0.00
488.0151	0.00	0.00
488.3708	0.00	0.00
488.7488	0.00	0.00
489.1519	0.00	0.00
489.5197	0.00	0.00
489.8710	0.00	0.00
490.2343	0.00	0.00
490.6341	0.00	0.00
491.0294	0.00	0.00
491.3934	0.00	0.00
491.7596	0.00	0.00
492.1443	0.00	0.00
492.5288	0.00	0.00
492.8912	0.00	0.00
493.2893	0.00	0.00
493.6584	0.00	0.00
493.9991	0.00	0.00
494.3697	0.00	0.00
494.7043	0.00	0.00
495.0970	0.00	0.00
495.4576	0.00	0.00
495.8498	0.00	0.00
496.2257	0.00	0.00
496.5990	0.00	0.00
496.9282	0.00	0.00
497.2974	0.00	0.00
497.6773	0.00	0.00
498.0328	0.00	0.00
498.4319	0.00	0.00
498.8098	0.00	0.00
499.1846	0.00	0.00
499.5458	0.00	0.00
499.9312	0.00	0.00
500.3049	0.00	0.00
500.6980	0.00	0.00
501.0667	0.00	0.00
501.4647	0.00	0.00
501.8242	0.00	0.00
502.2115	0.00	0.00
502.5585	0.00	0.00
502.9347	0.00	0.00
503.3364	0.00	0.00
503.7361	0.00	0.00
504.0888	0.00	0.00
504.4508	0.00	0.00
504.8406	0.00	0.00
505.1825	0.00	0.00
505.5403	0.00	0.00
505.9194	0.00	0.00
506.3129	0.00	0.00
506.7033	0.00	0.00
507.0674	0.00	0.00
507.4196	0.00	0.00
507.7593	0.00	0.00
508.1196	0.00	0.00
508.4962	0.00	0.00
508.8822	0.00	0.00
509.2474	0.00	0.00
509.6086	0.00	0.00
509.9634	0.00	0.00
510.3056	0.00	0.00
510.6555	0.00	0.00
510.9948	0.00	0.00
511.3349	0.00	0.00
511.6992	0.00	0.00
512.0709	0.00	0.00
512.4589	0.00	0.00
512.8197	0.00	0.00
513.1835	0.00	0.00
513.5670	0.00	0.00
513.9463	0.00	0.00
514.3454	0.00	0.00
514.7096	0.00	0.00
515.1254	0.00	0.00
515.4954	0.00	0.00
515.8938	0.00	0.00
516.2529	0.00	0.00
516.6218	0.00	0.00
517.0433	0.00	0.00
517.4283	0.00	0.00
517.7724	0.00	0.00
518.1412	0.00	0.00
518.5527	0.00	0.00
518.9241	0.00	0.00
519.2749	0.00	0.00
519.6944	0.00	0.00
520.0821	0.00	0.00
520.4467	0.00	0.00
520.7851	0.00	0.00
521.1768	0.00	0.00
521.5768	0.00	0.00
521.9497	0.00	0.00
522.2937	0.00	0.00
522.6807	0.00	0.00
523.0632	0.00	0.00
523.4522	0.00	0.00
523.7996	0.00	0.00
524.1999	0.00	0.00
524.5897	0.00	0.00
524.9579	0.00	0.00
525.2944	0.00	0.00
525.6805	0.00	0.00
526.0643	0.00	0.00
526.4106	0.00	0.00
526.7450	0.00	0.00
527.1115	0.00	0.00
527.4726	0.00	0.00
527.8200	0.00	0.00
528.2124	0.00	0.00
528.5807	0.00	0.00
528.9654	0.00	0.00
529.3166	0.00	0.00
529.6985	0.00	0.00
530.0907	0.00	0.00
530.4600	0.00	0.00
530.8238	0.00	0.00
531.2051	0.00	0.00
531.5585	0.00	0.00
531.9544	0.00	0.00
532.3285	0.00	0.00
532.7191	0.00	0.00
533.1112	0.00	0.00
533.4880	0.00	0.00
533.8555	0.00	0.00
534.2383	0.00	0.00
534.5965	0.00	0.00
534.9786	0.00	0.00
535.3299	0.00	0.00
535.7183	0.00	0.00
536.1217	0.00	0.00
536.5071	0.00	0.00
536.8585	0.00	0.00
537.2304	0.00	0.00
537.6078	0.00	0.00
537.9739	0.00	0.00
538.3348	0.00	0.00
538.7382	0.00	0.00
539.1133	0.00	0.00
539.4851	0.00	0.00
539.8539	0.00	0.00
540.2324	0.00	0.00
540.6049	0.00	0.00
540.9833	0.00	0.00
541.3445	0.00	0.00
541.7163	0.00	0.00
542.0930	0.00	0.00
542.4732	0.00	0.00
542.8267	0.00	0.00
543.2151	0.00	0.00
543.6162	0.00	0.00
543.9827	0.00	0.00
544.3335	0.00	0.00
544.7349	0.00	0.00
545.1227	0.00	0.00
545.5016	0.00	0.00
545.8624	0.00	0.00
546.2104	0.00	0.00
546.5929	0.00	0.00
546.9866	0.00	0.00
547.3486	0.00	0.00
547.7045	0.00	0.00
548.0925	0.00	0.00
548.4772	0.00	0.00
548.8308	0.00	0.00
549.2111	0.00	0.00
549.6075	0.00	0.00
549.9881	0.00	0.00
550.3309	0.00	0.00
550.7422	0.00	0.00
551.1020	0.00	0.00
551.4921	0.00	0.00
551.8541	0.00	0.00
552.2149	0.00	0.00
552.6066	0.00	0.00
553.0049	0.00	0.00
553.3624	0.00	0.00
553.7098	0.00	0.00
554.0910	0.00	0.00
554.5008	0.00	0.00
554.8647	0.00	0.00
555.2256	0.00	0.00
555.6148	0.00	0.00
555.9973	0.00	0.00
556.3483	0.00	0.00
556.7362	0.00	0.00
557.1065	0.00	0.00
557.5097	0.00	0.00
557.8651	0.00	0.00
558.2602	0.00	0.00
558.6084	0.00	0.00
559.0203	0.00	0.00
559.3662	0.00	0.00
559.7586	0.00	0.00
560.1462	0.00	0.00
560.4572	0.00	0.00
560.8579	0.00	0.00
561.2349	0.00	0.00
561.6397	0.00	0.00
561.9918	0.00	0.00
562.3443	0.00	0.00
562.7301	0.00	0.00
563.1477	0.00	0.00
563.4891	0.00	0.00
563.9037	0.00	0.00
564.2786	0.00	0.00
564.6395	0.00	0.00
564.9784	0.00	0.00
565.3246	0.00	0.00
565.6867	0.00	0.00
566.0867	0.00	0.00
566.4372	0.00	0.00
566.8140	0.00	0.00
567.1979	0.00	0.00
567.5938	0.00	0.00
567.9547	0.00	0.00
568.3280	0.00	0.00
568.7172	0.00	0.00
569.0829	0.00	0.00
569.4300	0.00	0.00
569.8496	0.00	0.00
570.2142	0.00	0.00
570.5867	0.00	0.00
570.9556	0.00	0.00
571.3369	0.00	0.00
571.7332	0.00	0.00
572.1190	0.00	0.00
572.4660	0.00	0.00
572.8397	0.00	0.00
573.2282	0.00	0.00
573.6243	0.00	0.00
573.9828	0.00	0.00
574.3423	0.00	0.00
574.7279	0.00	0.00
575.1020	0.00	0.00
575.4540	0.00	0.00
575.8352	0.00	0.00
576.2197	0.00	0.00
576.6058	0.00	0.00
576.9559	0.00	0.00
577.3481	0.00	0.00
577.7307	0.00	0.00
578.1292	0.00	0.00
578.4901	0.00	0.00
578.8809	0.00	0.00
579.2251	0.00	0.00
579.6159	0.00	0.00
580.0010	0.00	0.00
580.3655	0.00	0.00
580.7577	0.00	0.00
581.1651	0.00	0.00
581.5196	0.00	0.00
581.8952	0.00	0.00
582.2943	0.00	0.00
582.6642	0.00	0.00
583.0343	0.00	0.00
583.3832	0.00	0.00
583.7783	0.00	0.00
584.1731	0.00	0.00
584.5208	0.00	0.00
584.8661	0.00	0.00
585.2337	0.00	0.00
585.5259	0.00	0.00
585.8832	0.00	0.00
586.2960	0.00	0.00
586.6968	0.00	0.00
587.0223	0.00	0.00
587.4306	0.00	0.00
587.8124	0.00	0.00
588.1898	0.00	0.00
588.5351	0.00	0.00
588.9059	0.00	0.00
589.2864	0.00	0.00
589.6701	0.00	0.00
590.0244	0.00	0.00
590.4133	0.00	0.00
590.8230	0.00	0.00
591.1786	0.00	0.00
591.5204	0.00	0.00
591.8652	0.00	0.00
592.2424	0.00	0.00
592.5264	0.00	0.00
592.8356	0.00	0.00
593.2072	0.00	0.00
593.5537	0.00	0.00
593.9555	0.00	0.00
594.3573	0.00	0.00
594.7318	0.00	0.00
595.0808	0.00	0.00
595.4772	0.00	0.00
595.8552	0.00	0.00
596.2411	0.00	0.00
596.5908	0.00	0.00
597.0105	0.00	0.00
597.3923	0.00	0.00
597.7717	0.00	0.00
598.1217	0.00	0.00
598.5115	0.00	0.00
598.8907	0.00	0.00
599.3182	0.00	0.00
599.6524	0.00	0.00
600.0358	0.00	0.00
600.4290	0.00	0.00
600.8183	0.00	0.00
601.2279	0.00	0.00
601.5841	0.00	0.00
601.9925	0.00	0.00
602.3552	0.00	0.00
602.7354	0.00	0.00
603.0878	0.00	0.00
603.4535	0.00	0.00
603.8453	0.00	0.00
604.2270	0.00	0.00
604.5825	0.00	0.00
604.9569	0.00	0.00
605.3427	0.00	0.00
605.7284	0.00	0.00
606.0924	0.00	0.00
606.4620	0.00	0.00
606.8687	0.00	0.00
607.2511	0.00	0.00
607.6039	0.00	0.00
607.9861	0.00	0.00
608.3643	0.00	0.00
608.7429	0.00	0.00
609.1239	0.00	0.00
609.4709	0.00	0.00
609.8276	0.00	0.00
610.1956	0.00	0.00
610.5711	0.00	0.00
610.9757	0.00	0.00
611.3353	0.00	0.00
611.6790	0.00	0.00
612.0915	0.00	0.00
612.4379	0.00	0.00
612.8253	0.00	0.00
613.1867	0.00	0.00
613.5811	0.00	0.00
613.9616	0.00	0.00
614.3362	0.00	0.00
614.6778	0.00	0.00
615.1082	0.00	0.00
615.4519	0.00	0.00
615.8354	0.00	0.00
616.1926	0.00	0.00
616.5773	0.00	0.00
616.9753	0.00	0.00
617.3372	0.00	0.00
617.6849	0.00	0.00
618.0619	0.00	0.00
618.4431	0.00	0.00
618.8512	0.00	0.00
619.2741	0.00	0.00
619.6412	0.00	0.00
620.0366	0.00	0.00
620.4019	0.00	0.00
620.7826	0.00	0.00
621.1565	0.00	0.00
621.5498	0.00	0.00
621.9360	0.00	0.00
622.3136	0.00	0.00
622.6666	0.00	0.00
623.0701	0.00	0.00
623.4318	0.00	0.00
623.8195	0.00	0.00
624.1807	0.00	0.00
624.5479	0.00	0.00
624.9363	0.00	0.00
625.3393	0.00	0.00
625.6375	0.00	0.00
626.0329	0.00	0.00
626.4161	0.00	0.00
626.7596	0.00	0.00
627.1882	0.00	0.00
627.5813	0.00	0.00
627.9847	0.00	0.00
628.3689	0.00	0.00
628.7355	0.00	0.00
629.0970	0.00	0.00
629.4984	0.00	0.00
629.8752	0.00	0.00
630.2365	0.00	0.00
630.6273	0.00	0.00
631.0352	0.00	0.00
631.4233	0.00	0.00
631.7734	0.00	0.00
632.1372	0.00	0.00
632.5088	0.00	0.00
632.8976	0.00	0.00
633.2460	0.00	0.00
633.6273	0.00	0.00
634.0211	0.00	0.00
634.4176	0.00	0.00
634.7764	0.00	0.00
635.1529	0.00	0.00
635.5402	0.00	0.00
635.8864	0.00	0.00
636.2903	0.00	0.00
636.6245	0.00	0.00
637.0162	0.00	0.00
637.3718	0.00	0.00
637.7382	0.00	0.00
638.1329	0.00	0.00
638.5211	0.00	0.00
638.8721	0.00	0.00
639.2720	0.00	0.00
639.6544	0.00	0.00
640.0400	0.00	0.00
640.4031	0.00	0.00
640.7775	0.00	0.00
641.1789	0.00	0.00
641.5675	0.00	0.00
641.9888	0.00	0.00
642.3689	0.00	0.00
642.7317	0.00	0.00
643.1104	0.00	0.00
643.4561	0.00	0.00
643.8145	0.00	0.00
644.1912	0.00	0.00
644.5418	0.00	0.00
644.8896	0.00	0.00
645.2714	0.00	0.00
645.6558	0.00	0.00
646.0409	0.00	0.00
646.4002	0.00	0.00
646.8089	0.00	0.00
647.1750	0.00	0.00
647.5728	0.00	0.00
647.9340	0.00	0.00
648.3062	0.00	0.00
648.6851	0.00	0.00
649.0785	0.00	0.00
649.4238	0.00	0.00
649.7849	0.00	0.00
650.1588	0.00	0.00
650.5037	0.00	0.00
650.8855	0.00	0.00
651.2593	0.00	0.00
651.6433	0.00	0.00
651.9858	0.00	0.00
652.3495	0.00	0.00
652.7156	0.00	0.00
653.1246	0.00	0.00
653.4851	0.00	0.00
653.8605	0.00	0.00
654.2453	0.00	0.00
654.6104	0.00	0.00
654.9771	0.00	0.00
655.3849	0.00	0.00
655.7320	0.00	0.00
656.1177	0.00	0.00
656.4882	0.00	0.00
656.8566	0.00	0.00
657.2386	0.00	0.00
657.6254	0.00	0.00
657.9771	0.00	0.00
658.3400	0.00	0.00
658.7200	0.00	0.00
659.1060	0.00	0.00
659.4720	0.00	0.00
659.8707	0.00	0.00
660.2310	0.00	0.00
660.6163	0.00	0.00
660.9656	0.00	0.00
661.3478	0.00	0.00
661.7409	0.00	0.00
662.1495	0.00	0.00
662.5236	0.00	0.00
662.8768	0.00	0.00
663.2209	0.00	0.00
663.5581	0.00	0.00
663.9317	0.00	0.00
664.2833	0.00	0.00
664.6805	0.00	0.00
665.0486	0.00	0.00
665.4550	0.00	0.00
665.8160	0.00	0.00
666.2061	0.00	0.00
666.5549	0.00	0.00
666.9377	0.00	0.00
667.3245	0.00	0.00
667.7256	0.00	0.00
668.0751	0.00	0.00
668.4683	0.00	0.00
668.8576	0.00	0.00
669.2594	0.00	0.00
669.6167	0.00	0.00
669.9847	0.00	0.00
670.3814	0.00	0.00
670.7424	0.00	0.00
671.1049	0.00	0.00
671.4771	0.00	0.00
671.8671	0.00	0.00
672.2508	0.00	0.00
672.6133	0.00	0.00
672.9952	0.00	0.00
673.4026	0.00	0.00
673.8073	0.00	0.00
674.1665	0.00	0.00
674.5346	0.00	0.00
674.9201	0.00	0.00
675.3278	0.00	0.00
675.6735	0.00	0.00
676.0198	0.00	0.00
676.3310	0.00	0.00
676.6188	0.00	0.00
676.9778	0.00	0.00
677.3321	0.00	0.00
677.6747	0.00	0.00
678.0906	0.00	0.00
678.4475	0.00	0.00
678.8323	0.00	0.00
679.1718	0.00	0.00
679.5662	0.00	0.00
679.9869	0.00	0.00
680.3582	0.00	0.00
680.7098	0.00	0.00
681.1257	0.00	0.00
681.4814	0.00	0.00
681.8820	0.00	0.00
682.2314	0.00	0.00
682.6122	0.00	0.00
683.0193	0.00	0.00
683.3869	0.00	0.00
683.7247	0.00	0.00
684.1257	0.00	0.00
684.5118	0.00	0.00
684.9087	0.00	0.00
685.2516	0.00	0.00
685.6193	0.00	0.00
685.9946	0.00	0.00
686.3687	0.00	0.00
686.6873	0.00	0.00
687.0722	0.00	0.00
687.4971	0.00	0.00
687.8684	0.00	0.00
688.2171	0.00	0.00
688.6110	0.00	0.00
689.0184	0.00	0.00
689.4285	0.00	0.00
689.7670	0.00	0.00
690.1224	0.00	0.00
690.5011	0.00	0.00
690.9010	0.00	0.00
691.2677	0.00	0.00
691.6177	0.00	0.00
692.0022	0.00	0.00
692.4120	0.00	0.00
692.7566	0.00	0.00
693.1472	0.00	0.00
693.5253	0.00	0.00
693.9148	0.00	0.00
694.2706	0.00	0.00
694.6484	0.00	0.00
695.0651	0.00	0.00
695.4815	0.00	0.00
695.8182	0.00	0.00
696.2297	0.00	0.00
696.6046	0.00	0.00
697.0296	0.00	0.00
697.3606	0.00	0.00
697.7674	0.00	0.00
698.1446	0.00	0.00
698.5054	0.00	0.00
698.8528	0.00	0.00
699.2732	0.00	0.00
699.6747	0.00	0.00
700.0785	0.00	0.00
700.4386	0.00	0.00
700.8606	0.00	0.00
701.2919	0.00	0.00
701.6623	0.00	0.00
702.0603	0.00	0.00
702.4326	0.00	0.00
702.8597	0.00	0.00
703.2307	0.00	0.00
703.6385	0.00	0.00
704.0710	0.00	0.00
704.4334	0.00	0.00
704.8165	0.00	0.00
705.2124	0.00	0.00
705.6047	0.00	0.00
705.9566	0.00	0.00
706.3581	0.00	0.00
706.7565	0.00	0.00
707.1369	0.00	0.00
707.4909	0.00	0.00
707.8939	0.00	0.00
708.2782	0.00	0.00
708.6568	0.00	0.00
708.9998	0.00	0.00
709.4028	0.00	0.00
709.7745	0.00	0.00
710.1436	0.00	0.00
710.4933	0.00	0.00
710.8834	0.00	0.00
711.2598	0.00	0.00
711.6574	0.00	0.00
711.9947	0.00	0.00
712.3697	0.00	0.00
712.7888	0.00	0.00
713.1761	0.00	0.00
713.5358	0.00	0.00
713.9106	0.00	0.00
714.2833	0.00	0.00
714.6759	0.00	0.00
715.0165	0.00	0.00
715.4238	0.00	0.00
715.7958	0.00	0.00
716.1852	0.00	0.00
716.5244	0.00	0.00
716.9179	0.00	0.00
717.2904	0.00	0.00
717.6699	0.00	0.00
718.0134	0.00	0.00
718.4029	0.00	0.00
718.7961	0.00	0.00
719.1898	0.00	0.00
719.5401	0.00	0.00
719.9116	0.00	0.00
720.2912	0.00	0.00
720.7029	0.00	0.00
721.0435	0.00	0.00
721.4366	0.00	0.00
721.8476	0.00	0.00
722.2410	0.00	0.00
722.6307	0.00	0.00
722.9782	0.00	0.00
723.3849	0.00	0.00
723.7619	0.00	0.00
724.1541	0.00	0.00
724.5134	0.00	0.00
724.9286	0.00	0.00
725.3038	0.00	0.00
725.7250	0.00	0.00
726.0864	0.00	0.00
726.4884	0.00	0.00
726.8624	0.00	0.00
727.2476	0.00	0.00
727.6825	0.00	0.00
728.0547	0.00	0.00
728.4475	0.00	0.00
728.8255	0.00	0.00
729.1976	0.00	0.00
729.5765	0.00	0.00
729.9909	0.00	0.00
730.3915	0.00	0.00
730.7869	0.00	0.00
731.1355	0.00	0.00
731.5489	0.00	0.00
731.9094	0.00	0.00
732.3304	0.00	0.00
732.6687	0.00	0.00
733.0553	0.00	0.00
733.4373	0.00	0.00
733.8094	0.00	0.00
734.1485	0.00	0.00
734.5273	0.00	0.00
734.9224	0.00	0.00
735.3050	0.00	0.00
735.6617	0.00	0.00
736.0451	0.00	0.00
736.4225	0.00	0.00
736.7820	0.00	0.00
737.1362	0.00	0.00
737.5119	0.00	0.00
737.9167	0.00	0.00
738.3491	0.00	0.00
738.6790	0.00	0.00
739.1072	0.00	0.00
739.4639	0.00	0.00
739.8523	0.00	0.00
740.1939	0.00	0.00
740.5924	0.00	0.00
740.9883	0.00	0.00
741.3670	0.00	0.00
741.6988	0.00	0.00
742.1167	0.00	0.00
742.5178	0.00	0.00
742.9193	0.00	0.00
743.3501	0.00	0.00
743.6885	0.00	0.00
744.0919	0.00	0.00
744.4694	0.00	0.00
744.8678	0.00	0.00
745.2113	0.00	0.00
745.6282	0.00	0.00
745.9579	0.00	0.00
746.3085	0.00	0.00
746.6775	0.00	0.00
747.0499	0.00	0.00
747.4626	0.00	0.00
747.8705	0.00	0.00
748.2946	0.00	0.00
748.6508	0.00	0.00
749.0522	0.00	0.00
749.4332	0.00	0.00
749.8298	0.00	0.00
750.1829	0.00	0.00
750.6055	0.00	0.00
750.9610	0.00	0.00
751.3523	0.00	0.00
751.6957	0.00	0.00
752.0738	0.00	0.00
752.4537	0.00	0.00
752.8424	0.00	0.00
753.2125	0.00	0.00
753.6538	0.00	0.00
754.0190	0.00	0.00
754.4240	0.00	0.00
754.8595	0.00	0.00
755.2251	0.00	0.00
755.6057	0.00	0.00
755.9997	0.00	0.00
756.4480	0.00	0.00
756.7992	0.00	0.00
757.2053	0.00	0.00
757.6226	0.00	0.00
758.0295	0.00	0.00
758.4195	0.00	0.00
758.7868	0.00	0.00
759.1655	0.00	0.00
759.5516	0.00	0.00
759.9345	0.00	0.00
760.2985	0.00	0.00
760.7261	0.00	0.00
761.1101	0.00	0.00
761.5084	0.00	0.00
761.8644	0.00	0.00
762.2726	0.00	0.00
762.6631	0.00	0.00
763.0440	0.00	0.00
763.3806	0.00	0.00
763.7846	0.00	0.00
764.1605	0.00	0.00
764.5503	0.00	0.00
764.8907	0.00	0.00
765.2985	0.00	0.00
765.6836	0.00	0.00
766.1040	0.00	0.00
766.5286	0.00	0.00
766.8800	0.00	0.00
767.2711	0.00	0.00
767.6880	0.00	0.00
768.1102	0.00	0.00
768.4550	0.00	0.00
768.8804	0.00	0.00
769.2546	0.00	0.00
769.6569	0.00	0.00
769.9961	0.00	0.00
770.4260	0.00	0.00
770.8416	0.00	0.00
771.2378	0.00	0.00
771.6536	0.00	0.00
771.9913	0.00	0.00
772.3950	0.00	0.00
772.7666	0.00	0.00
773.1828	0.00	0.00
773.6055	0.00	0.00
773.9700	0.00	0.00
774.4082	0.00	0.00
774.8246	0.00	0.00
775.2297	0.00	0.00
775.6680	0.00	0.00
776.0945	0.00	0.00
776.4462	0.00	0.00
776.8407	0.00	0.00
777.2321	0.00	0.00
777.6456	0.00	0.00
777.9836	0.00	0.00
778.3724	0.00	0.00
778.7589	0.00	0.00
779.1385	0.00	0.00
779.4877	0.00	0.00
779.8826	0.00	0.00
780.2711	0.00	0.00
780.6899	0.00	0.00
780.9789	0.00	0.00
781.3875	0.00	0.00
781.7956	0.00	0.00
782.2010	0.00	0.00
782.6249	0.00	0.00
782.9829	0.00	0.00
783.3801	0.00	0.00
783.7383	0.00	0.00
784.1469	0.00	0.00
784.4905	0.00	0.00
784.8641	0.00	0.00
785.2654	0.00	0.00
785.6670	0.00	0.00
786.0147	0.00	0.00
786.3885	0.00	0.00
786.7875	0.00	0.00
787.2135	0.00	0.00
787.5587	0.00	0.00
787.9731	0.00	0.00
788.4216	0.00	0.00
788.8397	0.00	0.00
789.2527	0.00	0.00
789.6764	0.00	0.00
790.0278	0.00	0.00
790.4324	0.00	0.00
790.8163	0.00	0.00
791.2117	0.00	0.00
791.5936	0.00	0.00
792.0294	0.00	0.00
792.3999	0.00	0.00
792.7984	0.00	0.00
793.2501	0.00	0.00
793.6065	0.00	0.00
793.9904	0.00	0.00
794.4095	0.00	0.00
794.7918	0.00	0.00
795.1354	0.00	0.00
795.5719	0.00	0.00
796.0037	0.00	0.00
796.3927	0.00	0.00
796.8118	0.00	0.00
797.1504	0.00	0.00
797.5536	0.00	0.00
797.9305	0.00	0.00
798.3429	0.00	0.00
798.7664	0.00	0.00
799.1194	0.00	0.00
799.5594	0.00	0.00
799.9279	0.00	0.00
800.3691	0.00	0.00
800.7795	0.00	0.00
801.1301	0.00	0.00
801.5586	0.00	0.00
801.9296	0.00	0.00
802.3167	0.00	0.00
802.7648	0.00	0.00
803.1111	0.00	0.00
803.4993	0.00	0.00
803.8678	0.00	0.00
804.2553	0.00	0.00
804.6216	0.00	0.00
805.0107	0.00	0.00
805.4046	0.00	0.00
805.8103	0.00	0.00
806.1507	0.00	0.00
806.5487	0.00	0.00
806.9393	0.00	0.00
807.3579	0.00	0.00
807.7034	0.00	0.00
808.1113	0.00	0.00
808.5363	0.00	0.00
808.9145	0.00	0.00
809.3035	0.00	0.00
809.6525	0.00	0.00
810.0404	0.00	0.00
810.4517	0.00	0.00
810.8635	0.00	0.00
811.3148	0.00	0.00
811.6636	0.00	0.00
812.0913	0.00	0.00
812.4855	0.00	0.00
812.8634	0.00	0.00
813.3098	0.00	0.00
813.6585	0.00	0.00
814.0613	0.00	0.00
814.4566	0.00	0.00
814.8634	0.00	0.00
815.2224	0.00	0.00
815.6384	0.00	0.00
816.0373	0.00	0.00
816.4773	0.00	0.00
816.8649	0.00	0.00
817.2150	0.00	0.00
817.6765	0.00	0.00
818.0766	0.00	0.00
818.4676	0.00	0.00
818.8594	0.00	0.00
819.2050	0.00	0.00
819.5897	0.00	0.00
819.9913	0.00	0.00
820.4057	0.00	0.00
820.6981	0.00	0.00
821.1096	0.00	0.00
821.5229	0.00	0.00
821.9487	0.00	0.00
822.3786	0.00	0.00
822.7257	0.00	0.00
823.0963	0.00	0.00
823.4404	0.00	0.00
823.7671	0.00	0.00
824.2002	0.00	0.00
824.6144	0.00	0.00
824.9943	0.00	0.00
825.4332	0.00	0.00
825.7693	0.00	0.00
826.1598	0.00	0.00
826.5807	0.00	0.00
827.0047	0.00	0.00
827.4072	0.00	0.00
827.7703	0.00	0.00
828.1812	0.00	0.00
828.5397	0.00	0.00
828.8816	0.00	0.00
829.2526	0.00	0.00
829.6744	0.00	0.00
830.0523	0.00	0.00
830.4413	0.00	0.00
830.8974	0.00	0.00
831.2594	0.00	0.00
831.7130	0.00	0.00
832.1348	0.00	0.00
832.5312	0.00	0.00
832.9345	0.00	0.00
833.4051	0.00	0.00
833.7631	0.00	0.00
834.1724	0.00	0.00
834.5665	0.00	0.00
834.9523	0.00	0.00
835.3961	0.00	0.00
835.7681	0.00	0.00
836.1871	0.00	0.00
836.6234	0.00	0.00
837.0514	0.00	0.00
837.4413	0.00	0.00
837.8860	0.00	0.00
838.2384	0.00	0.00
838.6232	0.00	0.00
839.0185	0.00	0.00
839.4695	0.00	0.00
839.8901	0.00	0.00
840.2308	0.00	0.00
840.6605	0.00	0.00
841.0673	0.00	0.00
841.4685	0.00	0.00
841.8936	0.00	0.00
842.2583	0.00	0.00
842.7090	0.00	0.00
843.2388	1248.24	1123.67
843.7285	762.35	725.79
844.1358	612.41	599.74
844.5772	554.64	553.28
845.0183	543.11	545.05
845.4419	548.20	548.53
845.8890	558.64	559.46
846.2353	571.60	574.22
846.6594	586.59	590.03
847.0866	599.32	600.49
847.4790	612.35	611.36
847.8330	619.69	618.78
848.2543	627.13	628.71
848.6694	635.14	634.22
849.0692	640.12	637.67
849.4767	644.71	642.84
849.8427	646.79	645.63
850.2664	651.38	647.25
850.6705	654.50	650.65
851.1127	656.24	651.20
851.5458	657.71	653.62
851.9849	657.46	654.20
852.3391	658.37	655.42
852.7504	659.47	656.23
853.1874	660.94	657.40
853.6174	661.03	657.05
854.0172	661.47	657.90
854.3665	657.51	657.92
854.7886	660.74	659.53
855.1952	661.01	659.68
855.5929	661.79	660.65
856.0199	664.51	660.61
856.3809	664.99	662.52
856.8074	662.65	662.72
857.2124	663.28	662.52
857.6440	666.11	662.16
858.0785	666.08	663.81
858.5146	665.75	664.05
858.8798	665.07	664.18
859.3087	666.75	664.64
859.7463	667.49	664.78
860.1844	664.81	665.37
860.6584	666.36	667.15
861.0932	671.34	665.75
861.5262	665.37	666.50
861.8771	664.36	664.36
862.3238	670.11	667.32
862.7060	667.13	667.17
863.1090	669.12	666.54
863.5583	666.76	667.04
863.9069	666.46	665.71
864.3111	667.72	666.63
864.7403	666.47	666.43
865.1196	671.07	666.28
865.5683	667.68	666.02
865.9209	669.87	666.68
866.3237	667.14	667.04
866.7423	665.68	666.11
867.1552	669.39	666.73
867.6100	666.64	666.32
867.9546	668.23	667.91
868.3842	666.81	667.02
868.7602	667.09	667.31
869.1622	667.66	664.54
869.4924	662.93	664.96
869.9066	663.44	664.12
870.3442	661.17	662.56
870.7832	661.49	661.65
871.1678	660.50	660.76
871.5104	660.82	662.13
871.9073	662.15	660.34
872.2845	659.73	660.24
872.6738	661.14	660.73
873.1265	660.77	659.64
873.4864	659.86	659.93
873.8766	655.62	657.83
874.3332	661.16	656.03
874.7552	656.32	655.26
875.1928	656.93	655.20
875.5315	652.22	655.26
875.9653	655.33	653.48
876.4179	653.86	654.14
876.8285	654.41	654.17
877.2759	655.16	654.01
877.6983	654.05	654.00
878.0417	652.11	653.08
878.4708	653.56	652.73
878.9121	651.47	652.34
879.3337	652.32	650.44
879.7643	649.68	651.40
880.2065	652.44	651.93
880.5459	652.62	651.42
880.9783	651.41	652.12
881.3825	651.39	651.37
881.7804	652.57	651.25
882.1862	651.92	652.42
882.5393	654.12	652.95
883.0004	654.16	653.44
883.4085	652.21	652.49
883.8071	650.63	651.99
884.2675	650.09	651.85
884.7130	651.05	650.93
885.0370	649.95	650.35
885.4427	650.11	650.01
885.8776	648.35	648.96
886.3044	649.52	650.24
886.7083	648.60	649.15
887.0516	645.63	648.49
887.4603	648.98	648.87
887.8620	649.71	649.81
888.2968	651.29	650.49
888.6320	650.88	650.32
889.0698	651.43	649.97
889.4786	648.50	648.95
889.9326	648.39	650.68
890.3595	650.95	649.90
890.7693	649.29	650.79
891.1304	650.82	651.73
891.5557	650.44	651.93
891.9451	651.18	651.66
892.3437	650.53	651.24
892.7762	650.68	650.51
893.1362	650.82	650.77
893.5652	649.31	650.97
893.9626	650.28	650.41
894.3902	651.62	651.22
894.8402	651.28	651.60
895.2898	652.62	652.24
895.6465	651.41	650.93
896.0747	649.62	650.63
896.5023	647.35	649.20
896.9101	648.48	649.10
897.3480	649.05	649.79
897.7968	651.27	651.42
898.1388	650.96	651.41
898.5791	650.53	652.26
898.9911	652.03	651.26
899.3776	651.14	652.06
899.7136	652.62	653.23
900.1119	650.93	652.51
900.5441	650.24	651.57
900.9884	648.76	649.92
901.3791	649.49	650.23
901.7183	647.42	649.11
902.1205	644.91	647.90
902.5120	646.60	648.55
902.9035	647.90	650.99
903.2421	648.20	649.24
903.6539	648.87	648.51
904.0201	648.73	649.44
904.3975	646.23	647.91
904.7349	646.50	649.01
905.1066	648.51	648.58
905.4950	648.77	647.98
905.9275	648.31	648.87
906.2808	649.47	650.20
906.6579	649.02	649.65
907.0510	649.48	649.58
907.4401	649.93	649.79
907.7836	650.61	651.05
908.2027	651.94	651.92
908.6082	653.34	652.35
908.9887	649.88	651.75
909.3950	652.05	652.26
909.7523	651.86	650.09
910.1156	649.48	651.26
910.4843	649.12	650.49
910.8849	646.98	651.11
911.2590	647.89	651.21
911.6820	649.52	651.33
912.0714	651.04	652.49
912.4589	651.21	652.55
912.8023	652.08	651.80
913.1883	653.22	651.75
913.5785	652.36	651.45
913.9836	649.93	652.35
914.3252	654.08	652.18
914.7142	651.51	651.06
915.1218	651.51	651.84
915.5454	651.99	651.94
915.9479	653.00	651.55
916.2995	649.85	651.99
916.6838	650.83	651.93
917.0870	652.42	652.44
917.4826	650.38	652.38
917.8273	653.94	651.80
918.2489	652.22	652.48
918.6486	653.75	653.76
919.0373	653.44	653.54
919.3956	654.65	653.12
919.7637	655.26	654.05
920.1437	653.07	654.38
920.5415	654.78	654.39
920.8861	653.14	653.60
921.2902	652.49	654.36
921.6694	655.36	654.29
922.0974	653.54	654.62
922.4295	655.80	654.52
922.8355	655.20	654.45
923.2214	656.60	654.79
923.6101	654.60	655.52
923.9501	655.83	655.91
924.3698	654.42	658.35
924.7296	657.04	657.43
925.1052	655.98	657.36
925.4452	657.49	657.10
925.8624	656.84	656.68
926.2801	657.85	656.89
926.6540	655.69	656.28
926.9561	656.28	655.84
927.3786	656.88	657.47
927.7922	656.15	656.78
928.2411	655.23	657.08
928.6258	657.08	655.88
928.9686	654.10	655.51
929.3834	652.31	655.77
929.8041	653.86	656.31
930.2124	656.28	656.15
930.5927	656.36	657.42
930.9449	656.35	655.68
931.2842	655.15	656.57
931.6688	658.95	657.26
932.0101	657.68	658.85
932.4283	658.90	657.87
932.8102	657.28	657.27
933.1787	655.55	657.14
933.5131	656.80	656.79
933.9496	656.40	656.74
934.4011	658.06	658.18
934.8131	657.28	657.48
935.2005	658.23	657.77
935.6350	657.92	657.95
935.9848	659.80	658.50
936.3660	661.66	658.54
936.7521	658.92	659.66
937.1470	659.75	660.66
937.4960	660.66	659.75
937.8669	660.22	660.33
938.2441	661.89	661.25
938.6457	664.27	663.39
939.0166	661.02	663.02
939.4530	659.95	661.22
939.8569	658.19	659.98
940.2390	660.91	659.46
940.6253	657.55	658.50
940.9753	658.34	659.25
941.3961	658.14	658.35
941.8012	656.96	659.28
942.2211	658.15	658.57
942.5704	658.39	658.29
942.9730	660.19	658.18
943.3632	659.11	658.27
943.7392	657.64	658.52
944.0902	659.96	658.34
944.4996	658.42	659.17
944.9365	659.75	658.94
945.3159	659.26	659.07
945.7201	658.40	660.10
946.0800	661.91	662.14
946.5029	664.62	662.34
946.8774	661.78	660.78
947.2584	659.42	659.56
947.6148	661.34	659.70
948.0372	655.89	659.08
948.4938	660.22	659.28
948.8612	659.80	659.60
949.2490	659.81	659.93
949.6066	659.29	658.37
949.9782	660.55	659.32
950.3794	658.83	658.89
950.7615	659.15	660.03
951.1241	658.07	660.04
951.4924	661.83	660.13
951.8895	663.52	659.74
952.3036	662.64	662.37
952.6354	663.34	661.34
953.0655	662.38	662.82
953.5044	661.72	662.36
953.8816	665.18	663.61
954.3090	663.66	664.71
954.6469	663.09	664.67
955.0699	665.40	664.37
955.4889	665.71	665.06
955.8782	665.12	665.02
956.2672	666.80	665.24
956.6103	668.47	664.93
957.0059	665.85	666.82
957.3973	668.61	666.03
957.8117	666.79	667.76
958.2343	667.56	668.31
958.6065	667.76	667.54
958.9674	666.28	666.72
959.3289	668.12	666.83
959.6463	667.43	666.48
960.0593	667.75	668.01
960.4558	667.53	668.12
960.8517	667.07	667.36
961.2503	665.30	667.64
961.6452	669.58	667.41
962.0412	668.63	668.12
962.4609	668.72	667.72
962.8546	667.33	668.20
963.2644	667.48	668.36
963.6661	669.02	668.75
964.1043	667.22	668.83
964.4988	669.22	668.49
964.9568	666.73	670.00
965.4174	672.39	670.16
965.8065	669.11	669.89
966.1844	668.68	669.42
966.5988	670.76	670.18
966.9619	667.73	668.73
967.3686	670.37	670.30
967.7276	670.26	669.47
968.1106	670.43	669.80
968.5121	670.09	669.72
968.9109	669.29	669.65
969.2718	670.47	670.51
969.6611	669.88	671.44
970.0640	671.64	672.07
970.4908	674.25	672.12
970.8818	671.75	671.92
971.2331	669.70	669.99
971.6123	671.72	669.62
971.9972	669.57	669.04
972.4019	668.36	668.38
972.7518	670.38	668.54
973.1191	668.32	668.73
973.5039	666.67	668.29
973.9149	671.45	669.68
974.2768	671.77	669.33
974.7038	669.90	669.94
975.1283	669.91	669.45
975.5488	667.92	668.93
975.9373	668.19	668.22
976.2762	668.96	668.93
976.6848	670.28	668.39
977.0658	671.18	668.91
977.4655	671.11	669.77
977.8061	671.81	669.90
978.2426	669.20	669.81
978.6542	671.46	669.48
979.0625	670.40	670.33
979.4481	668.91	669.57
979.7897	670.27	669.16
980.1948	669.47	668.74
980.5881	670.71	669.59
980.9798	669.52	668.75
981.3286	669.43	668.02
981.7360	671.69	669.03
982.1645	670.60	669.45
982.5660	672.18	668.87
982.8910	672.04	669.48
983.3080	670.51	668.52
983.6834	670.36	669.10
984.0871	671.52	668.90
984.5043	671.51	668.15
984.8516	669.84	668.56
985.2378	670.10	668.31
985.6126	671.89	668.22
986.0072	670.97	669.17
986.3679	668.96	669.02
986.8005	670.39	668.98
987.1841	668.95	669.07
987.5815	668.90	669.85
987.9136	671.91	669.87
988.3048	670.85	670.01
988.6955	670.98	670.38
989.0892	669.92	671.68
989.5018	670.53	670.12
989.8559	673.21	670.07
990.2389	673.01	668.96
990.6295	670.79	670.39
991.0227	670.67	668.73
991.3922	672.54	670.23
991.8048	670.95	669.15
992.1923	670.27	668.87
992.5758	670.81	669.77
992.9146	671.05	669.29
993.3264	670.67	670.38
993.7521	670.89	669.27
994.1494	670.96	669.99
994.5707	671.69	670.25
994.9059	672.89	670.36
995.3439	669.85	670.43
995.7560	671.97	671.32
996.1586	671.02	670.12
996.5988	671.81	669.74
997.0397	672.02	671.36
997.3918	670.38	670.36
997.7838	674.08	669.65
998.1784	673.81	669.56
998.6131	672.53	669.87
998.9548	670.34	669.87
999.3671	671.79	670.08
999.8063	670.77	669.55
1000.2495	668.18	670.04
1000.6705	671.88	670.78
1001.0578	671.31	670.31
1001.4179	671.78	670.26
1001.8508	672.22	670.75
1002.2347	673.55	670.59
1002.6294	673.40	672.61
1002.9680	674.21	673.49
1003.3956	675.16	672.84
1003.8170	675.74	672.64
1004.2164	673.30	673.05
1004.6120	674.77	671.47
1004.9492	675.00	672.47
1005.3651	674.53	671.97
1005.8095	673.70	672.89
1006.2198	673.93	673.00
1006.6527	676.21	673.86
1006.9922	676.49	674.78
1007.4276	674.42	674.95
1007.8447	674.57	674.11
1008.2557	675.18	673.12
1008.6771	674.15	673.23
1009.0325	676.24	672.48
1009.4594	673.67	673.34
1009.8647	676.11	672.22
1010.2761	673.57	673.14
1010.6969	677.19	674.10
1011.1475	677.17	673.18
1011.5009	674.33	673.57
1011.8877	675.44	673.62
1012.3109	677.34	673.99
1012.7124	676.10	674.73
1013.1547	677.89	674.39
1013.5347	678.32	675.09
1013.9925	679.27	676.54
1014.4153	675.67	674.99
1014.7914	679.23	676.52
1015.2390	679.53	678.19
1015.6897	680.86	678.90
1016.0497	681.10	677.63
1016.4832	677.20	676.76
1016.8525	677.09	676.32
1017.2423	676.95	675.20
1017.5938	676.39	675.86
1017.9836	678.10	675.02
1018.3625	677.65	675.12
1018.7507	678.34	675.96
1019.0873	678.84	676.36
1019.5213	678.10	675.14
1019.9013	678.09	674.36
1020.3421	677.85	676.00
1020.7369	677.62	674.56
1021.0640	678.46	675.47
1021.4653	677.28	674.74
1021.8968	679.44	675.35
1022.3005	676.90	676.44
1022.7507	678.99	677.18
1023.1149	678.50	676.40
1023.5425	679.89	678.71
1023.9961	678.98	677.98
1024.4207	682.20	678.46
1024.8607	680.46	679.18
1025.2971	682.77	679.24
1025.7250	682.97	679.14
1026.0778	682.76	680.32
1026.4989	683.15	680.80
1026.9246	682.65	680.01
1027.3540	683.50	680.86
1027.7827	683.27	680.18
1028.1281	684.38	682.61
1028.5527	685.26	682.83
1028.9718	682.93	682.38
1029.3702	684.96	681.23
1029.8110	683.24	680.85
1030.2419	683.56	679.97
1030.5876	679.93	678.66
1030.9819	680.08	677.72
1031.3542	680.43	678.17
1031.7570	679.96	677.65
1032.1062	680.40	677.55
1032.4968	678.59	676.60
1032.8682	679.87	677.91
1033.2698	677.74	677.50
1033.6356	681.71	677.87
1034.0537	679.60	678.46
1034.4389	679.35	677.92
1034.8380	681.36	677.97
1035.2740	680.47	677.84
1035.6240	679.47	678.75
1036.0686	682.24	677.56
1036.4548	680.21	677.46
1036.8807	678.92	676.25
1037.2920	679.31	675.65
1037.6573	680.60	676.15
1038.0916	680.37	676.24
1038.4786	682.28	676.88
1038.8648	679.34	675.63
1039.3135	679.34	676.03
1039.6618	677.10	677.42
1040.0609	677.97	677.74
1040.4522	679.85	677.29
1040.8818	679.99	677.30
1041.2176	680.70	676.60
1041.6357	681.63	677.80
1042.0308	680.33	677.61
1042.4284	681.68	677.55
1042.7627	681.21	677.72
1043.1739	681.23	678.63
1043.5563	681.99	679.87
1043.9425	682.14	679.42
1044.2874	682.32	678.33
1044.7058	682.97	679.77
1045.1369	682.50	679.01
1045.5879	682.99	681.39
1046.0252	685.51	680.52
1046.4508	685.02	682.66
1046.8945	684.24	681.74
1047.2028	683.26	682.40
1047.6338	684.43	681.64
1048.0699	686.81	682.78
1048.5232	685.46	684.39
1048.9602	688.84	683.96
1049.3911	685.97	684.31
1049.7474	688.04	682.47
1050.1755	686.43	681.28
1050.5860	681.76	680.56
1051.0204	683.46	680.47
1051.4506	683.40	681.08
1051.8941	681.46	680.43
1052.2474	684.58	679.33
1052.6626	683.81	679.82
1053.0629	684.34	679.29
1053.4632	684.76	679.67
1053.8979	682.84	679.00
1054.2563	683.47	680.09
1054.6938	683.79	680.25
1055.0660	684.39	682.14
1055.5236	684.46	681.62
1055.9427	683.42	681.85
1056.2827	685.13	680.16
1056.6988	682.13	681.46
1057.1246	685.87	681.00
1057.5051	684.50	681.91
1057.8973	685.05	680.33
1058.2321	682.73	680.90
1058.6226	683.62	680.89
1059.0221	682.92	680.22
1059.4157	684.47	679.64
1059.7754	684.38	680.06
1060.2274	683.13	680.45
1060.6501	683.79	680.36
1061.0706	683.70	681.23
1061.4945	685.40	680.25
1061.8439	683.99	681.01
1062.2788	683.84	680.73
1062.7076	683.41	680.61
1063.1437	683.30	680.28
1063.5510	684.60	680.26
1063.9993	683.92	680.79
1064.3446	685.69	680.39
1064.7885	682.40	680.47
1065.2301	681.17	680.43
1065.6349	682.38	680.37
1066.0507	684.09	680.06
1066.3868	683.12	679.27
1066.7916	684.92	680.51
1067.2016	685.22	680.16
1067.6546	684.24	680.65
1068.0859	682.29	681.42
1068.5519	684.81	681.40
1068.8897	684.63	681.74
1069.3253	683.38	682.05
1069.7613	684.26	681.36
1070.1597	684.02	681.57
1070.5731	683.08	681.45
1070.9091	683.23	680.26
1071.3386	683.08	681.91
1071.7753	686.38	680.41
1072.2193	684.57	681.42
1072.6323	686.58	681.96
1073.0258	684.65	682.77
1073.3677	684.99	682.48
1073.7882	689.68	682.87
1074.1956	686.48	681.57
1074.5943	687.51	683.01
1074.9220	689.25	685.86
1075.3149	688.28	686.14
1075.7391	690.02	685.86
1076.1593	686.25	685.33
1076.6060	688.23	684.49
1077.0436	687.49	684.72
1077.3965	686.77	684.15
1077.8489	686.47	682.61
1078.2933	685.93	682.39
1078.7046	685.97	682.17
1079.0983	686.09	682.78
1079.4578	687.57	682.59
1079.8872	684.75	684.78
1080.3339	688.62	683.28
1080.7251	689.65	684.15
1081.1335	685.48	683.93
1081.5051	688.12	683.83
1081.9427	687.78	685.66
1082.3865	686.61	684.70
1082.8248	686.56	684.51
1083.2328	687.76	684.41
1083.6746	687.31	685.13
1084.0176	687.86	683.82
1084.4697	687.70	684.96
1084.8648	686.92	684.50
1085.2793	689.65	685.26
1085.6961	687.49	686.16
1086.0279	689.49	684.69
1086.4589	689.04	685.44
1086.8677	689.28	684.85
1087.2812	689.09	685.10
1087.6971	689.96	685.59
1088.0329	689.95	685.65
1088.4364	688.59	685.87
1088.8261	689.06	687.13
1089.2089	690.17	686.35
1089.6487	689.23	686.42
1089.9925	687.64	685.10
1090.3785	687.73	683.30
1090.7895	685.98	683.81
1091.2065	689.05	684.83
1091.6527	687.41	685.55
1091.9956	687.43	684.84
1092.4211	689.93	684.66
1092.8388	688.65	685.84
1093.2559	688.74	686.11
1093.6430	691.22	686.08
1093.9850	689.87	686.35
1094.3764	690.73	685.92
1094.8155	689.98	685.42
1095.2036	690.78	686.01
1095.5369	688.60	685.62
1095.9571	689.25	684.62
1096.3918	688.40	684.34
1096.8207	688.06	684.75
1097.2072	689.40	684.57
1097.5518	686.78	684.97
1097.9560	687.18	684.55
1098.3836	686.91	683.75
1098.8138	687.65	684.61
1099.2245	688.47	684.79
1099.6455	685.04	685.21
1099.9868	686.73	684.98
1100.3797	687.86	684.41
1100.8361	688.02	684.38
1101.2915	688.73	684.18
1101.7076	689.56	685.79
1102.1664	688.58	685.60
1102.5340	690.35	686.94
1102.9564	689.16	686.67
1103.4107	687.90	686.13
1103.8394	691.36	687.23
1104.2664	690.14	686.75
1104.7110	690.04	687.36
1105.1805	690.39	687.27
1105.5385	687.56	686.82
1105.9477	689.26	687.36
1106.3874	688.47	685.96
1106.8285	688.30	686.10
1107.2740	691.43	686.35
1107.6492	690.53	686.83
1107.9874	691.94	686.90
1108.4337	690.90	686.25
1108.8319	691.58	688.95
1109.2691	690.77	687.80
1109.7085	692.69	688.23
1110.1498	691.20	690.89
1110.5000	694.94	691.36
1110.9504	695.34	692.23
1111.4055	696.15	691.61
1111.8249	694.00	691.23
1112.2788	692.70	689.72
1112.7109	693.09	690.45
1113.0401	692.97	690.03
1113.4466	692.43	689.23
1113.8423	691.90	689.36
1114.2401	692.84	690.03
1114.5796	693.57	690.23
1115.0064	693.33	689.51
1115.4614	693.78	689.29
1115.8626	692.76	689.14
1116.2626	692.38	690.12
1116.7147	692.58	690.50
1117.0626	692.36	689.64
1117.4877	693.06	692.44
1117.9009	695.44	691.79
1118.3058	695.59	691.67
1118.7477	694.64	691.44
1119.0923	692.70	689.96
1119.4821	693.60	690.15
1119.9295	694.75	690.46
1120.3827	692.79	688.95
1120.7956	693.16	690.36
1121.2599	693.68	691.39
1121.6217	696.03	689.57
1122.0347	692.08	689.67
1122.4725	691.49	688.47
1122.8524	692.24	689.56
1123.2476	691.51	688.49
1123.5939	692.71	689.19
1124.0453	693.17	689.72
1124.4989	692.64	689.09
1124.9477	692.11	689.56
1125.3384	690.95	687.65
1125.7881	692.10	687.45
1126.1403	691.89	688.59
1126.6119	689.79	688.10
1127.0078	689.50	687.17
1127.4635	691.44	687.85
1127.9210	690.49	689.35
1128.3426	691.70	689.13
1128.7851	691.15	689.04
1129.1299	692.95	689.03
1129.5740	691.21	689.04
1129.9976	691.79	688.53
1130.4445	692.40	689.99
1130.9086	691.32	691.31
1131.3332	695.04	693.09
1131.7778	694.58	693.52
1132.1229	696.02	692.88
1132.6011	693.77	692.69
1133.0196	693.82	691.55
1133.4924	693.52	691.02
1133.9018	693.78	689.97
1134.3321	692.65	691.87
1134.7737	695.00	690.88
1135.1241	694.33	691.88
1135.5979	693.52	692.18
1136.0020	694.83	693.06
1136.4862	696.02	693.88
1136.8993	695.16	693.44
1137.3355	695.63	692.93
1137.7832	695.24	694.04
1138.1263	697.43	694.32
1138.6004	695.53	695.23
1139.0075	697.68	693.92
1139.4210	695.95	695.62
1139.8688	698.93	694.79
1140.3074	697.21	695.84
1140.7763	698.68	696.51
1141.1165	701.00	697.11
1141.5731	700.10	697.50
1142.0287	699.50	698.66
1142.4615	700.76	698.30
1142.9111	701.64	699.37
1143.3292	701.56	698.26
1143.7804	700.51	696.52
1144.1253	698.82	695.62
1144.5933	696.70	695.02
1145.0213	696.23	694.58
1145.4802	695.84	694.68
1145.9188	697.23	695.00
1146.3406	697.92	694.34
1146.7828	698.10	696.03
1147.1315	697.36	695.31
1147.5970	698.29	695.94
1148.0302	697.44	696.62
1148.4439	697.55	696.41
1148.8874	700.20	696.62
1149.2912	698.36	695.54
1149.6495	697.66	695.60
1150.0728	697.07	694.49
1150.5212	696.74	692.73
1150.9679	696.73	693.90
1151.4182	695.39	693.76
1151.8397	697.65	694.67
1152.2879	696.73	695.76
1152.6449	695.78	694.90
1153.0893	698.14	695.70
1153.5406	698.52	696.19
1154.0055	698.22	697.01
1154.4142	698.88	697.54
1154.8652	698.64	697.27
1155.3176	699.54	698.81
1155.6702	700.23	699.34
1156.1094	700.08	699.41
1156.5577	700.99	698.99
1157.0099	699.78	698.41
1157.4512	700.10	699.17
1157.8826	700.59	698.40
1158.2122	698.51	698.63
1158.6313	699.92	698.75
1159.0622	702.68	698.54
1159.5068	700.74	698.84
1159.9643	701.50	700.12
1160.3826	701.74	699.91
1160.8281	700.22	699.67
1161.1634	703.09	700.51
1161.5536	701.59	700.68
1161.9980	703.26	700.49
1162.4213	703.24	701.65
1162.8667	703.37	701.95
1163.2154	703.99	702.19
1163.6623	702.83	702.43
1164.0956	702.48	700.28
1164.5551	702.13	698.41
1164.9950	699.70	698.88
1165.4111	698.33	696.78
1165.8621	700.24	698.21
1166.2005	699.70	698.26
1166.6338	700.38	698.10
1167.0516	697.94	698.10
1167.4969	696.81	697.98
1167.8873	697.11	696.96
1168.2208	698.95	697.25
1168.6635	697.99	697.31
1169.1010	698.88	697.94
1169.5460	700.45	697.06
1169.9892	697.91	697.97
1170.4334	699.53	696.88
1170.8797	699.24	697.31
1171.2251	697.09	697.09
1171.6383	699.37	697.32
1172.0851	697.73	696.86
1172.5214	696.25	696.45
1172.9204	699.06	695.43
1173.2728	698.46	695.50
1173.7275	698.69	695.78
1174.1202	697.95	696.45
1174.5997	698.25	696.08
1175.0414	700.68	696.46
1175.3673	700.36	696.80
1175.7833	697.69	696.72
1176.1752	699.38	697.55
1176.6387	700.13	697.57
1177.0657	701.27	699.06
1177.5003	702.49	700.21
1177.8414	702.32	701.43
1178.2808	702.36	701.75
1178.6994	704.68	702.40
1179.1495	706.44	702.79
1179.5898	704.69	703.32
1180.0576	706.64	702.86
1180.3897	706.14	702.43
1180.8529	703.59	702.98
1181.2763	704.28	702.90
1181.7316	704.46	704.03
1182.1528	702.78	702.19
1182.5696	702.76	700.75
1182.9113	702.19	699.29
1183.3402	701.79	699.88
1183.7905	699.69	697.83
1184.2003	699.92	698.11
1184.6519	700.20	698.07
1185.1055	699.38	699.20
1185.4462	699.74	697.39
1185.8947	700.37	698.53
1186.3502	701.40	699.40
1186.7658	701.77	700.16
1187.1857	703.06	701.26
1187.6594	703.74	702.19
1188.0073	702.77	702.01
1188.4299	702.96	701.53
1188.8716	702.14	702.20
1189.2901	704.90	701.98
1189.7393	704.48	702.56
1190.1912	704.79	703.57
1190.6413	705.69	705.55
1191.0021	707.00	704.24
1191.4513	706.97	704.96
1191.9194	706.40	705.30
1192.3324	708.19	705.21
1192.7744	706.50	705.76
1193.2317	707.40	705.67
1193.6837	708.18	707.66
1194.0169	707.73	707.63
1194.4408	706.12	705.13
1194.9019	704.49	702.16
1195.3422	702.39	702.63
1195.8059	703.83	701.72
1196.2498	702.32	702.11
1196.6780	704.36	701.22
1197.0422	702.68	701.82
1197.4902	701.50	701.17
1197.9533	704.45	701.67
1198.3862	703.63	701.37
1198.8322	702.87	700.99
1199.2625	703.57	703.53
1199.7159	704.37	703.07
1200.0810	704.37	702.44
1200.5286	705.40	702.80
1200.9833	703.82	704.11
1201.3935	705.12	703.87
1201.7626	704.73	704.68
1202.1059	708.30	704.12
1202.5527	706.51	705.92
1203.0004	706.09	706.63
1203.4059	706.17	705.12
1203.7946	707.27	706.16
1204.2278	707.10	706.94
1204.5763	707.16	706.54
1204.9662	707.78	705.93
1205.3581	706.91	706.60
1205.7515	708.43	707.26
1206.1028	707.76	707.57
1206.4533	706.73	705.93
1206.8352	707.93	704.92
1207.2506	706.33	705.28
1207.5830	708.35	706.22
1207.9987	707.11	705.88
1208.4197	707.10	706.30
1208.8148	708.42	706.46
1209.1533	709.10	705.48
1209.5505	707.40	707.30
1209.9298	707.23	705.93
1210.3122	708.70	707.18
1210.6663	709.34	707.55
1211.0601	709.25	709.37
1211.4349	707.81	707.80
1211.8241	709.75	707.43
1212.2674	710.36	708.06
1212.6106	710.88	708.01
1213.0075	709.57	708.39
1213.4401	708.97	708.99
1213.8818	710.12	709.66
1214.3107	710.61	710.88
1214.6466	711.15	709.38
1215.0720	709.80	708.74
1215.5095	707.66	706.15
1215.8914	707.92	706.93
1216.3316	708.82	707.44
1216.6703	707.91	706.41
1217.0658	708.61	708.39
1217.4359	709.12	707.29
1217.8445	706.96	704.13
1218.1903	704.10	704.26
1218.6052	704.27	702.95
1219.0055	704.46	703.57
1219.4201	703.16	702.64
1219.8209	703.50	702.45
1220.1784	703.65	702.76
1220.6136	705.57	702.82
1221.0212	702.10	704.08
1221.4287	704.07	703.17
1221.7628	704.04	703.89
1222.1869	704.85	704.97
1222.6000	706.08	704.18
1223.0378	705.86	703.21
1223.4587	704.92	702.74
1223.8534	703.20	704.18
1224.2145	705.11	704.78
1224.6004	706.02	704.01
1224.9918	705.89	703.02
1225.4085	707.10	704.64
1225.7501	707.59	705.60
1226.1852	708.21	706.42
1226.6263	706.17	705.93
1227.0301	707.89	704.38
1227.4326	706.32	704.73
1227.7746	705.26	703.76
1228.1651	704.20	702.99
1228.5619	703.92	704.09
1228.9396	705.39	702.81
1229.2771	705.01	703.87
1229.6753	705.44	703.59
1230.0690	706.73	704.18
1230.5041	706.91	705.22
1230.8899	705.54	704.14
1231.2366	706.68	704.77
1231.6227	705.02	706.82
1232.0056	709.09	707.33
1232.4426	709.20	707.88
1232.7813	708.46	707.64
1233.1971	710.00	707.31
1233.6156	708.85	707.92
1234.0193	708.35	707.02
1234.4593	709.04	706.93
1234.8854	707.31	704.17
1235.2478	705.52	705.22
1235.6877	705.86	703.97
1236.0853	705.33	702.43
1236.5013	705.05	704.18
1236.9487	704.19	704.12
1237.3944	704.72	703.88
1237.7443	706.21	703.64
1238.1898	703.59	704.00
1238.6200	704.60	702.41
1239.0175	705.35	703.29
1239.4379	705.74	703.02
1239.7885	705.21	703.45
1240.2233	704.13	703.44
1240.6330	704.18	702.02
1241.0449	705.82	702.77
1241.4595	705.98	703.56
1241.8937	704.48	704.10
1242.2418	704.23	703.79
1242.6480	705.48	704.44
1243.0695	706.15	704.98
1243.4875	706.98	705.66
1243.8258	708.63	707.17
1244.2326	708.07	707.59
1244.6024	707.61	707.75
1244.9984	709.57	708.46
1245.3368	710.59	708.24
1245.7465	709.99	708.27
1246.1756	708.55	707.19
1246.6117	708.46	706.19
1246.9970	709.42	707.21
1247.3236	707.72	706.84
1247.7483	708.85	708.42
1248.1851	709.85	708.22
1248.6220	707.80	708.21
1249.0472	710.74	708.51
1249.4310	710.62	709.79
1249.7756	710.40	708.10
1250.1749	708.29	707.74
1250.5510	707.23	707.64
1250.9675	707.28	705.38
1251.3075	706.48	704.90
1251.6890	706.09	706.51
1252.0903	707.97	704.74
1252.5054	708.30	704.39
1252.8550	705.81	705.47
1253.3087	705.67	703.71
1253.6883	706.60	705.21
1254.0751	706.56	705.61
1254.4160	705.57	706.51
1254.8326	707.06	705.57
1255.2604	707.04	706.15
1255.6360	706.20	705.85
1256.0903	707.67	707.33
1256.5181	708.33	705.12
1256.8737	705.48	706.57
1257.3460	706.82	706.05
1257.7574	707.08	706.63
1258.1925	706.85	707.12
1258.5806	709.01	707.24
1258.9124	708.40	707.80
1259.3224	708.24	707.07
1259.6980	709.89	707.56
1260.1355	709.06	708.22
1260.5306	710.47	709.33
1260.8764	707.67	709.47
1261.2798	710.19	708.99
1261.6535	710.54	708.49
1262.0811	710.15	708.92
1262.4384	711.26	708.81
1262.8505	709.59	711.68
1263.3110	710.92	710.69
1263.7440	711.81	711.12
1264.1784	712.89	711.15
1264.5937	711.63	711.49
1264.9482	711.05	711.25
1265.3560	711.02	711.80
1265.7916	713.42	711.28
1266.1883	711.80	711.25
1266.6177	713.91	713.83
1266.9836	712.46	711.62
1267.4079	713.10	711.77
1267.8031	714.70	712.57
1268.2631	714.49	712.73
1268.6757	716.05	715.23
1269.1238	715.62	714.55
1269.4824	713.44	715.29
1269.8870	714.31	714.24
1270.3022	715.71	715.52
1270.6919	716.27	714.79
1271.0305	715.83	716.59
1271.4532	716.35	715.23
1271.8775	718.44	716.19
1272.3188	715.59	714.32
1272.7195	715.37	717.59
1273.1650	719.76	717.37
1273.5110	718.35	716.53
1273.9597	717.71	716.52
1274.3761	717.01	716.74
1274.8110	716.39	716.46
1275.2512	717.81	716.90
1275.6417	717.28	717.01
1276.0004	718.85	717.02
1276.4265	717.80	716.04
1276.8200	718.32	716.37
1277.1917	717.23	716.22
1277.5287	715.99	717.77
1277.9529	716.94	717.31
1278.3846	716.01	718.14
1278.8183	716.94	717.62
1279.2565	719.73	717.26
1279.6433	717.48	716.80
1280.0145	718.09	717.63
1280.4336	718.77	718.07
1280.8463	718.62	719.14
1281.2885	720.06	717.92
1281.7064	719.65	719.47
1282.1589	716.92	717.59
1282.4944	716.27	716.72
1282.9389	716.64	714.67
1283.3770	714.79	714.15
1283.7586	712.33	712.99
1284.1944	714.16	713.58
1284.5293	716.13	713.61
1284.9532	713.98	713.05
1285.3979	714.66	713.97
1285.8193	716.70	713.08
1286.2837	714.35	713.32
1286.7022	713.95	713.83
1287.0358	714.39	714.59
1287.4641	714.68	714.62
1287.9209	715.30	715.20
1288.3180	715.67	715.68
1288.7140	716.77	715.04
1289.1346	715.80	714.99
1289.4937	717.73	715.17
1289.9301	713.84	716.22
1290.3058	715.82	715.86
1290.6917	716.19	716.92
1291.0287	716.69	715.89
1291.4620	715.82	715.65
1291.8724	714.35	714.56
1292.2515	713.00	712.93
1292.6438	711.99	712.46
1292.9964	712.77	712.34
1293.4398	713.29	712.74
1293.8190	713.89	712.76
1294.2861	715.57	713.73
1294.7044	715.80	713.71
1295.1606	715.08	715.00
1295.5230	713.78	714.18
1295.9162	715.02	715.51
1296.3315	716.44	714.63
1296.7603	714.92	714.45
1297.1742	713.46	713.63
1297.5135	714.38	713.64
1297.9681	714.18	714.12
1298.4069	717.02	714.14
1298.8063	715.62	716.73
1299.2542	717.79	716.83
1299.7139	717.98	718.46
1300.0745	718.11	719.29
1300.5009	718.85	718.37
1300.9431	720.33	718.32
1301.3789	719.35	717.72
1301.7597	718.36	719.38
1302.2688	720.17	719.50
1302.6990	720.60	719.73
1303.0529	719.82	719.51
1303.4853	721.98	721.41
1303.9230	718.81	720.60
1304.3589	720.35	717.93
1304.7551	719.65	716.55
1305.1892	716.59	715.60
1305.5367	714.89	715.35
1305.9524	715.90	715.03
1306.3815	716.13	716.62
1306.8205	716.37	716.10
1307.2564	714.90	715.74
1307.7119	716.49	715.67
1308.0611	714.24	715.47
1308.4745	715.01	715.31
1308.8605	715.52	715.59
1309.3242	716.56	714.82
1309.7395	715.15	715.36
1310.1909	715.13	715.83
1310.5500	715.40	715.24
1310.9926	714.58	716.63
1311.4440	716.12	714.68
1311.8823	714.65	714.65
1312.3148	714.90	713.57
1312.7483	714.80	715.08
1313.1939	717.97	714.46
1313.5581	714.97	714.53
1313.9625	713.96	714.02
1314.4024	716.53	714.99
1314.8489	715.61	715.41
1315.2839	717.64	716.09
1315.6238	717.30	715.34
1316.0797	717.81	716.08
1316.4763	715.73	716.35
1316.9429	719.47	718.12
1317.3732	721.42	719.68
1317.8046	720.51	719.45
1318.2605	719.70	718.45
1318.6074	719.22	719.50
1319.0525	719.04	718.87
1319.4787	718.88	718.60
1319.9108	719.49	719.48
1320.3164	717.41	717.82
1320.7608	717.86	718.97
1321.1076	719.14	718.37
1321.5129	717.37	716.39
1321.9731	717.21	716.64
1322.3808	717.39	717.99
1322.7805	716.33	717.65
1323.1291	717.13	718.02
1323.5848	718.18	718.56
1324.0442	720.66	720.22
1324.4554	721.53	720.75
1324.8853	721.19	719.84
1325.3255	718.83	719.27
1325.6561	721.00	719.39
1326.0857	720.40	719.41
1326.5144	721.31	721.23
1326.9369	721.35	719.24
1327.3770	720.72	721.04
1327.7839	721.60	719.82
1328.1313	720.01	720.15
1328.5876	722.63	721.23
1329.0093	722.15	721.58
1329.4575	719.45	722.04
1329.8928	722.49	719.54
1330.3518	720.14	719.29
1330.7855	719.02	720.06
1331.1368	720.15	718.91
1331.5619	717.89	718.70
1331.9584	718.06	718.85
1332.4020	719.56	719.07
1332.8404	719.66	719.23
1333.2995	717.97	718.52
1333.6480	716.77	717.08
1334.0944	716.88	716.75
1334.5551	716.72	716.29
1334.9666	717.68	716.87
1335.4042	716.07	716.13
1335.8470	717.40	716.33
1336.3081	717.37	717.10
1336.6465	719.29	717.88
1337.1062	716.89	717.26
1337.5239	716.96	718.62
1337.9200	719.91	719.77
1338.3499	719.02	717.58
1338.6766	719.43	718.21
1339.1055	716.70	719.08
1339.5458	721.17	718.92
1340.0016	719.36	719.69
1340.4349	718.03	718.57
1340.8370	718.09	718.38
1341.1821	720.30	719.00
1341.5824	716.91	717.86
1341.9748	719.60	718.65
1342.4278	718.82	718.41
1342.8736	719.65	719.64
1343.2281	719.03	720.09
1343.6621	719.54	718.81
1344.0548	719.18	718.55
1344.5048	717.33	718.06
1344.9507	719.21	718.46
1345.3805	717.74	717.35
1345.7265	717.62	717.57
1346.1329	717.79	717.68
1346.5679	716.48	718.19
1346.9807	717.84	718.59
1347.4046	717.61	717.85
1347.7472	717.00	717.49
1348.1691	718.41	715.72
1348.5546	717.65	716.89
1348.9507	718.46	717.74
1349.4078	719.08	719.01
1349.7403	717.66	719.11
1350.1416	719.58	719.66
1350.5814	720.46	719.10
1351.0329	717.48	719.18
1351.4720	718.60	720.58
1351.9048	719.07	717.51
1352.2553	718.58	718.44
1352.7156	717.62	718.52
1353.1437	716.32	718.96
1353.5923	718.50	717.35
1354.0001	721.74	719.70
1354.4277	719.14	718.32
1354.7769	718.58	718.79
1355.1718	718.74	719.11
1355.6285	718.86	720.16
1356.0500	721.54	720.67
1356.4518	719.19	719.96
1356.7807	718.60	719.40
1357.1943	719.90	721.01
1357.6300	720.73	719.65
1358.0581	722.12	721.19
1358.4711	722.75	721.06
1358.8132	724.45	721.96
1359.2259	719.44	720.29
1359.6784	720.44	720.05
1360.1109	721.73	719.46
1360.5480	720.72	720.99
1361.0003	720.90	719.72
1361.3457	724.09	719.93
1361.7939	720.20	721.66
1362.1827	721.99	720.48
1362.5801	721.38	720.57
1362.9100	719.05	719.57
1363.3306	720.40	719.00
1363.7717	719.35	718.45
1364.2247	718.09	718.93
1364.6626	719.86	720.19
1365.0919	721.82	719.72
1365.5200	721.11	719.90
1365.8727	722.33	720.73
1366.3541	720.95	721.18
1366.7577	725.09	723.66
1367.1917	723.03	723.17
1367.5781	723.26	723.62
1368.0272	722.74	722.68
1368.3767	721.76	722.13
1368.8389	721.07	720.26
1369.2638	721.57	719.69
1369.6964	720.11	719.47
1370.1029	720.15	720.34
1370.5177	720.73	720.82
1370.8787	719.61	719.55
1371.3471	719.72	721.07
1371.7517	722.08	721.62
1372.1532	721.99	722.22
1372.5767	723.25	724.01
1372.9100	722.62	723.60
1373.3342	723.82	723.55
1373.7607	723.76	724.21
1374.1980	724.27	724.95
1374.5957	724.27	726.19
1375.0325	723.76	725.37
1375.3853	724.33	724.40
1375.8261	723.63	724.36
1376.2709	724.81	724.64
1376.7015	723.39	724.49
1377.0913	725.37	723.94
1377.5226	724.11	724.25
1377.8671	725.83	724.81
1378.3450	725.79	724.93
1378.7521	725.38	725.16
1379.2270	725.36	724.81
1379.6466	725.80	725.30
1380.0822	726.19	726.14
1380.5250	727.75	727.98
1380.8669	726.01	726.83
1381.3186	726.09	727.63
1381.7616	725.88	726.66
1382.2141	727.02	727.08
1382.6599	727.41	728.38
1383.0871	726.38	728.84
1383.5573	728.50	728.61
1383.8972	728.28	728.51
1384.3455	726.62	729.55
1384.7557	727.13	727.87
1385.2101	729.88	728.29
1385.6440	726.92	728.25
1386.0883	728.22	729.27
1386.5359	728.57	730.38
1386.8829	731.92	729.40
1387.3320	729.37	730.50
1387.7558	730.44	730.17
1388.2381	730.16	730.69
1388.6629	729.40	730.20
1389.0941	731.72	731.73
1389.5203	732.95	732.79
1389.8675	730.17	732.17
1390.3096	728.86	730.60
1390.6934	728.05	729.05
1391.0983	727.85	728.38
1391.5286	727.21	727.58
1391.8741	725.93	726.78
1392.3348	724.43	726.31
1392.7710	724.01	726.04
1393.2412	724.02	725.56
1393.6376	724.17	725.77
1394.0870	723.82	726.91
1394.5566	723.42	726.66
1394.8980	724.44	725.85
1395.3443	723.56	726.40
1395.7495	724.19	726.27
1396.1945	723.71	725.38
1396.6415	725.36	723.84
1397.0999	724.47	725.02
1397.5249	725.74	726.36
1397.8641	724.35	725.89
1398.2904	725.66	725.63
1398.6947	726.23	726.87
1399.1535	726.69	727.12
1399.5846	728.07	727.68
1400.0293	728.32	728.25
1400.3750	727.24	729.22
1400.8182	728.29	729.28
1401.2171	731.06	729.87
1401.6198	730.12	730.42
1401.9591	727.93	728.50
1402.4197	725.42	728.30
1402.8241	727.55	727.18
1403.2579	725.68	726.69
1403.6915	724.81	726.44
1404.1428	725.16	725.41
1404.5954	727.85	726.68
1404.9388	726.36	726.53
1405.3703	726.55	727.28
1405.8066	726.08	727.00
1406.2540	727.90	728.07
1406.6989	726.16	729.42
1407.1402	727.80	728.21
1407.6006	729.90	729.25
1407.9647	730.68	729.51
1408.4037	729.72	728.73
1408.8447	726.33	728.74
1409.2797	728.76	728.48
1409.7332	728.71	729.31
1410.1798	727.70	728.78
1410.6066	728.73	728.41
1410.9581	728.21	727.58
1411.3573	726.85	728.39
1411.8021	728.45	728.67
1412.2462	728.09	727.42
1412.6832	727.26	728.55
1413.1247	729.26	727.96
1413.4763	729.18	727.78
1413.9506	728.09	728.05
1414.3778	727.29	727.05
1414.7969	727.85	726.29
1415.2457	725.05	725.69
1415.6985	727.14	726.11
1416.1318	726.81	726.92
1416.4944	725.44	725.56
1416.9355	726.34	725.87
1417.3931	726.28	726.19
1417.8319	726.25	726.01
1418.2862	726.40	725.07
1418.7098	724.61	726.10
1419.1553	729.83	726.88
1419.5143	726.31	727.07
1419.9500	726.10	728.17
1420.4152	727.10	726.40
1420.8367	727.01	729.08
1421.2917	729.72	728.05
1421.7163	728.15	728.56
1422.1508	730.75	729.23
1422.5012	729.45	730.81
1422.9699	730.22	731.23
1423.3835	729.32	731.15
1423.8265	731.20	730.32
1424.2741	727.63	728.50
1424.7231	727.31	728.88
1425.1525	728.12	728.53
1425.5254	726.71	726.65
1425.9718	725.45	727.44
1426.4210	727.07	726.63
1426.8230	728.21	727.88
1427.2870	727.32	727.28
1427.7097	725.94	727.17
1428.1775	727.14	727.50
1428.5432	725.02	726.69
1428.9774	729.14	726.64
1429.4112	725.86	727.11
1429.8305	726.76	727.54
1430.2727	727.29	726.16
1430.7340	727.93	728.28
1431.1615	728.41	728.63
1431.5086	729.91	729.09
1431.9682	728.49	728.83
1432.4327	729.60	727.44
1432.8288	727.58	726.63
1433.2791	727.84	728.36
1433.7046	726.65	728.72
1434.1692	727.67	729.04
1434.5252	729.29	727.70
1434.9526	727.49	728.16
1435.3894	730.34	729.34
1435.8327	728.28	729.22
1436.2678	727.35	727.83
1436.7099	730.71	729.42
1437.0390	731.47	729.49
1437.4778	730.45	730.04
1437.8930	729.67	730.92
1438.3680	729.32	730.20
1438.7764	731.80	730.49
1439.2195	730.16	731.21
1439.6895	733.63	731.78
1440.0359	731.50	731.74
1440.5171	732.85	732.20
1440.9597	733.86	734.23
1441.3964	735.47	734.73
1441.8413	733.03	733.40
1442.2919	732.87	733.04
1442.7159	734.15	734.09
1443.1529	734.09	734.47
1443.4925	734.06	733.96
1443.9507	734.33	734.23
1444.3948	734.36	734.11
1444.8342	733.90	734.07
1445.2797	735.02	735.57
1445.7074	736.33	734.22
1446.1797	736.72	734.63
1446.5216	736.57	735.04
1446.9692	735.29	734.86
1447.3995	736.79	735.18
1447.8347	734.67	736.55
1448.2460	736.17	735.95
1448.7062	736.77	734.38
1449.0480	734.82	735.05
1449.4919	735.27	734.63
1449.9649	735.00	734.82
1450.3687	733.52	734.51
1450.8331	735.43	735.51
1451.2604	734.46	735.22
1451.7217	736.99	734.09
1452.0641	732.89	734.08
1452.5033	734.22	733.22
1452.9615	733.68	732.94
1453.3994	733.02	732.20
1453.8587	732.91	731.25
1454.2872	732.75	730.38
1454.7505	731.80	732.01
1455.1102	730.90	730.94
1455.5526	729.45	731.59
1456.0114	733.67	731.84
1456.4368	732.09	731.53
1456.9004	729.83	731.68
1457.3349	733.26	731.70
1457.7839	731.23	731.52
1458.1283	733.64	730.96
1458.6088	730.96	731.38
1459.0477	731.19	730.75
1459.4684	731.17	731.92
1459.9284	729.85	731.42
1460.3508	734.07	731.89
1460.7947	733.85	733.53
1461.1522	734.54	733.78
1461.6126	731.63	732.69
1462.0572	734.10	733.68
1462.5094	734.24	734.25
1462.9514	733.16	732.97
1463.3920	734.35	734.43
1463.8553	735.60	735.26
1464.1964	733.33	734.91
1464.6391	735.76	734.72
1465.0683	738.57	736.64
1465.5118	735.98	735.45
1465.9746	736.67	734.47
1466.4332	735.01	734.01
1466.8617	733.68	733.43
1467.2020	734.66	733.36
1467.6872	732.37	732.97
1468.1028	731.93	731.25
1468.5225	733.15	731.50
1468.9448	734.52	732.48
1469.2798	731.25	731.70
1469.7185	732.38	732.67
1470.1633	731.63	732.81
1470.5879	732.63	732.98
1471.0361	734.42	732.31
1471.4669	731.84	733.55
1471.9164	733.07	732.69
1472.2743	732.50	733.76
1472.7153	733.05	733.02
1473.1690	734.27	734.47
1473.5923	735.58	734.87
1474.0459	734.82	734.39
1474.4831	735.54	734.74
1474.9255	732.99	734.16
1475.2742	733.86	732.68
1475.7434	732.03	733.12
1476.1563	734.27	731.70
1476.5834	732.19	733.20
1477.0364	731.65	732.45
1477.4834	732.91	732.96
1477.9214	733.38	732.49
1478.2630	732.99	732.27
1478.7412	733.03	732.59
1479.1617	733.42	732.98
1479.6246	733.53	734.25
1480.0660	732.51	733.97
1480.5435	734.20	733.63
1480.9867	735.50	734.19
1481.4601	734.50	733.79
1481.7967	733.33	732.67
1482.2394	733.28	733.36
1482.6413	733.26	731.39
1483.0339	734.22	732.95
1483.4643	732.18	732.20
1483.8035	732.74	732.45
1484.2261	732.66	732.51
1484.6863	733.68	732.30
1485.0983	733.37	732.51
1485.5439	732.48	732.61
1485.9706	732.53	733.50
1486.4277	733.59	733.54
1486.7761	731.63	733.07
1487.2187	733.64	733.72
1487.6533	732.44	733.15
1488.1008	734.59	734.10
1488.5456	736.89	734.75
1488.9828	735.61	733.82
1489.4143	735.00	734.73
1489.7593	734.21	734.05
1490.1787	734.56	734.33
1490.6041	735.11	734.25
1491.0358	733.85	734.20
1491.4856	733.82	735.38
1491.9335	735.85	735.31
1492.4088	735.11	735.87
1492.7535	735.60	735.89
1493.1899	739.11	737.83
1493.5953	734.57	737.02
1493.9609	738.69	737.61
1494.2828	738.49	737.55
1494.7217	737.59	738.51
1495.1774	738.90	737.94
1495.6177	738.20	736.47
1496.0508	735.91	736.17
1496.5033	738.74	736.15
1496.9599	735.84	735.94
1497.3013	736.71	735.82
1497.7721	735.50	735.53
1498.1960	735.76	736.57
1498.6518	735.66	737.68
1499.0733	738.55	738.08
1499.5137	736.84	737.70
1499.8483	735.49	736.92
1500.2861	738.16	736.14
1500.7554	736.98	735.43
1501.1739	735.04	736.92
1501.6494	736.07	734.81
1502.0560	735.57	735.28
1502.4464	734.70	735.34
1502.7933	734.49	735.43
1503.2062	735.18	734.63
1503.6174	732.38	734.94
1504.0083	733.14	733.84
1504.3450	735.04	733.90
1504.7412	734.58	734.02
1505.1235	735.54	733.38
1505.5171	736.62	734.54
1505.8550	735.76	734.37
1506.2689	733.83	734.63
1506.6542	736.38	735.18
1507.0366	737.28	735.17
1507.3744	733.39	735.14
1507.7585	735.28	734.52
1508.1695	733.77	736.52
1508.5749	738.20	736.71
1508.9996	736.33	735.75
1509.3628	737.13	736.12
1509.7815	735.71	737.08
1510.1949	735.79	736.56
1510.6266	737.02	737.56
1511.0085	737.38	736.56
1511.3735	737.37	737.32
1511.8059	736.71	735.85
1512.1937	736.10	736.70
1512.5732	737.03	737.76
1512.9154	735.86	737.05
1513.3178	735.56	737.66
1513.6884	736.79	737.99
1514.0819	737.37	736.77
1514.5295	736.38	738.06
1514.8930	736.47	738.60
1515.3073	736.81	737.26
1515.7083	737.80	738.54
1516.1000	737.66	739.75
1516.4402	741.22	739.71
1516.8707	739.39	738.30
1517.2673	738.47	738.29
1517.6689	737.40	739.42
1518.1306	739.78	739.26
1518.4882	738.94	739.34
1518.9318	736.79	739.11
1519.3566	738.12	739.41
1519.8026	739.03	740.26
1520.2084	739.95	739.55
1520.6029	738.04	740.32
1520.9555	741.65	741.56
1521.3403	740.07	740.07
1521.7160	739.18	740.37
1522.1062	743.25	740.87
1522.4761	741.40	740.59
1522.8911	740.00	740.74
1523.3014	737.35	738.79
1523.7326	740.15	738.33
1524.1784	738.24	737.44
1524.6030	736.68	738.00
1524.9378	737.10	737.73
1525.3648	738.17	736.42
1525.7952	737.46	736.84
1526.2452	736.32	737.36
1526.6789	736.43	737.93
1527.0234	737.35	736.55
1527.4503	738.02	737.86
1527.8511	737.27	738.12
1528.2904	737.54	739.02
1528.7146	738.91	739.13
1529.0345	738.38	739.58
1529.4619	740.29	741.52
1529.8697	741.36	741.09
1530.2484	739.89	740.78
1530.7154	737.95	740.25
1531.0568	739.60	739.70
1531.4912	735.67	738.99
1531.8636	738.97	739.47
1532.2670	740.87	740.37
1532.7047	739.43	739.50
1533.0457	740.85	739.92
1533.4883	738.98	740.12
1533.8620	740.72	739.63
1534.2833	738.56	740.61
1534.7143	741.75	741.02
1535.0630	739.50	740.60
1535.4601	738.47	740.40
1535.8786	741.12	740.14
1536.2871	740.83	741.46
1536.7300	741.57	742.12
1537.0833	741.41	742.71
1537.5002	742.73	742.20
1537.9043	741.30	742.86
1538.2907	743.52	744.19
1538.7333	744.00	744.07
1539.0792	744.72	744.58
1539.5057	742.90	744.09
1539.9043	744.23	741.26
1540.3009	741.66	742.51
1540.6309	742.53	742.15
1541.0310	741.38	742.88
1541.4582	742.28	743.33
1541.9019	742.40	742.52
1542.3480	742.63	743.09
1542.7739	741.63	743.65
1543.1181	740.36	744.05
1543.5244	743.32	743.78
1543.9024	743.31	743.68
1544.2971	743.29	745.49
1544.6420	742.26	745.09
1545.0290	744.64	744.63
1545.4286	743.06	745.16
1545.8201	745.31	744.75
1546.1617	743.80	744.91
1546.5511	746.78	746.25
1546.9755	745.20	746.70
1547.3629	744.54	746.71
1547.6924	745.39	746.29
1548.1112	744.22	746.72
1548.5407	744.87	747.05
1548.9393	746.03	747.17
1549.3708	745.62	748.16
1549.7145	746.97	747.79
1550.1216	747.11	747.67
1550.5163	746.33	747.03
1550.8883	745.08	746.79
1551.2287	746.94	746.39
1551.6845	745.60	746.97
1552.0870	744.73	746.11
1552.5023	744.49	746.33
1552.9452	743.95	746.56
1553.3831	742.26	745.32
1553.7304	745.09	745.83
1554.1175	742.30	743.77
1554.5206	744.93	743.79
1554.9432	743.75	744.82
1555.2844	746.01	745.29
1555.7162	745.15	745.30
1556.1408	742.88	744.21
1556.5335	744.36	744.93
1556.9342	743.23	745.12
1557.2756	745.29	746.55
1557.6754	742.12	744.71
1558.0711	742.82	744.79
1558.4970	744.22	744.25
1558.9407	742.75	744.68
1559.2851	742.77	743.95
1559.6849	744.55	745.28
1560.0974	744.22	743.70
1560.5013	744.07	744.49
1560.9291	744.17	745.46
1561.2698	743.21	745.08
1561.6878	743.08	745.03
1562.0644	743.87	746.23
1562.4534	747.11	746.88
1562.7993	743.00	745.89
1563.1787	746.45	747.76
1563.5973	745.65	747.53
1564.0448	744.72	747.42
1564.4898	747.81	747.48
1564.8567	746.30	748.52
1565.2916	746.44	747.85
1565.7481	745.02	747.26
1566.1648	745.71	748.42
1566.5754	746.24	747.84
1566.9101	747.45	748.86
1567.3130	747.72	747.61
1567.7116	746.57	748.86
1568.1230	745.66	748.17
1568.5656	748.90	748.52
1568.9039	746.07	748.00
1569.3237	747.55	748.31
1569.7492	747.11	749.62
1570.1749	749.24	747.93
1570.5677	746.55	749.17
1570.9107	747.82	749.03
1571.3146	747.01	748.83
1571.6920	747.67	749.17
1572.1290	748.69	748.25
1572.5371	744.99	749.39
1572.8941	748.48	749.05
1573.3092	746.54	748.38
1573.6941	745.81	747.70
1574.0910	745.58	746.74
1574.5361	747.46	747.20
1574.8950	746.68	747.77
1575.3060	744.91	747.65
1575.7030	746.87	748.85
1576.0794	747.76	747.18
1576.4405	747.33	747.94
1576.8326	746.90	747.83
1577.2467	747.30	749.29
1577.6956	749.95	751.17
1578.1322	748.15	749.93
1578.4754	746.51	750.10
1578.9075	747.67	750.18
1579.3491	750.36	750.80
1579.7974	750.55	751.06
1580.2305	747.48	751.62
1580.6583	749.31	752.69
1581.0112	751.36	752.24
1581.4100	749.55	750.19
1581.8561	746.82	749.46
1582.2899	748.02	748.61
1582.6800	746.81	747.85
1583.0177	744.59	747.04
1583.4392	746.21	746.85
1583.8251	744.14	746.77
1584.2103	744.52	746.15
1584.5496	743.25	746.09
1584.9879	743.74	746.97
1585.4034	744.54	747.11
1585.8201	745.27	747.44
1586.2554	746.88	747.93
1586.6928	745.32	747.23
1587.0379	745.71	746.51
1587.4636	746.81	747.83
1587.8561	746.07	748.78
1588.2460	747.25	748.38
1588.6153	748.48	747.38
1589.0646	747.13	747.74
1589.4461	743.32	746.50
1589.8665	747.67	747.17
1590.3012	744.93	748.02
1590.7338	746.25	747.93
1591.0879	745.91	748.66
1591.5091	744.22	748.18
1591.9451	747.90	747.92
1592.3987	747.14	748.66
1592.8103	744.67	749.18
1593.2595	749.11	749.28
1593.6154	747.55	749.02
1594.0425	746.45	748.86
1594.4602	749.88	749.53
1594.8996	747.80	749.43
1595.3320	747.57	749.24
1595.7638	751.23	751.03
1596.1076	752.06	752.07
1596.5197	749.13	750.91
1596.9598	750.08	749.44
1597.3863	749.23	749.89
1597.8241	748.30	751.37
1598.2725	747.65	750.49
1598.6337	749.91	751.32
1599.0735	750.30	750.62
1599.5059	748.42	750.59
1599.8947	746.54	748.87
1600.2763	746.28	748.24
1600.6230	745.85	749.26
1601.0228	746.99	749.37
1601.4657	747.07	749.86
1601.9139	748.15	748.82
1602.3386	747.48	748.97
1602.7813	748.86	750.66
1603.1333	746.42	749.31
1603.5574	747.11	750.39
1604.0116	749.83	752.67
1604.4365	751.58	752.27
1604.8744	751.08	750.92
1605.2090	749.31	751.59
1605.6337	750.26	751.37
1606.0785	749.78	751.94
1606.5154	748.06	752.34
1606.9306	748.96	750.76
1607.3693	745.90	751.58
1607.7000	747.74	751.53
1608.1284	750.17	751.18
1608.5284	749.45	750.34
1608.9331	751.46	750.85
1609.3818	750.05	751.66
1609.7291	749.58	752.70
1610.1367	749.55	750.84
1610.5332	748.33	751.41
1610.9556	751.35	752.09
1611.2903	752.42	752.51
1611.7052	748.49	752.63
1612.1619	752.61	754.07
1612.5609	753.63	754.61
1612.9474	751.54	754.28
1613.4049	753.00	754.84
1613.7663	753.46	755.75
1614.2082	756.28	757.22
1614.6756	754.35	756.82
1615.0916	756.23	756.48
1615.4790	753.29	754.94
1615.8132	751.53	755.34
1616.2331	751.85	754.05
1616.6506	752.43	754.05
1617.0872	751.25	753.28
1617.5160	749.45	753.31
1617.9365	750.71	753.45
1618.2823	750.76	752.51
1618.6882	749.06	753.50
1619.1328	749.52	753.13
1619.5556	750.21	752.16
1619.9731	751.07	753.59
1620.3080	750.53	752.72
1620.7274	751.42	753.31
1621.1521	750.73	752.79
1621.5651	750.98	753.38
1621.9916	751.65	753.46
1622.3397	749.62	753.43
1622.7524	749.92	753.95
1623.1898	750.13	753.22
1623.6335	751.34	754.31
1624.0850	752.40	754.39
1624.4980	751.72	754.01
1624.8438	751.87	754.90
1625.2350	752.56	754.16
1625.6509	751.81	755.32
1626.0764	755.95	756.42
1626.4107	754.05	756.03
1626.8354	753.31	754.92
1627.2579	753.60	754.91
1627.6922	750.96	753.93
1628.1314	751.27	753.55
1628.5413	752.53	754.39
1628.8991	751.00	753.23
1629.3118	749.30	753.51
1629.7692	752.45	752.74
1630.1895	750.81	753.32
1630.6432	748.13	753.11
1631.0729	750.92	752.62
1631.4248	751.08	753.34
1631.8757	751.14	753.55
1632.3051	753.55	753.93
1632.6969	751.06	753.80
1633.1124	752.79	755.69
1633.4569	751.49	754.29
1633.8695	751.49	755.89
1634.2802	754.39	755.62
1634.6765	753.18	755.68
1635.1117	754.39	756.69
1635.4707	752.43	755.35
1635.9414	749.94	754.57
1636.3636	753.12	753.70
1636.8085	749.49	754.90
1637.2396	754.19	754.58
1637.6810	752.75	754.94
1638.1229	753.58	754.82
1638.4706	749.12	755.57
1638.8736	753.14	755.92
1639.2838	753.64	755.44
1639.6960	754.75	756.08
1640.1422	752.55	755.93
1640.4820	752.39	755.36
1640.9021	752.72	755.60
1641.3328	755.07	755.29
1641.7589	751.77	756.75
1642.1965	752.82	757.42
1642.5329	754.62	756.08
1642.9385	753.04	757.09
1643.3826	752.45	757.13
1643.8615	754.80	757.94
1644.3093	755.31	757.88
1644.7252	752.89	757.97
1645.0618	754.92	757.51
1645.4771	753.79	757.47
1645.8594	753.61	757.74
1646.3007	754.95	757.35
1646.7036	755.58	757.38
1647.0666	753.27	756.34
1647.4794	751.73	756.46
1647.8789	752.11	754.26
1648.3098	752.02	755.54
1648.7147	750.88	755.28
1649.0700	753.99	754.89
1649.4535	753.57	755.22
1649.8723	752.38	755.16
1650.3140	749.99	754.31
1650.7187	752.31	755.20
1651.0679	751.89	756.68
1651.4923	752.78	757.02
1651.9456	754.90	757.11
1652.3668	755.33	757.15
1652.8078	753.91	755.91
1653.2266	755.11	755.81
1653.5824	755.37	755.49
1654.0469	755.05	757.93
1654.4845	752.78	756.62
1654.9391	753.52	755.91
1655.3781	754.89	756.42
1655.8044	753.15	755.21
1656.2508	752.71	755.75
1656.5967	752.51	755.50
1657.0538	750.61	755.55
1657.4501	751.71	755.15
1657.9005	752.83	755.47
1658.3226	752.50	754.69
1658.7726	752.54	755.79
1659.1189	755.88	757.35
1659.5602	755.64	757.31
1659.9612	755.34	757.85
1660.4089	756.43	759.58
1660.8368	756.53	758.46
1661.3015	755.13	759.35
1661.6560	757.13	759.99
1662.0881	757.45	760.82
1662.5228	758.03	759.56
1662.9519	757.28	759.85
1663.3848	757.36	758.78
1663.7861	756.83	759.89
1664.1302	755.22	758.89
1664.5587	756.83	758.61
1664.9480	755.03	759.01
1665.3836	755.53	759.27
1665.7920	756.11	760.62
1666.1526	756.26	760.27
1666.5881	757.14	759.71
1667.0134	757.86	761.33
1667.4515	759.82	760.70
1667.8621	760.89	761.40
1668.2816	758.08	760.55
1668.6478	755.68	760.10
1669.0927	756.53	759.06
1669.5257	755.02	758.89
1669.9307	754.73	758.10
1670.3539	753.79	757.30
1670.6915	754.79	756.75
1671.1272	753.16	756.62
1671.5419	752.78	757.45
1671.9660	753.44	756.32
1672.3753	754.29	756.48
1672.7093	753.56	757.27
1673.1422	755.41	757.03
1673.5977	753.34	757.32
1674.0341	753.25	758.08
1674.4952	756.54	758.05
1674.9224	755.47	758.65
1675.3652	758.00	761.01
1675.7093	757.62	760.58
1676.1069	757.99	760.74
1676.5437	759.08	760.14
1676.9280	759.43	760.56
1677.3874	759.32	761.25
1677.7449	759.06	761.89
1678.1903	757.63	762.20
1678.6099	760.56	761.75
1679.0853	760.60	762.44
1679.5103	759.88	763.14
1679.9603	759.95	762.58
1680.4231	761.59	765.68
1680.7818	760.59	763.94
1681.2093	759.64	763.92
1681.6773	760.44	764.15
1682.0889	761.17	764.91
1682.5197	759.69	764.57
1682.9667	762.29	766.54
1683.4060	762.45	767.31
1683.7480	762.09	765.13
1684.1478	760.24	762.90
1684.6081	761.01	761.57
1685.0263	757.05	762.15
1685.4471	757.50	763.58
1685.8978	759.71	763.55
1686.2581	759.70	763.20
1686.7039	759.49	763.40
1687.1522	758.91	762.00
1687.5698	759.06	762.73
1688.0394	759.55	763.19
1688.4550	758.82	761.40
1688.7945	758.82	762.63
1689.2361	760.71	763.12
1689.6468	758.81	763.28
1690.1009	758.99	763.32
1690.5217	761.40	764.31
1690.9542	761.26	764.76
1691.3996	761.45	764.64
1691.7658	760.85	765.19
1692.2146	760.58	764.31
1692.6549	761.73	765.50
1693.1137	761.16	765.12
1693.5297	764.30	764.77
1693.9597	761.55	764.68
1694.4247	760.59	763.00
1694.7772	757.34	762.40
1695.2074	759.16	763.20
1695.6397	759.46	761.75
1696.0986	759.73	762.81
1696.5070	759.68	763.94
1696.9314	757.87	763.37
1697.2865	758.70	762.45
1697.6923	757.39	760.15
1698.0996	760.55	761.97
1698.5489	759.02	762.49
1698.9517	757.22	761.27
1699.2919	758.83	762.13
1699.7343	758.82	761.97
1700.1247	757.33	762.04
1700.5672	757.82	761.61
1701.0105	761.54	762.35
1701.4542	760.27	763.13
1701.7963	759.94	761.52
1702.1924	759.45	762.62
1702.6330	758.34	761.78
1703.0186	760.74	763.01
1703.3548	759.12	762.64
1703.7626	762.99	763.71
1704.1734	759.94	763.60
1704.6237	760.72	763.07
1705.0521	762.01	764.74
1705.5007	762.23	765.78
1705.8427	762.96	765.53
1706.3246	762.04	765.75
1706.7671	761.99	765.00
1707.2000	762.94	766.54
1707.6007	762.53	766.34
1708.0227	765.39	767.87
1708.3673	763.06	766.79
1708.7619	766.10	766.81
1709.2241	765.15	768.36
1709.6233	766.87	769.10
1710.0391	767.41	768.66
1710.3995	764.55	768.02
1710.8297	761.42	766.53
1711.2924	763.40	766.57
1711.7236	762.45	766.45
1712.1640	762.73	766.15
1712.5899	763.54	766.42
1712.9167	762.87	765.85
1713.3277	761.36	765.50
1713.7181	762.69	766.18
1714.1607	762.12	767.88
1714.5838	763.89	767.22
1715.0241	766.53	766.97
1715.3662	764.65	767.20
1715.7643	767.35	768.72
1716.2148	764.95	768.22
1716.6453	764.36	769.04
1717.0964	764.33	770.00
1717.5358	766.51	769.34
1717.8738	765.85	770.26
1718.3333	765.77	770.03
1718.7722	763.63	770.90
1719.2065	768.62	770.40
1719.6086	767.53	770.63
1720.0554	768.03	770.67
1720.4113	764.38	769.61
1720.7838	763.92	767.96
1721.2295	764.91	768.13
1721.6579	764.78	768.02
1722.1123	764.44	768.09
1722.5343	761.65	767.80
1722.8820	764.25	769.24
1723.3349	764.42	768.34
1723.7705	764.92	769.95
1724.2320	765.55	768.02
1724.6507	765.59	767.90
1725.0877	763.22	768.84
1725.5363	762.60	767.23
1725.8918	767.09	768.68
1726.3356	766.17	768.70
1726.7690	767.44	768.89
1727.2335	768.50	769.91
1727.6483	768.45	770.93
1728.0841	767.86	772.51
1728.4110	768.59	770.62
1728.8471	767.09	769.35
1729.2633	763.30	768.49
1729.6687	764.52	766.91
1730.0992	764.65	767.87
1730.5307	763.09	767.24
1730.8724	764.62	767.38
1731.3224	763.28	767.51
1731.7087	764.23	767.16
1732.1708	765.33	767.23
1732.6076	765.74	768.81
1733.0479	764.13	767.58
1733.3867	767.53	770.01
1733.7872	767.26	768.87
1734.1953	766.91	769.79
1734.6398	765.63	770.25
1735.0833	767.69	771.97
1735.4484	766.07	770.59
1735.9020	765.80	770.92
1736.3385	768.09	771.30
1736.7599	766.91	771.14
1737.2208	769.06	770.90
1737.6483	770.11	770.48
1738.1034	766.31	772.64
1738.4557	767.70	771.45
1738.8910	767.79	772.30
1739.3201	766.74	772.58
1739.7591	770.57	771.64
1740.2008	767.86	772.48
1740.6357	769.47	773.30
1741.0945	771.83	773.98
1741.4435	771.36	774.32
1741.8804	769.59	773.77
1742.3340	767.00	772.97
1742.7570	766.80	771.15
1743.1938	765.14	770.29
1743.5917	763.83	770.88
1743.9336	769.58	771.39
1744.3981	768.05	770.44
1744.8241	767.16	771.75
1745.2744	765.79	772.38
1745.6951	768.86	772.64
1746.1337	770.47	773.15
1746.6035	767.29	774.19
1746.9470	770.70	773.16
1747.3883	770.88	773.90
1747.7670	769.03	773.74
1748.1605	769.29	774.64
1748.4931	772.57	773.90
1748.9095	771.62	775.90
1749.3668	773.15	775.15
1749.8038	771.69	775.89
1750.2454	771.11	776.44
1750.6511	770.14	776.64
1751.0051	767.72	773.20
1751.4472	767.41	771.94
1751.8748	766.16	770.62
1752.2750	764.04	769.89
1752.7181	763.51	769.12
1753.1618	764.25	769.16
1753.5175	767.54	769.03
1753.9664	764.99	770.14
1754.3719	766.83	769.99
1754.7837	765.99	769.37
1755.2188	766.29	769.96
1755.5428	766.89	769.67
1755.9761	767.04	769.62
1756.4249	767.31	769.22
1756.8309	766.37	770.07
1757.2888	767.88	771.08
1757.6884	767.91	771.22
1758.0272	765.08	770.27
1758.4440	768.82	769.88
1758.8778	771.96	770.84
1759.3240	771.42	771.51
1759.7155	764.44	770.94
1760.0743	763.99	771.86
1760.5001	770.08	771.65
1760.9498	775.06	772.48
1761.3873	765.79	771.72
1761.8307	771.87	773.12
1762.2682	770.12	773.09
1762.7134	765.83	774.41
1763.0620	770.13	774.31
1763.5117	768.00	773.31
1763.8850	769.90	773.72
1764.3653	768.99	775.78
1764.8454	768.44	775.20
1765.3031	770.26	775.61
1765.6302	771.14	776.49
1766.0422	771.05	774.91
1766.4985	771.57	776.05
1766.9228	768.74	776.32
