sep= 
Time [s]	R1_m5 [ng/cm^2]	C1_m [ng/cm^2]
0.0000	Failed	Failed
1.0064	Failed	Failed
2.0158	Failed	Failed
3.0235	Failed	Failed
4.0300	Failed	Failed
5.0373	Failed	Failed
6.0444	Failed	Failed
7.0395	Failed	Failed
8.0457	Failed	Failed
9.0523	Failed	Failed
10.0607	Failed	Failed
11.0673	Failed	Failed
12.0725	Failed	Failed
13.0784	Failed	Failed
14.0838	Failed	Failed
15.0897	Failed	Failed
16.0962	Failed	Failed
17.1022	Failed	Failed
18.1089	Failed	Failed
19.1139	Failed	Failed
20.1213	Failed	Failed
21.1262	Failed	Failed
22.1327	Failed	Failed
23.1354	Failed	Failed
24.1414	Failed	Failed
25.1446	Failed	Failed
26.1517	Failed	Failed
27.1564	Failed	Failed
28.1663	Failed	Failed
29.1735	Failed	Failed
30.1788	Failed	Failed
31.1846	Failed	Failed
32.1880	Failed	Failed
33.1910	Failed	Failed
34.1976	Failed	Failed
35.2046	Failed	Failed
36.2078	Failed	Failed
37.2160	Failed	Failed
38.2197	Failed	Failed
39.2269	Failed	Failed
40.2348	Failed	Failed
41.2422	Failed	Failed
42.2492	Failed	Failed
43.2579	Failed	Failed
44.2623	Failed	Failed
45.2702	Failed	Failed
46.2771	Failed	Failed
47.2848	Failed	Failed
48.2932	Failed	Failed
49.3009	Failed	Failed
50.3079	Failed	Failed
51.3153	Failed	Failed
52.3208	Failed	Failed
53.3273	Failed	Failed
54.3345	Failed	Failed
55.3423	Failed	Failed
56.3493	Failed	Failed
57.3544	Failed	Failed
58.3529	Failed	Failed
59.3597	Failed	Failed
60.3658	Failed	Failed
61.3709	Failed	Failed
62.3787	Failed	Failed
63.3866	Failed	Failed
64.3944	Failed	Failed
65.4023	Failed	Failed
66.4099	Failed	Failed
67.4093	Failed	Failed
68.4171	Failed	Failed
69.4251	Failed	Failed
70.4331	Failed	Failed
71.4412	Failed	Failed
72.4502	Failed	Failed
73.4586	Failed	Failed
74.4631	Failed	Failed
75.4713	Failed	Failed
76.4783	Failed	Failed
77.4851	Failed	Failed
78.4928	Failed	Failed
79.5011	Failed	Failed
80.5084	Failed	Failed
81.5134	Failed	Failed
82.5216	Failed	Failed
83.5179	Failed	Failed
84.5248	Failed	Failed
85.5309	Failed	Failed
86.5387	Failed	Failed
87.5438	Failed	Failed
88.5492	Failed	Failed
89.5563	Failed	Failed
90.5608	Failed	Failed
91.5642	Failed	Failed
92.5696	Failed	Failed
93.5746	Failed	Failed
94.5796	Failed	Failed
95.5851	Failed	Failed
96.5895	Failed	Failed
97.5947	Failed	Failed
98.5979	Failed	Failed
99.6016	Failed	Failed
100.6079	Failed	Failed
101.6128	Failed	Failed
102.6147	Failed	Failed
103.6148	Failed	Failed
104.6157	Failed	Failed
105.6192	Failed	Failed
106.6234	Failed	Failed
107.6276	Failed	Failed
108.6314	Failed	Failed
109.6358	Failed	Failed
110.6384	Failed	Failed
111.6423	Failed	Failed
112.6471	Failed	Failed
113.6500	Failed	Failed
114.6540	Failed	Failed
115.6601	Failed	Failed
116.6649	Failed	Failed
117.6687	Failed	Failed
118.6708	Failed	Failed
119.6739	Failed	Failed
120.6764	Failed	Failed
121.6770	Failed	Failed
122.6777	Failed	Failed
123.6823	Failed	Failed
124.6864	Failed	Failed
125.6870	Failed	Failed
126.6886	Failed	Failed
127.6852	Failed	Failed
128.6884	Failed	Failed
129.6906	Failed	Failed
130.6950	Failed	Failed
131.6960	Failed	Failed
132.6996	Failed	Failed
133.6983	Failed	Failed
134.6963	Failed	Failed
135.6995	Failed	Failed
136.6999	Failed	Failed
137.7029	Failed	Failed
138.7030	Failed	Failed
139.7049	Failed	Failed
140.7051	Failed	Failed
141.7050	Failed	Failed
142.7048	Failed	Failed
143.7066	Failed	Failed
144.7100	Failed	Failed
145.7107	Failed	Failed
146.7153	Failed	Failed
147.7191	Failed	Failed
148.7199	Failed	Failed
149.7213	Failed	Failed
150.7249	Failed	Failed
151.7258	Failed	Failed
152.7298	Failed	Failed
153.7335	Failed	Failed
154.7352	Failed	Failed
155.7977	Failed	Failed
156.8021	Failed	Failed
157.8061	Failed	Failed
158.8103	Failed	Failed
159.8165	Failed	Failed
160.8212	Failed	Failed
161.8236	Failed	Failed
162.8278	Failed	Failed
163.8331	Failed	Failed
164.8350	Failed	Failed
165.8383	Failed	Failed
166.8460	Failed	Failed
167.8476	Failed	Failed
168.8525	Failed	Failed
169.8575	Failed	Failed
170.8624	Failed	Failed
171.8690	Failed	Failed
172.8761	Failed	Failed
173.8806	Failed	Failed
174.8872	Failed	Failed
175.8932	Failed	Failed
176.9001	0.00	0.00
177.9065	0.00	0.00
178.9123	0.00	0.00
179.9181	0.00	0.00
180.9237	0.00	0.00
181.9302	0.00	0.00
186.6810	0.00	0.00
189.1531	0.00	0.00
190.8202	0.00	0.00
193.6631	0.00	0.00
194.0061	0.00	0.00
194.3501	0.00	0.00
194.6992	0.00	0.00
195.0593	0.00	0.00
195.4025	0.00	0.00
195.7642	0.00	0.00
196.1138	0.00	0.00
196.4546	0.00	0.00
196.7994	0.00	0.00
197.1520	0.00	0.00
197.4954	0.00	0.00
197.8364	0.00	0.00
198.1895	0.00	0.00
198.5165	0.00	0.00
198.8435	0.00	0.00
199.1847	0.00	0.00
199.5073	0.00	0.00
199.8413	0.00	0.00
200.1838	0.00	0.00
200.5170	0.00	0.00
200.8500	0.00	0.00
201.1932	0.00	0.00
201.5143	0.00	0.00
201.8402	0.00	0.00
202.1801	0.00	0.00
202.5179	0.00	0.00
202.8584	0.00	0.00
203.1977	0.00	0.00
203.5444	0.00	0.00
203.8729	0.00	0.00
204.2109	0.00	0.00
204.5512	0.00	0.00
204.8815	0.00	0.00
205.2205	0.00	0.00
205.5613	0.00	0.00
205.8957	0.00	0.00
206.2390	0.00	0.00
206.5737	0.00	0.00
206.9171	0.00	0.00
207.2691	0.00	0.00
207.6030	0.00	0.00
207.9300	0.00	0.00
208.2625	0.00	0.00
208.6037	0.00	0.00
208.9391	0.00	0.00
209.2887	0.00	0.00
209.6494	0.00	0.00
209.9897	0.00	0.00
210.3344	0.00	0.00
210.6804	0.00	0.00
211.0220	0.00	0.00
211.3640	0.00	0.00
211.7120	0.00	0.00
212.0529	0.00	0.00
212.3849	0.00	0.00
212.7274	0.00	0.00
213.0658	0.00	0.00
213.4033	0.00	0.00
213.7523	0.00	0.00
214.0956	0.00	0.00
214.4516	0.00	0.00
214.7985	0.00	0.00
215.1547	0.00	0.00
215.5061	0.00	0.00
215.8649	0.00	0.00
216.1959	0.00	0.00
216.5402	0.00	0.00
216.8771	0.00	0.00
217.1955	0.00	0.00
217.5134	0.00	0.00
217.8387	0.00	0.00
218.1766	0.00	0.00
218.5233	0.00	0.00
218.8617	0.00	0.00
219.2136	0.00	0.00
219.5691	0.00	0.00
219.9149	0.00	0.00
220.2775	0.00	0.00
220.6135	0.00	0.00
220.9387	0.00	0.00
221.2930	0.00	0.00
221.6399	0.00	0.00
221.9845	0.00	0.00
222.3355	0.00	0.00
222.6825	0.00	0.00
223.0381	0.00	0.00
223.3914	0.00	0.00
223.7466	0.00	0.00
224.0978	0.00	0.00
224.4317	0.00	0.00
224.7611	0.00	0.00
225.1127	0.00	0.00
225.4300	0.00	0.00
225.7683	0.00	0.00
226.1100	0.00	0.00
226.4440	0.00	0.00
226.7866	0.00	0.00
227.1445	0.00	0.00
227.4996	0.00	0.00
227.8505	0.00	0.00
228.2044	0.00	0.00
228.5832	0.00	0.00
228.9746	0.00	0.00
229.3562	0.00	0.00
229.7070	0.00	0.00
230.0832	0.00	0.00
230.4607	0.00	0.00
230.8396	0.00	0.00
231.1943	0.00	0.00
231.5238	0.00	0.00
231.8958	0.00	0.00
232.2585	0.00	0.00
232.6060	0.00	0.00
232.9596	0.00	0.00
233.3456	0.00	0.00
233.6941	0.00	0.00
234.0326	0.00	0.00
234.3836	0.00	0.00
234.7240	0.00	0.00
235.0785	0.00	0.00
235.4494	0.00	0.00
235.7887	0.00	0.00
236.1445	0.00	0.00
236.4991	0.00	0.00
236.8489	0.00	0.00
237.2032	0.00	0.00
237.5746	0.00	0.00
237.9509	0.00	0.00
238.2983	0.00	0.00
238.6487	0.00	0.00
239.0163	0.00	0.00
239.3642	0.00	0.00
239.6997	0.00	0.00
240.0565	0.00	0.00
240.4132	0.00	0.00
240.7892	0.00	0.00
241.1365	0.00	0.00
241.4785	0.00	0.00
241.8421	0.00	0.00
242.1955	0.00	0.00
242.5362	0.00	0.00
242.9769	0.00	0.00
243.3494	0.00	0.00
243.6955	0.00	0.00
244.0675	0.00	0.00
244.4055	0.00	0.00
244.7855	0.00	0.00
245.1353	0.00	0.00
245.4714	0.00	0.00
245.8195	0.00	0.00
246.1683	0.00	0.00
246.5185	0.00	0.00
246.9053	0.00	0.00
247.2931	0.00	0.00
247.6051	0.00	0.00
247.9603	0.00	0.00
248.3379	0.00	0.00
248.6758	0.00	0.00
249.0140	0.00	0.00
249.3473	0.00	0.00
249.7018	0.00	0.00
250.0846	0.00	0.00
250.4610	0.00	0.00
250.8445	0.00	0.00
251.1998	0.00	0.00
251.5796	0.00	0.00
251.9508	0.00	0.00
252.2957	0.00	0.00
252.7023	0.00	0.00
253.0410	0.00	0.00
253.3824	0.00	0.00
253.7276	0.00	0.00
254.0646	0.00	0.00
254.3997	0.00	0.00
254.7356	0.00	0.00
255.0684	0.00	0.00
255.4096	0.00	0.00
255.7950	0.00	0.00
256.1372	0.00	0.00
256.4840	0.00	0.00
256.8226	0.00	0.00
257.1610	0.00	0.00
257.5029	0.00	0.00
257.8636	0.00	0.00
258.2009	0.00	0.00
258.5514	0.00	0.00
258.8843	0.00	0.00
259.2220	0.00	0.00
259.5592	0.00	0.00
259.8964	0.00	0.00
260.2372	0.00	0.00
260.5687	0.00	0.00
260.9346	0.00	0.00
261.2856	0.00	0.00
261.6342	0.00	0.00
261.9703	0.00	0.00
262.3264	0.00	0.00
262.6658	0.00	0.00
262.9968	0.00	0.00
263.3318	0.00	0.00
263.6865	0.00	0.00
264.0277	0.00	0.00
264.3576	0.00	0.00
264.6958	0.00	0.00
265.0364	0.00	0.00
265.3649	0.00	0.00
265.7110	0.00	0.00
266.0574	0.00	0.00
266.4209	0.00	0.00
266.7545	0.00	0.00
267.0960	0.00	0.00
267.4327	0.00	0.00
267.8194	0.00	0.00
268.1587	0.00	0.00
268.5217	0.00	0.00
268.8782	0.00	0.00
269.2307	0.00	0.00
269.5834	0.00	0.00
269.9730	0.00	0.00
270.3082	0.00	0.00
270.6500	0.00	0.00
270.9955	0.00	0.00
271.3764	0.00	0.00
271.7261	0.00	0.00
272.0958	0.00	0.00
272.4878	0.00	0.00
272.8674	0.00	0.00
273.2069	0.00	0.00
273.5436	0.00	0.00
273.9395	0.00	0.00
274.2958	0.00	0.00
274.6447	0.00	0.00
274.9793	0.00	0.00
275.3425	0.00	0.00
275.7114	0.00	0.00
276.0459	0.00	0.00
276.4085	0.00	0.00
276.7441	0.00	0.00
277.0851	0.00	0.00
277.4388	0.00	0.00
277.8350	0.00	0.00
278.1796	0.00	0.00
278.5230	0.00	0.00
279.9356	0.00	0.00
280.4343	0.00	0.00
280.9000	0.00	0.00
281.4442	0.00	0.00
281.9965	0.00	0.00
282.3806	0.00	0.00
282.9663	0.00	0.00
283.3069	0.00	0.00
283.6443	0.00	0.00
283.9786	0.00	0.00
284.3184	0.00	0.00
284.6530	0.00	0.00
284.9901	0.00	0.00
285.3549	0.00	0.00
285.6962	0.00	0.00
286.0328	0.00	0.00
286.3523	0.00	0.00
286.6968	0.00	0.00
287.0663	0.00	0.00
287.4652	0.00	0.00
287.8065	0.00	0.00
288.1593	0.00	0.00
288.5549	0.00	0.00
288.9453	0.00	0.00
289.3079	0.00	0.00
289.6466	0.00	0.00
289.9897	0.00	0.00
290.3847	0.00	0.00
290.7295	0.00	0.00
291.0852	0.00	0.00
291.4372	0.00	0.00
291.7838	0.00	0.00
292.1345	0.00	0.00
292.4715	0.00	0.00
292.8307	0.00	0.00
293.1717	0.00	0.00
293.5249	0.00	0.00
293.8846	0.00	0.00
294.2352	0.00	0.00
294.6108	0.00	0.00
295.0091	0.00	0.00
295.3865	0.00	0.00
295.7288	0.00	0.00
296.1205	0.00	0.00
296.4825	0.00	0.00
296.8829	0.00	0.00
297.2348	0.00	0.00
297.6095	0.00	0.00
297.9671	0.00	0.00
298.3031	0.00	0.00
298.6568	0.00	0.00
299.0626	0.00	0.00
299.4403	0.00	0.00
299.8256	0.00	0.00
300.1810	0.00	0.00
300.5257	0.00	0.00
300.8639	0.00	0.00
301.2042	0.00	0.00
301.5447	0.00	0.00
301.9005	0.00	0.00
302.2404	0.00	0.00
302.5837	0.00	0.00
302.9225	0.00	0.00
303.3144	0.00	0.00
303.6659	0.00	0.00
304.0530	0.00	0.00
304.4227	0.00	0.00
304.7544	0.00	0.00
305.1104	0.00	0.00
305.4822	0.00	0.00
305.8619	0.00	0.00
306.2009	0.00	0.00
306.5510	0.00	0.00
306.9170	0.00	0.00
307.2530	0.00	0.00
307.6002	0.00	0.00
307.9597	0.00	0.00
308.3090	0.00	0.00
308.6608	0.00	0.00
309.0399	0.00	0.00
309.4271	0.00	0.00
309.8117	0.00	0.00
310.1657	0.00	0.00
310.5389	0.00	0.00
310.9005	0.00	0.00
311.2393	0.00	0.00
311.5806	0.00	0.00
311.9227	0.00	0.00
312.3234	0.00	0.00
312.6795	0.00	0.00
313.0382	0.00	0.00
313.3816	0.00	0.00
313.7340	0.00	0.00
314.1084	0.00	0.00
314.4781	0.00	0.00
314.8576	0.00	0.00
315.2089	0.00	0.00
315.5540	0.00	0.00
315.9211	0.00	0.00
316.3128	0.00	0.00
316.6700	0.00	0.00
317.0466	0.00	0.00
317.4045	0.00	0.00
317.7459	0.00	0.00
318.0883	0.00	0.00
318.4260	0.00	0.00
318.7703	0.00	0.00
319.1242	0.00	0.00
319.5104	0.00	0.00
319.8671	0.00	0.00
320.2218	0.00	0.00
320.5735	0.00	0.00
320.9546	0.00	0.00
321.3388	0.00	0.00
321.6812	0.00	0.00
322.0486	0.00	0.00
322.3922	0.00	0.00
322.7411	0.00	0.00
323.1177	0.00	0.00
323.4655	0.00	0.00
323.8064	0.00	0.00
324.1506	0.00	0.00
324.4873	0.00	0.00
324.8264	0.00	0.00
325.1711	0.00	0.00
325.5151	0.00	0.00
325.8850	0.00	0.00
326.2402	0.00	0.00
326.6317	0.00	0.00
326.9947	0.00	0.00
327.3891	0.00	0.00
327.7389	0.00	0.00
328.1214	0.00	0.00
328.5096	0.00	0.00
328.8875	0.00	0.00
329.2413	0.00	0.00
329.6273	0.00	0.00
330.0166	0.00	0.00
330.4364	0.00	0.00
330.8346	0.00	0.00
331.1906	0.00	0.00
331.5762	0.00	0.00
331.9404	0.00	0.00
332.3368	0.00	0.00
332.6889	0.00	0.00
333.0700	0.00	0.00
333.4505	0.00	0.00
333.8061	0.00	0.00
334.1507	0.00	0.00
334.4880	0.00	0.00
334.8409	0.00	0.00
335.1935	0.00	0.00
335.5656	0.00	0.00
335.9545	0.00	0.00
336.3386	0.00	0.00
336.6940	0.00	0.00
337.0744	0.00	0.00
337.4401	0.00	0.00
337.7778	0.00	0.00
338.1203	0.00	0.00
338.4911	0.00	0.00
338.8879	0.00	0.00
339.2258	0.00	0.00
339.5727	0.00	0.00
339.9470	0.00	0.00
340.3478	0.00	0.00
340.7034	0.00	0.00
341.0451	0.00	0.00
341.3944	0.00	0.00
341.7491	0.00	0.00
342.1410	0.00	0.00
342.5125	0.00	0.00
342.8890	0.00	0.00
343.2448	0.00	0.00
343.6399	0.00	0.00
344.0055	0.00	0.00
344.3602	0.00	0.00
344.6796	0.00	0.00
345.0330	0.00	0.00
345.3771	0.00	0.00
345.7326	0.00	0.00
346.1316	0.00	0.00
346.5202	0.00	0.00
346.8927	0.00	0.00
347.2442	0.00	0.00
347.6300	0.00	0.00
348.0052	0.00	0.00
348.3965	0.00	0.00
348.7362	0.00	0.00
349.1019	0.00	0.00
349.4404	0.00	0.00
349.8378	0.00	0.00
350.1896	0.00	0.00
350.5595	0.00	0.00
350.9604	0.00	0.00
351.3289	0.00	0.00
351.6765	0.00	0.00
352.0725	0.00	0.00
352.4580	0.00	0.00
352.8359	0.00	0.00
353.1899	0.00	0.00
353.5606	0.00	0.00
353.9602	0.00	0.00
354.3394	0.00	0.00
354.6961	0.00	0.00
355.0691	0.00	0.00
355.4321	0.00	0.00
355.7770	0.00	0.00
356.1299	0.00	0.00
356.5097	0.00	0.00
356.9045	0.00	0.00
357.2524	0.00	0.00
357.6249	0.00	0.00
358.0082	0.00	0.00
358.3678	0.00	0.00
358.7149	0.00	0.00
359.0657	0.00	0.00
359.4513	0.00	0.00
359.8139	0.00	0.00
360.1581	0.00	0.00
360.4974	0.00	0.00
360.8966	0.00	0.00
361.2516	0.00	0.00
361.6464	0.00	0.00
362.0029	0.00	0.00
362.3971	0.00	0.00
362.7368	0.00	0.00
363.0976	0.00	0.00
363.4336	0.00	0.00
363.7708	0.00	0.00
364.1244	0.00	0.00
364.4910	0.00	0.00
364.8442	0.00	0.00
365.1999	0.00	0.00
365.5676	0.00	0.00
366.0136	0.00	0.00
366.3785	0.00	0.00
366.7185	0.00	0.00
367.0574	0.00	0.00
367.4282	0.00	0.00
367.7783	0.00	0.00
368.1070	0.00	0.00
368.4640	0.00	0.00
368.8376	0.00	0.00
369.1896	0.00	0.00
369.5775	0.00	0.00
369.9459	0.00	0.00
370.3499	0.00	0.00
370.7004	0.00	0.00
371.0606	0.00	0.00
371.4577	0.00	0.00
371.8495	0.00	0.00
372.2027	0.00	0.00
372.5580	0.00	0.00
372.9577	0.00	0.00
373.3439	0.00	0.00
373.6944	0.00	0.00
374.0787	0.00	0.00
374.4631	0.00	0.00
374.8396	0.00	0.00
375.1929	0.00	0.00
375.5804	0.00	0.00
375.9480	0.00	0.00
376.3505	0.00	0.00
376.6922	0.00	0.00
377.0499	0.00	0.00
377.3862	0.00	0.00
377.7266	0.00	0.00
378.1140	0.00	0.00
378.5075	0.00	0.00
378.8903	0.00	0.00
379.2417	0.00	0.00
379.6356	0.00	0.00
379.9875	0.00	0.00
380.3309	0.00	0.00
380.6840	0.00	0.00
381.0815	0.00	0.00
381.4539	0.00	0.00
381.8498	0.00	0.00
382.2007	0.00	0.00
382.5769	0.00	0.00
382.9639	0.00	0.00
383.3419	0.00	0.00
383.6989	0.00	0.00
384.0795	0.00	0.00
384.4685	0.00	0.00
384.8329	0.00	0.00
385.1808	0.00	0.00
385.5791	0.00	0.00
385.9548	0.00	0.00
386.3453	0.00	0.00
386.6997	0.00	0.00
387.0827	0.00	0.00
387.4665	0.00	0.00
387.8533	0.00	0.00
388.2080	0.00	0.00
388.5832	0.00	0.00
388.9602	0.00	0.00
389.3526	0.00	0.00
389.7097	0.00	0.00
390.0941	0.00	0.00
390.4509	0.00	0.00
390.8792	0.00	0.00
391.1969	0.00	0.00
391.5456	0.00	0.00
391.8924	0.00	0.00
392.2343	0.00	0.00
392.5791	0.00	0.00
392.9677	0.00	0.00
393.3560	0.00	0.00
393.7099	0.00	0.00
394.0878	0.00	0.00
394.4620	0.00	0.00
394.8441	0.00	0.00
395.1881	0.00	0.00
395.6196	0.00	0.00
396.0297	0.00	0.00
396.3992	0.00	0.00
396.7518	0.00	0.00
397.1412	0.00	0.00
397.5386	0.00	0.00
397.9219	0.00	0.00
398.2717	0.00	0.00
398.6566	0.00	0.00
399.0357	0.00	0.00
399.4165	0.00	0.00
399.7669	0.00	0.00
400.1437	0.00	0.00
400.5214	0.00	0.00
400.8997	0.00	0.00
401.2529	0.00	0.00
401.6516	0.00	0.00
402.0275	0.00	0.00
402.4254	0.00	0.00
402.7746	0.00	0.00
403.1484	0.00	0.00
403.5300	0.00	0.00
403.9256	0.00	0.00
404.2752	0.00	0.00
404.6493	0.00	0.00
405.0185	0.00	0.00
405.4256	0.00	0.00
405.7773	0.00	0.00
406.1525	0.00	0.00
406.5223	0.00	0.00
406.8946	0.00	0.00
407.2357	0.00	0.00
407.5739	0.00	0.00
407.9518	0.00	0.00
408.3393	0.00	0.00
408.6899	0.00	0.00
409.0965	0.00	0.00
409.4694	0.00	0.00
409.8481	0.00	0.00
410.2008	0.00	0.00
410.5941	0.00	0.00
410.9769	0.00	0.00
411.3602	0.00	0.00
411.7082	0.00	0.00
412.0458	0.00	0.00
412.4000	0.00	0.00
412.7398	0.00	0.00
413.1237	0.00	0.00
413.5115	0.00	0.00
413.9181	0.00	0.00
414.2680	0.00	0.00
414.6528	0.00	0.00
415.0400	0.00	0.00
415.4065	0.00	0.00
415.7599	0.00	0.00
416.1604	0.00	0.00
416.5354	0.00	0.00
416.9149	0.00	0.00
417.2667	0.00	0.00
417.6572	0.00	0.00
418.0292	0.00	0.00
418.4155	0.00	0.00
418.7680	0.00	0.00
419.1545	0.00	0.00
419.5394	0.00	0.00
419.9079	0.00	0.00
420.2569	0.00	0.00
420.6497	0.00	0.00
421.0356	0.00	0.00
421.4247	0.00	0.00
421.7748	0.00	0.00
422.1536	0.00	0.00
422.5256	0.00	0.00
422.9139	0.00	0.00
423.2649	0.00	0.00
423.6595	0.00	0.00
424.0371	0.00	0.00
424.4153	0.00	0.00
424.7518	0.00	0.00
425.1175	0.00	0.00
425.4518	0.00	0.00
425.8636	0.00	0.00
426.2169	0.00	0.00
426.5937	0.00	0.00
426.9762	0.00	0.00
427.3655	0.00	0.00
427.7204	0.00	0.00
428.0900	0.00	0.00
428.4860	0.00	0.00
428.8463	0.00	0.00
429.1904	0.00	0.00
429.5678	0.00	0.00
429.9508	0.00	0.00
430.3338	0.00	0.00
430.6767	0.00	0.00
431.0662	0.00	0.00
431.4504	0.00	0.00
431.8694	0.00	0.00
432.2251	0.00	0.00
432.6011	0.00	0.00
433.0364	0.00	0.00
433.4168	0.00	0.00
433.7676	0.00	0.00
434.1570	0.00	0.00
434.5426	0.00	0.00
434.8978	0.00	0.00
435.2519	0.00	0.00
435.6486	0.00	0.00
436.0650	0.00	0.00
436.4812	0.00	0.00
436.8682	0.00	0.00
437.2230	0.00	0.00
437.6075	0.00	0.00
437.9731	0.00	0.00
438.3785	0.00	0.00
438.7273	0.00	0.00
439.1055	0.00	0.00
439.4782	0.00	0.00
439.8676	0.00	0.00
440.2223	0.00	0.00
440.5965	0.00	0.00
440.9779	0.00	0.00
441.3662	0.00	0.00
441.7197	0.00	0.00
442.0924	0.00	0.00
442.4794	0.00	0.00
442.8578	0.00	0.00
443.2134	0.00	0.00
443.6185	0.00	0.00
443.9845	0.00	0.00
444.3570	0.00	0.00
444.7001	0.00	0.00
445.0804	0.00	0.00
445.4675	0.00	0.00
445.8795	0.00	0.00
446.2200	0.00	0.00
446.5868	0.00	0.00
446.9925	0.00	0.00
447.3826	0.00	0.00
447.7319	0.00	0.00
448.1054	0.00	0.00
448.4929	0.00	0.00
448.8754	0.00	0.00
449.2280	0.00	0.00
449.6208	0.00	0.00
450.0417	0.00	0.00
450.4275	0.00	0.00
450.7763	0.00	0.00
451.1735	0.00	0.00
451.5551	0.00	0.00
451.9397	0.00	0.00
452.2882	0.00	0.00
452.6761	0.00	0.00
453.0288	0.00	0.00
453.4308	0.00	0.00
453.7803	0.00	0.00
454.1740	0.00	0.00
454.5491	0.00	0.00
454.9410	0.00	0.00
455.2852	0.00	0.00
455.6629	0.00	0.00
456.0490	0.00	0.00
456.4433	0.00	0.00
456.8739	0.00	0.00
457.2278	0.00	0.00
457.5871	0.00	0.00
457.9569	0.00	0.00
458.2700	0.00	0.00
458.6198	0.00	0.00
458.9638	0.00	0.00
459.2798	0.00	0.00
459.6214	0.00	0.00
459.9660	0.00	0.00
460.2871	0.00	0.00
460.6770	0.00	0.00
461.0631	0.00	0.00
461.4873	0.00	0.00
461.8585	0.00	0.00
462.2021	0.00	0.00
462.6106	0.00	0.00
463.0009	0.00	0.00
463.3903	0.00	0.00
463.7449	0.00	0.00
464.1714	0.00	0.00
464.5586	0.00	0.00
464.9272	0.00	0.00
465.2719	0.00	0.00
465.6664	0.00	0.00
466.0638	0.00	0.00
466.4865	0.00	0.00
466.8772	0.00	0.00
467.2265	0.00	0.00
467.6124	0.00	0.00
467.9987	0.00	0.00
468.3856	0.00	0.00
468.7381	0.00	0.00
469.1284	0.00	0.00
469.5545	0.00	0.00
469.9411	0.00	0.00
470.2783	0.00	0.00
470.6470	0.00	0.00
471.0546	0.00	0.00
471.4321	0.00	0.00
471.7735	0.00	0.00
472.1464	0.00	0.00
472.5476	0.00	0.00
472.9353	0.00	0.00
473.2846	0.00	0.00
473.6775	0.00	0.00
474.1111	0.00	0.00
474.4991	0.00	0.00
474.8799	0.00	0.00
475.2338	0.00	0.00
475.6163	0.00	0.00
476.0452	0.00	0.00
476.4161	0.00	0.00
476.7668	0.00	0.00
477.1685	0.00	0.00
477.5515	0.00	0.00
477.9345	0.00	0.00
478.2677	0.00	0.00
478.6480	0.00	0.00
479.0212	0.00	0.00
479.4163	0.00	0.00
479.7668	0.00	0.00
480.1640	0.00	0.00
480.5573	0.00	0.00
480.9762	0.00	0.00
481.3617	0.00	0.00
481.6716	0.00	0.00
482.0322	0.00	0.00
482.4203	0.00	0.00
482.7457	0.00	0.00
483.1402	0.00	0.00
483.5272	0.00	0.00
483.9167	0.00	0.00
484.2590	0.00	0.00
484.6731	0.00	0.00
485.0369	0.00	0.00
485.4259	0.00	0.00
485.7697	0.00	0.00
486.1806	0.00	0.00
486.6080	0.00	0.00
486.9944	0.00	0.00
487.3794	0.00	0.00
487.7332	0.00	0.00
488.1136	0.00	0.00
488.4870	0.00	0.00
488.8534	0.00	0.00
489.2096	0.00	0.00
489.6023	0.00	0.00
489.9693	0.00	0.00
490.3814	0.00	0.00
490.7380	0.00	0.00
491.1136	0.00	0.00
491.4802	0.00	0.00
491.8879	0.00	0.00
492.2262	0.00	0.00
492.5719	0.00	0.00
492.9265	0.00	0.00
493.2774	0.00	0.00
493.6795	0.00	0.00
494.1002	0.00	0.00
494.4803	0.00	0.00
494.8838	0.00	0.00
495.2356	0.00	0.00
495.5967	0.00	0.00
495.9612	0.00	0.00
496.3811	0.00	0.00
496.7230	0.00	0.00
497.0947	0.00	0.00
497.4763	0.00	0.00
497.8966	0.00	0.00
498.2471	0.00	0.00
498.6736	0.00	0.00
499.1097	0.00	0.00
499.4798	0.00	0.00
499.8950	0.00	0.00
500.2483	0.00	0.00
500.6710	0.00	0.00
501.0551	0.00	0.00
501.4346	0.00	0.00
501.7845	0.00	0.00
502.1776	0.00	0.00
502.6090	0.00	0.00
502.9964	0.00	0.00
503.3688	0.00	0.00
503.7249	0.00	0.00
504.1258	0.00	0.00
504.5488	0.00	0.00
504.9355	0.00	0.00
505.2858	0.00	0.00
505.6763	0.00	0.00
506.1055	0.00	0.00
506.4949	0.00	0.00
506.9410	0.00	0.00
507.3774	0.00	0.00
507.7285	0.00	0.00
508.1190	0.00	0.00
508.5630	0.00	0.00
508.9981	0.00	0.00
509.3900	0.00	0.00
509.7443	0.00	0.00
510.1846	0.00	0.00
510.6210	0.00	0.00
511.0490	0.00	0.00
511.4501	0.00	0.00
511.8873	0.00	0.00
512.2381	0.00	0.00
512.6800	0.00	0.00
513.1224	0.00	0.00
513.5218	0.00	0.00
513.9251	0.00	0.00
514.2737	0.00	0.00
514.6756	0.00	0.00
515.1069	0.00	0.00
515.5009	0.00	0.00
515.9496	0.00	0.00
516.2986	0.00	0.00
516.6859	0.00	0.00
517.1046	0.00	0.00
517.5089	0.00	0.00
517.9499	0.00	0.00
518.3928	0.00	0.00
518.7446	0.00	0.00
519.1804	0.00	0.00
519.6249	0.00	0.00
520.0624	0.00	0.00
520.4596	0.00	0.00
520.8672	0.00	0.00
521.2226	0.00	0.00
521.6324	0.00	0.00
522.0664	0.00	0.00
522.5145	0.00	0.00
522.9494	0.00	0.00
523.3955	0.00	0.00
523.7363	0.00	0.00
524.0823	0.00	0.00
524.4890	0.00	0.00
524.9016	0.00	0.00
525.2535	0.00	0.00
525.6894	0.00	0.00
526.1251	0.00	0.00
526.5646	0.00	0.00
527.0058	0.00	0.00
527.3901	0.00	0.00
527.7415	0.00	0.00
528.1871	0.00	0.00
528.6268	0.00	0.00
529.0615	0.00	0.00
529.4557	0.00	0.00
529.8970	0.00	0.00
530.2485	0.00	0.00
530.6804	0.00	0.00
531.1293	0.00	0.00
531.5763	0.00	0.00
532.0021	0.00	0.00
532.4054	0.00	0.00
532.7508	0.00	0.00
533.1776	0.00	0.00
533.5696	0.00	0.00
534.0104	0.00	0.00
534.4522	0.00	0.00
534.7895	0.00	0.00
535.1659	0.00	0.00
535.5531	0.00	0.00
535.9469	0.00	0.00
536.4008	0.00	0.00
536.7523	0.00	0.00
537.1897	0.00	0.00
537.6247	0.00	0.00
538.0538	0.00	0.00
538.4552	0.00	0.00
538.8959	0.00	0.00
539.2472	0.00	0.00
539.6888	0.00	0.00
540.1314	0.00	0.00
540.5681	0.00	0.00
540.9876	0.00	0.00
541.3826	0.00	0.00
541.7235	0.00	0.00
542.1026	0.00	0.00
542.5194	0.00	0.00
542.9492	0.00	0.00
543.2836	0.00	0.00
543.6692	0.00	0.00
544.0392	0.00	0.00
544.4633	0.00	0.00
544.8786	0.00	0.00
545.1963	0.00	0.00
545.5851	0.00	0.00
545.9917	0.00	0.00
546.4619	0.00	0.00
546.8757	0.00	0.00
547.2296	0.00	0.00
547.6349	0.00	0.00
548.0698	0.00	0.00
548.5136	0.00	0.00
548.9831	0.00	0.00
549.4133	0.00	0.00
549.7504	0.00	0.00
550.1656	0.00	0.00
550.5760	0.00	0.00
551.0230	0.00	0.00
551.4487	0.00	0.00
551.9042	0.00	0.00
552.2499	0.00	0.00
552.6911	0.00	0.00
553.1302	0.00	0.00
553.5685	0.00	0.00
554.0127	0.00	0.00
554.4284	0.00	0.00
554.7703	0.00	0.00
555.1965	0.00	0.00
555.6096	0.00	0.00
555.9913	0.00	0.00
556.3858	0.00	0.00
556.7252	0.00	0.00
557.1127	0.00	0.00
557.5107	0.00	0.00
557.9298	0.00	0.00
558.2663	0.00	0.00
558.6668	0.00	0.00
559.0543	0.00	0.00
559.4387	0.00	0.00
559.7750	0.00	0.00
560.1693	0.00	0.00
560.5373	0.00	0.00
560.9564	0.00	0.00
561.4016	0.00	0.00
561.7544	0.00	0.00
562.1951	0.00	0.00
562.6289	0.00	0.00
563.0693	0.00	0.00
563.5068	0.00	0.00
563.9641	0.00	0.00
564.4105	0.00	0.00
564.7610	0.00	0.00
565.1868	0.00	0.00
565.6093	0.00	0.00
565.9883	0.00	0.00
566.3892	0.00	0.00
566.7431	0.00	0.00
567.1388	0.00	0.00
567.5470	0.00	0.00
567.9419	0.00	0.00
568.2609	0.00	0.00
568.6650	0.00	0.00
569.0441	0.00	0.00
569.4479	0.00	0.00
569.7660	0.00	0.00
570.1470	0.00	0.00
570.5424	0.00	0.00
570.9600	0.00	0.00
571.3996	0.00	0.00
571.7557	0.00	0.00
572.2023	0.00	0.00
572.6366	0.00	0.00
573.0730	0.00	0.00
573.5162	0.00	0.00
573.9660	0.00	0.00
574.4126	0.00	0.00
574.7621	0.00	0.00
575.2027	0.00	0.00
575.6423	0.00	0.00
576.0877	0.00	0.00
576.5095	0.00	0.00
576.9628	0.00	0.00
577.4034	0.00	0.00
577.7566	0.00	0.00
578.2124	0.00	0.00
578.6427	0.00	0.00
579.0787	0.00	0.00
579.5202	0.00	0.00
579.9606	0.00	0.00
580.3956	0.00	0.00
580.7483	0.00	0.00
581.2076	0.00	0.00
581.6362	0.00	0.00
582.0687	0.00	0.00
582.5186	0.00	0.00
582.9427	0.00	0.00
583.2797	0.00	0.00
583.6728	0.00	0.00
584.0588	0.00	0.00
584.5177	0.00	0.00
584.9549	0.00	0.00
585.4147	0.00	0.00
585.7664	0.00	0.00
586.2014	0.00	0.00
586.6322	0.00	0.00
587.0858	0.00	0.00
587.5188	0.00	0.00
587.9659	0.00	0.00
588.3958	0.00	0.00
588.7448	0.00	0.00
589.1877	0.00	0.00
589.6463	0.00	0.00
590.0840	0.00	0.00
590.5239	0.00	0.00
590.9563	0.00	0.00
591.4077	0.00	0.00
591.7212	0.00	0.00
592.1214	0.00	0.00
592.5784	0.00	0.00
593.0357	0.00	0.00
593.4494	0.00	0.00
593.9159	0.00	0.00
594.2656	0.00	0.00
594.7007	0.00	0.00
595.1422	0.00	0.00
595.5788	0.00	0.00
596.0244	0.00	0.00
596.4678	0.00	0.00
596.9032	0.00	0.00
597.2561	0.00	0.00
597.7025	0.00	0.00
598.1468	0.00	0.00
598.5867	0.00	0.00
599.0407	0.00	0.00
599.4723	0.00	0.00
599.9071	0.00	0.00
600.2527	0.00	0.00
600.6624	0.00	0.00
601.0438	0.00	0.00
601.4437	0.00	0.00
601.8851	0.00	0.00
602.2363	0.00	0.00
602.6174	0.00	0.00
602.9706	0.00	0.00
603.3689	0.00	0.00
603.7106	0.00	0.00
604.0989	0.00	0.00
604.5083	0.00	0.00
604.9187	0.00	0.00
605.2566	0.00	0.00
605.6673	0.00	0.00
606.0629	0.00	0.00
606.5000	0.00	0.00
606.9448	0.00	0.00
607.3973	0.00	0.00
607.7512	0.00	0.00
608.1843	0.00	0.00
608.6297	0.00	0.00
609.0493	0.00	0.00
609.4145	0.00	0.00
609.7502	0.00	0.00
610.1448	0.00	0.00
610.5384	0.00	0.00
610.9293	0.00	0.00
611.2666	0.00	0.00
611.6597	0.00	0.00
612.0414	0.00	0.00
612.4262	0.00	0.00
612.7465	0.00	0.00
613.1536	0.00	0.00
613.5425	0.00	0.00
613.9440	0.00	0.00
614.2804	0.00	0.00
614.6559	0.00	0.00
615.0402	0.00	0.00
615.4308	0.00	0.00
615.7691	0.00	0.00
616.1674	0.00	0.00
616.5600	0.00	0.00
616.9987	0.00	0.00
617.3753	0.00	0.00
617.7306	0.00	0.00
618.1288	0.00	0.00
618.5665	0.00	0.00
619.0081	0.00	0.00
619.4479	0.00	0.00
619.8968	0.00	0.00
620.2464	0.00	0.00
620.6815	0.00	0.00
621.1263	0.00	0.00
621.5659	0.00	0.00
622.0052	0.00	0.00
622.4443	0.00	0.00
622.8845	0.00	0.00
623.2346	0.00	0.00
623.6165	0.00	0.00
624.0634	0.00	0.00
624.5094	0.00	0.00
624.9542	0.00	0.00
625.3912	0.00	0.00
625.7416	0.00	0.00
626.1838	0.00	0.00
626.6189	0.00	0.00
627.0637	0.00	0.00
627.5011	0.00	0.00
627.8838	0.00	0.00
628.2236	0.00	0.00
628.6044	0.00	0.00
629.0059	0.00	0.00
629.4478	0.00	0.00
629.8933	0.00	0.00
630.2449	0.00	0.00
630.6846	0.00	0.00
631.1234	0.00	0.00
631.5697	0.00	0.00
632.0094	0.00	0.00
632.4517	0.00	0.00
632.8949	0.00	0.00
633.2480	0.00	0.00
633.6966	0.00	0.00
634.1302	0.00	0.00
634.5434	0.00	0.00
634.9326	0.00	0.00
635.2698	0.00	0.00
635.6594	0.00	0.00
636.0419	0.00	0.00
636.4313	0.00	0.00
636.7742	0.00	0.00
637.1789	0.00	0.00
637.6235	0.00	0.00
638.0368	0.00	0.00
638.4327	0.00	0.00
638.7702	0.00	0.00
639.1603	0.00	0.00
639.5504	0.00	0.00
639.9513	0.00	0.00
640.2861	0.00	0.00
640.6586	0.00	0.00
641.0683	0.00	0.00
641.5102	0.00	0.00
641.9508	0.00	0.00
642.3951	0.00	0.00
642.7472	0.00	0.00
643.1800	0.00	0.00
643.5993	0.00	0.00
643.9799	0.00	0.00
644.3716	0.00	0.00
644.7127	0.00	0.00
645.0976	0.00	0.00
645.4890	0.00	0.00
645.8768	0.00	0.00
646.2190	0.00	0.00
646.6043	0.00	0.00
646.9884	0.00	0.00
647.3789	0.00	0.00
647.7197	0.00	0.00
648.0911	0.00	0.00
648.4878	0.00	0.00
648.8975	0.00	0.00
649.2370	0.00	0.00
649.6559	0.00	0.00
650.0477	0.00	0.00
650.4342	0.00	0.00
650.7714	0.00	0.00
651.1700	0.00	0.00
651.5554	0.00	0.00
651.9395	0.00	0.00
652.2766	0.00	0.00
652.6796	0.00	0.00
653.1382	0.00	0.00
653.5799	0.00	0.00
654.0164	0.00	0.00
654.4588	0.00	0.00
654.9146	0.00	0.00
655.2642	0.00	0.00
655.6917	0.00	0.00
656.1217	0.00	0.00
656.5252	0.00	0.00
656.9559	0.00	0.00
657.4123	0.00	0.00
657.7666	0.00	0.00
658.1976	0.00	0.00
658.6373	0.00	0.00
659.0676	0.00	0.00
659.5177	0.00	0.00
659.9598	0.00	0.00
660.3972	0.00	0.00
660.7373	0.00	0.00
661.1185	0.00	0.00
661.5209	0.00	0.00
661.9608	0.00	0.00
662.4180	0.00	0.00
662.7682	0.00	0.00
663.1928	0.00	0.00
663.6363	0.00	0.00
664.0894	0.00	0.00
664.4958	0.00	0.00
664.9189	0.00	0.00
665.2713	0.00	0.00
665.7091	0.00	0.00
666.1381	0.00	0.00
666.5462	0.00	0.00
666.9603	0.00	0.00
667.4087	0.00	0.00
667.7594	0.00	0.00
668.1934	0.00	0.00
668.6485	0.00	0.00
669.0776	0.00	0.00
669.5486	0.00	0.00
669.9531	0.00	0.00
670.3988	0.00	0.00
670.7475	0.00	0.00
671.1996	0.00	0.00
671.6463	0.00	0.00
672.0785	0.00	0.00
672.5157	0.00	0.00
672.9598	0.00	0.00
673.4107	0.00	0.00
673.7616	0.00	0.00
674.1882	0.00	0.00
674.6161	0.00	0.00
675.0289	0.00	0.00
675.4475	0.00	0.00
675.7829	0.00	0.00
676.1906	0.00	0.00
676.6348	0.00	0.00
677.0563	0.00	0.00
677.4472	0.00	0.00
677.7832	0.00	0.00
678.1779	0.00	0.00
678.5635	0.00	0.00
678.9510	0.00	0.00
679.2876	0.00	0.00
679.6714	0.00	0.00
680.0767	0.00	0.00
680.4540	0.00	0.00
680.7666	0.00	0.00
681.1854	0.00	0.00
681.5443	0.00	0.00
681.9535	0.00	0.00
682.2845	0.00	0.00
682.6788	0.00	0.00
683.0617	0.00	0.00
683.4490	0.00	0.00
683.8994	0.00	0.00
684.2490	0.00	0.00
684.6971	0.00	0.00
685.1351	0.00	0.00
685.5563	0.00	0.00
685.9492	0.00	0.00
686.4042	0.00	0.00
686.7535	0.00	0.00
687.1870	0.00	0.00
687.6468	0.00	0.00
688.0827	0.00	0.00
688.5121	0.00	0.00
688.9742	0.00	0.00
689.4072	0.00	0.00
689.9070	0.00	0.00
690.2599	0.00	0.00
690.7063	0.00	0.00
691.1447	0.00	0.00
691.5745	0.00	0.00
692.0309	0.00	0.00
692.4624	0.00	0.00
692.9045	0.00	0.00
693.2549	0.00	0.00
693.7131	0.00	0.00
694.1372	0.00	0.00
694.5866	0.00	0.00
695.0060	0.00	0.00
695.4164	0.00	0.00
695.7674	0.00	0.00
696.2113	0.00	0.00
696.6398	0.00	0.00
697.0823	0.00	0.00
697.5313	0.00	0.00
697.9793	0.00	0.00
698.3940	0.00	0.00
698.7342	0.00	0.00
699.1207	0.00	0.00
699.5060	0.00	0.00
699.8946	0.00	0.00
700.2341	0.00	0.00
700.6141	0.00	0.00
701.0040	0.00	0.00
701.4659	0.00	0.00
701.9142	0.00	0.00
702.2651	0.00	0.00
702.6973	0.00	0.00
703.1054	0.00	0.00
703.5100	0.00	0.00
703.9621	0.00	0.00
704.4196	0.00	0.00
704.7690	0.00	0.00
705.1924	0.00	0.00
705.6443	0.00	0.00
706.0894	0.00	0.00
706.5308	0.00	0.00
706.9694	0.00	0.00
707.4120	0.00	0.00
707.7611	0.00	0.00
708.1930	0.00	0.00
708.6206	0.00	0.00
709.0116	0.00	0.00
709.3986	0.00	0.00
709.7499	0.00	0.00
710.2015	0.00	0.00
710.6247	0.00	0.00
711.0808	0.00	0.00
711.5342	0.00	0.00
711.9657	0.00	0.00
712.4176	0.00	0.00
712.7650	0.00	0.00
713.1996	0.00	0.00
713.6208	0.00	0.00
714.0847	0.00	0.00
714.5239	0.00	0.00
714.9468	0.00	0.00
715.2956	0.00	0.00
715.7178	0.00	0.00
716.1312	0.00	0.00
716.5794	0.00	0.00
717.0299	0.00	0.00
717.4724	0.00	0.00
717.9114	0.00	0.00
718.2593	0.00	0.00
718.6967	0.00	0.00
719.1546	0.00	0.00
719.5660	0.00	0.00
720.0287	0.00	0.00
720.4558	0.00	0.00
720.9106	0.00	0.00
721.2593	0.00	0.00
721.7021	0.00	0.00
722.1469	0.00	0.00
722.5666	0.00	0.00
723.0270	0.00	0.00
723.4490	0.00	0.00
723.9171	0.00	0.00
724.2568	0.00	0.00
724.6978	0.00	0.00
725.1046	0.00	0.00
725.5096	0.00	0.00
725.9814	0.00	0.00
726.3959	0.00	0.00
726.7355	0.00	0.00
727.2028	0.00	0.00
727.6558	0.00	0.00
728.1499	0.00	0.00
728.6726	0.00	0.00
729.0976	0.00	0.00
729.5202	0.00	0.00
729.8396	0.00	0.00
730.1821	0.00	0.00
730.5233	0.00	0.00
730.8642	0.00	0.00
731.2065	0.00	0.00
731.5496	0.00	0.00
731.8946	0.00	0.00
732.2514	0.00	0.00
732.5928	0.00	0.00
732.9285	0.00	0.00
733.2639	0.00	0.00
733.6129	0.00	0.00
733.9441	0.00	0.00
734.2980	0.00	0.00
734.6428	0.00	0.00
734.9864	0.00	0.00
735.3135	0.00	0.00
735.6579	0.00	0.00
735.9905	0.00	0.00
736.3276	0.00	0.00
736.6707	0.00	0.00
737.0059	0.00	0.00
737.3456	0.00	0.00
737.7711	0.00	0.00
738.1924	0.00	0.00
738.6556	0.00	0.00
739.0834	0.00	0.00
739.5405	0.00	0.00
740.0325	0.00	0.00
740.5098	0.00	0.00
740.9785	0.00	0.00
741.4483	0.00	0.00
741.7887	0.00	0.00
742.1951	0.00	0.00
742.5359	0.00	0.00
742.8850	0.00	0.00
743.2249	0.00	0.00
743.5703	0.00	0.00
743.9473	0.00	0.00
744.2951	0.00	0.00
744.6323	0.00	0.00
745.1087	0.00	0.00
745.5462	0.00	0.00
746.0102	0.00	0.00
746.4387	0.00	0.00
747.0093	0.00	0.00
747.4164	0.00	0.00
747.7300	0.00	0.00
748.0452	0.00	0.00
748.3814	0.00	0.00
748.7342	0.00	0.00
749.0812	0.00	0.00
749.4441	0.00	0.00
749.8277	0.00	0.00
750.1841	0.00	0.00
750.5569	0.00	0.00
750.9409	0.00	0.00
751.3336	0.00	0.00
751.6875	0.00	0.00
752.0663	0.00	0.00
752.4418	0.00	0.00
752.8279	0.00	0.00
753.1842	0.00	0.00
753.5578	0.00	0.00
754.0153	0.00	0.00
754.5055	0.00	0.00
754.9794	0.00	0.00
755.4114	0.00	0.00
755.7606	0.00	0.00
756.2103	0.00	0.00
756.6452	0.00	0.00
757.0886	0.00	0.00
757.5297	0.00	0.00
757.9938	0.00	0.00
758.4024	0.00	0.00
758.7394	0.00	0.00
759.1866	0.00	0.00
759.6449	0.00	0.00
760.0915	0.00	0.00
760.5321	0.00	0.00
760.9740	0.00	0.00
761.4202	0.00	0.00
761.7695	0.00	0.00
762.1993	0.00	0.00
762.6322	0.00	0.00
763.0964	0.00	0.00
763.5532	0.00	0.00
763.9723	0.00	0.00
764.4303	0.00	0.00
764.8627	0.00	0.00
765.3280	0.00	0.00
765.7695	0.00	0.00
766.2347	0.00	0.00
766.7232	0.00	0.00
767.1187	0.00	0.00
767.6056	0.00	0.00
768.0939	0.00	0.00
768.5348	0.00	0.00
768.9795	0.00	0.00
769.3309	0.00	0.00
769.6637	0.00	0.00
770.0073	0.00	0.00
770.3632	0.00	0.00
770.6950	0.00	0.00
771.0384	0.00	0.00
771.3856	0.00	0.00
771.7379	0.00	0.00
772.0915	0.00	0.00
772.4226	0.00	0.00
772.7552	0.00	0.00
773.0897	0.00	0.00
773.4265	0.00	0.00
773.7526	0.00	0.00
774.0826	0.00	0.00
774.6830	0.00	0.00
775.0897	0.00	0.00
775.5869	0.00	0.00
776.1352	0.00	0.00
776.7100	0.00	0.00
777.2308	0.00	0.00
777.6643	0.00	0.00
777.9936	0.00	0.00
778.3275	0.00	0.00
778.7585	0.00	0.00
779.1999	0.00	0.00
779.7880	0.00	0.00
780.3502	0.00	0.00
780.8846	0.00	0.00
781.2883	0.00	0.00
781.7739	0.00	0.00
782.3096	0.00	0.00
782.7836	0.00	0.00
783.1958	0.00	0.00
783.6317	0.00	0.00
784.1637	0.00	0.00
784.6585	0.00	0.00
785.0996	0.00	0.00
785.5606	0.00	0.00
786.0355	0.00	0.00
786.4783	0.00	0.00
786.9396	0.00	0.00
787.2890	0.00	0.00
787.7184	0.00	0.00
788.1594	0.00	0.00
788.6163	0.00	0.00
789.0457	0.00	0.00
789.4944	0.00	0.00
789.9836	0.00	0.00
790.4337	0.00	0.00
790.7810	0.00	0.00
791.2245	0.00	0.00
791.6582	0.00	0.00
792.1127	0.00	0.00
792.5541	0.00	0.00
792.9674	0.00	0.00
793.4052	0.00	0.00
793.7437	0.00	0.00
794.1831	0.00	0.00
794.5810	0.00	0.00
795.0436	0.00	0.00
795.4884	0.00	0.00
795.9338	0.00	0.00
796.2824	0.00	0.00
796.7350	0.00	0.00
797.1626	0.00	0.00
797.6139	0.00	0.00
798.0230	0.00	0.00
798.4649	0.00	0.00
798.9088	0.00	0.00
799.2604	0.00	0.00
799.7236	0.00	0.00
800.1401	0.00	0.00
800.6069	0.00	0.00
801.0501	-81.66	-79.30
801.4840	-80.53	-78.13
802.0011	-79.71	-78.73
802.4351	-78.01	-76.98
802.7819	-80.53	-78.31
803.2143	-82.10	-79.09
803.6467	-80.52	-78.28
804.1061	-81.31	-76.70
804.5390	-74.34	-69.52
804.9886	-65.50	256.00
805.5336	1042.67	1200.36
806.0473	1291.48	1376.96
806.5493	1281.13	1347.98
806.9875	1278.32	1340.10
807.4324	1285.60	1342.55
807.7783	1306.60	1358.77
808.2234	1328.60	1375.56
808.6562	1346.24	1390.33
809.0955	1368.21	1404.66
809.5560	1388.75	1421.46
809.9837	1408.05	1436.29
810.4410	1425.29	1450.47
810.7837	1443.29	1465.00
811.2203	1456.51	1474.61
811.6561	1465.17	1482.63
812.0819	1472.62	1489.26
812.5373	1480.17	1493.84
812.9732	1487.80	1499.06
813.2841	1492.41	1502.60
813.6764	1496.82	1504.69
814.0760	1497.63	1505.78
814.5446	1498.87	1507.13
814.9844	1502.28	1507.72
815.4382	1504.18	1507.55
815.7551	1505.26	1508.64
816.1765	1502.69	1507.63
816.5766	1505.66	1509.14
817.0213	1503.58	1507.51
817.4843	1501.18	1504.75
817.9733	1503.16	1504.52
818.2875	1503.50	1503.74
818.6832	1500.00	1501.60
819.1197	1500.43	1500.32
819.5330	1499.95	1498.76
819.9709	1499.96	1498.84
820.2858	1499.09	1497.27
820.7608	1498.88	1497.17
821.1960	1496.73	1494.62
821.6343	1494.75	1492.34
822.0788	1493.62	1491.67
822.3938	1493.10	1489.96
822.7088	1492.33	1489.14
823.0225	1491.03	1487.78
823.3585	1491.00	1485.88
823.7000	1491.17	1484.42
824.0513	1486.68	1483.42
824.4028	1487.26	1482.84
824.7580	1487.08	1482.06
825.1141	1486.30	1482.10
825.4558	1483.95	1478.92
825.8063	1483.39	1478.13
826.1589	1482.22	1477.87
826.5088	1484.82	1477.13
826.8616	1482.35	1475.86
827.2169	1483.34	1476.08
827.5620	1479.27	1474.58
827.9146	1480.41	1473.63
828.2564	1478.81	1472.29
828.5973	1479.11	1471.02
828.9363	1476.65	1470.09
829.2782	1477.98	1470.60
829.6283	1474.83	1468.65
829.9816	1473.21	1468.37
830.3314	1474.87	1466.72
830.6776	1474.26	1466.85
831.0280	1473.45	1465.48
831.3798	1473.05	1465.23
831.7297	1470.93	1465.27
832.0820	1470.29	1463.37
832.4337	1470.69	1462.88
832.7877	1470.36	1461.71
833.1376	1471.47	1460.41
833.4901	1469.15	1460.58
833.8406	1470.57	1461.20
834.1801	1468.90	1460.15
834.5278	1466.16	1459.92
834.8742	1468.59	1459.06
835.2303	1466.22	1457.48
835.5780	1466.41	1457.48
835.9283	1464.76	1456.66
836.2760	1462.76	1456.48
836.6221	1464.15	1455.57
836.9677	1464.13	1454.27
837.3112	1463.21	1454.13
837.6556	1463.74	1453.43
838.0013	1462.69	1452.88
838.3517	1461.53	1452.37
838.6965	1464.16	1452.85
839.0262	1462.32	1452.80
839.3579	1458.83	1449.34
839.6971	1459.96	1450.91
840.0394	1458.25	1449.75
840.3770	1460.41	1450.96
840.7254	1459.44	1448.75
841.0797	1458.98	1449.03
841.4300	1456.89	1448.88
841.7834	1460.05	1449.09
842.1352	1456.19	1446.82
842.4850	1457.84	1447.81
842.8355	1457.46	1446.71
843.1851	1456.31	1446.38
843.5358	1456.78	1446.59
843.8625	1455.87	1444.99
844.2177	1454.23	1444.92
844.5706	1453.82	1443.30
844.9243	1452.69	1444.10
845.2757	1453.53	1442.88
845.6284	1452.48	1442.97
845.9806	1452.66	1443.03
846.3315	1454.10	1443.31
846.6837	1451.84	1441.51
847.0235	1452.52	1441.92
847.3619	1452.32	1441.54
847.7171	1452.57	1441.66
848.0675	1454.81	1442.61
848.4175	1452.34	1441.92
848.7695	1451.62	1441.73
849.1225	1450.72	1440.43
849.4695	1450.27	1440.74
849.8218	1451.58	1440.97
850.1615	1451.13	1439.16
850.4835	1451.89	1439.40
851.0034	1449.09	1438.79
851.4275	1450.49	1439.42
851.9314	1451.10	1440.54
852.5169	1451.00	1440.11
853.1903	1450.21	1439.25
853.7435	1450.46	1440.33
854.1612	1448.89	1438.56
854.5967	1449.30	1438.07
854.9431	1449.48	1438.61
855.2734	1448.96	1437.87
855.6167	1447.32	1436.66
855.9524	1447.01	1437.53
856.2829	1447.52	1436.66
856.6181	1447.16	1435.12
856.9536	1447.08	1435.46
857.2895	1445.96	1435.21
857.6266	1444.86	1434.27
857.9691	1446.42	1435.06
858.3097	1447.45	1435.46
858.6477	1446.12	1435.19
858.9853	1447.55	1435.07
859.3276	1444.02	1434.45
859.6617	1447.01	1434.15
860.0040	1444.85	1433.58
860.3378	1445.23	1433.69
860.6828	1444.68	1433.97
861.0214	1444.12	1434.14
861.3593	1443.69	1432.96
861.7045	1444.89	1433.95
862.0536	1445.52	1434.07
862.4021	1446.94	1433.02
862.7472	1443.71	1432.46
863.3347	1445.67	1433.40
863.8787	1443.69	1433.70
864.4317	1447.08	1434.40
864.7665	1446.23	1433.00
865.2343	1444.16	1433.29
865.7995	1443.15	1432.58
866.3733	1441.97	1432.02
866.9524	1442.75	1433.19
867.2874	1444.48	1432.84
867.7191	1443.51	1432.05
868.0647	1443.17	1431.83
868.3987	1442.07	1430.06
868.7388	1442.97	1430.74
869.0912	1442.21	1429.65
869.4344	1441.50	1430.82
869.7830	1443.16	1430.87
870.1157	1443.53	1430.73
870.4347	1443.53	1430.91
870.7823	1441.00	1429.73
871.1228	1440.98	1431.00
871.4560	1439.60	1429.79
871.7945	1437.49	1428.07
872.1271	1439.97	1429.78
872.4613	1442.61	1428.99
872.7993	1439.64	1429.26
873.1396	1441.02	1429.10
873.4775	1437.94	1428.02
873.8269	1441.43	1429.30
874.1679	1439.59	1427.74
874.5126	1440.94	1429.97
874.8665	1441.93	1429.01
875.2065	1439.82	1428.24
875.5352	1440.59	1428.69
875.8701	1439.94	1428.58
876.1982	1440.54	1428.75
876.6585	1439.02	1428.12
876.9954	1439.05	1427.35
877.5856	1439.00	1427.79
877.9170	1436.97	1427.79
878.4915	1439.36	1428.33
878.8352	1440.31	1429.11
879.3087	1439.93	1428.32
880.0083	1440.63	1428.86
880.3826	1438.92	1428.89
880.7333	1439.64	1428.42
881.0686	1439.11	1426.88
881.4033	1437.40	1426.11
881.7330	1438.26	1426.43
882.0970	1439.08	1426.82
882.4455	1438.30	1425.98
882.7952	1438.70	1427.00
883.1475	1436.78	1426.48
883.4866	1438.58	1426.91
883.8176	1437.02	1426.19
884.1499	1438.84	1426.23
884.4916	1438.82	1426.00
884.9009	1437.67	1426.46
885.2235	1437.87	1426.73
885.5482	1438.71	1425.35
885.8744	1437.73	1425.04
886.2162	1437.64	1425.97
886.5678	1436.83	1425.20
886.9207	1437.27	1424.85
887.2761	1438.08	1425.98
887.6245	1435.50	1424.72
887.9643	1435.77	1425.13
888.2981	1435.20	1425.13
888.6391	1436.51	1425.11
888.9834	1435.60	1424.59
889.3158	1438.49	1425.24
889.6562	1435.92	1424.91
889.9999	1437.65	1425.48
890.3253	1435.69	1425.15
890.6493	1434.23	1424.27
891.0260	1436.93	1423.82
891.3734	1437.02	1425.28
891.7428	1435.60	1424.82
892.0737	1433.64	1424.34
892.3888	1437.29	1424.83
892.7330	1436.30	1423.55
893.0796	1435.75	1424.15
893.4254	1435.35	1422.24
893.7671	1435.10	1423.23
894.1191	1434.11	1423.24
894.4588	1435.44	1423.51
894.7990	1433.20	1421.60
895.1463	1433.21	1422.83
895.4818	1435.98	1423.36
895.8242	1434.10	1422.66
896.1787	1435.97	1422.73
896.5241	1435.85	1423.16
896.8636	1435.34	1423.32
897.2044	1434.78	1422.09
897.5542	1434.06	1421.75
897.9392	1434.38	1421.92
898.2901	1434.32	1421.50
898.6290	1432.37	1420.90
898.9610	1433.89	1422.21
899.4831	1433.09	1421.91
899.9293	1432.58	1420.96
900.4728	1434.04	1422.18
901.1216	1436.99	1424.00
901.6019	1433.67	1422.50
902.1035	1432.66	1423.10
902.5731	1433.90	1423.36
903.1038	1434.25	1424.27
903.5024	1433.16	1421.48
903.8453	1432.86	1421.13
904.1958	1433.50	1422.75
904.5359	1430.33	1420.28
904.8827	1432.36	1421.55
905.2225	1432.70	1421.56
905.5622	1430.50	1419.32
905.9204	1430.75	1420.89
906.2607	1431.84	1419.97
906.5974	1431.02	1419.62
906.9223	1432.15	1420.70
907.5792	1432.45	1420.85
907.9245	1433.82	1420.67
908.2769	1432.57	1420.12
908.8845	1430.11	1420.24
909.2174	1430.84	1420.22
909.5639	1431.86	1419.96
909.8978	1430.47	1420.24
910.2405	1430.62	1419.39
910.5575	1430.23	1419.14
911.0697	1432.91	1419.32
911.4063	1428.81	1418.59
911.8532	1432.35	1419.26
912.3298	1430.42	1419.08
912.6778	1430.04	1418.73
913.0079	1431.41	1418.92
913.3441	1429.53	1418.02
913.6974	1428.83	1417.77
914.0364	1430.12	1417.79
914.3496	1430.25	1418.60
914.7677	1430.65	1418.72
915.1718	1429.99	1418.01
915.4939	1431.23	1418.26
915.8355	1431.50	1418.30
916.2006	1428.89	1418.01
916.5353	1430.90	1418.07
916.8749	1429.94	1417.46
917.2271	1430.37	1417.78
917.5570	1431.54	1418.39
918.0251	1428.55	1416.89
918.4766	1430.86	1419.26
919.2027	1429.73	1418.97
919.8164	1431.62	1418.54
920.4735	1430.31	1419.86
920.8069	1431.22	1420.47
921.1510	1430.25	1418.33
921.4871	1429.33	1417.90
921.8240	1428.71	1415.96
922.1576	1429.24	1417.28
922.4993	1428.88	1416.78
922.8548	1429.38	1417.14
923.2115	1429.35	1417.34
923.5585	1429.84	1417.53
923.9211	1430.28	1418.06
924.2728	1430.53	1418.34
924.6119	1430.35	1417.84
924.9447	1429.91	1417.91
925.2752	1430.79	1416.54
925.6685	1429.00	1416.44
926.0652	1428.90	1415.96
926.5281	1429.40	1417.54
926.9646	1425.43	1416.32
927.4157	1429.13	1417.57
927.7638	1427.49	1416.62
928.2071	1431.26	1418.76
928.6364	1432.07	1418.46
929.0785	1429.80	1417.81
929.5482	1431.44	1417.74
929.9533	1429.83	1417.92
930.4879	1431.39	1417.96
930.9072	1430.63	1417.82
931.2469	1431.08	1419.01
931.5991	1430.70	1417.16
931.9484	1429.26	1417.04
932.2926	1430.94	1416.52
932.6488	1431.03	1416.11
932.9852	1428.24	1416.78
933.3136	1428.61	1416.00
933.6409	1428.31	1415.36
933.9832	1428.13	1415.57
934.3245	1428.37	1415.20
934.6622	1428.28	1415.43
935.1886	1428.44	1415.94
935.7212	1432.06	1418.23
936.2942	1429.30	1416.32
936.7523	1430.82	1417.98
937.1897	1429.86	1416.73
937.7297	1430.37	1418.16
938.1421	1430.07	1417.34
938.4805	1429.30	1416.33
938.8205	1430.34	1416.31
939.1727	1428.94	1415.58
939.5060	1428.21	1416.05
939.8424	1429.59	1415.74
940.1777	1428.71	1415.53
940.5105	1427.55	1415.33
940.8599	1426.75	1414.44
941.2021	1427.84	1415.80
941.5400	1427.61	1414.69
941.8756	1428.82	1414.80
942.2219	1428.88	1415.33
942.5602	1427.18	1414.19
942.9054	1425.50	1413.82
943.2470	1425.86	1413.50
943.5867	1425.79	1414.28
944.0085	1424.93	1413.48
944.4720	1427.15	1413.91
944.9187	1428.43	1415.47
945.4674	1427.70	1414.98
946.0389	1428.53	1416.12
946.4757	1428.49	1415.74
946.9304	1427.13	1414.32
947.2700	1428.78	1414.26
947.7235	1430.20	1415.80
948.1607	1426.70	1414.46
948.5032	1425.43	1413.78
948.8516	1425.78	1413.57
949.1973	1425.23	1412.86
949.5300	1425.11	1412.98
949.8655	1425.12	1414.01
950.2003	1427.13	1412.97
950.5385	1424.78	1412.11
950.8733	1425.00	1412.68
951.2113	1423.06	1410.70
951.5522	1427.68	1413.87
951.8955	1426.91	1412.44
952.2370	1424.63	1412.04
952.5860	1426.24	1412.84
952.9286	1424.51	1411.91
953.2665	1426.72	1413.23
953.6036	1425.44	1412.75
953.9456	1424.42	1412.79
954.2855	1423.94	1411.42
954.6242	1423.09	1410.95
954.9602	1423.99	1410.69
955.2967	1422.92	1410.83
955.6368	1424.40	1410.77
955.9762	1425.45	1411.57
956.3162	1423.91	1411.44
956.6625	1424.17	1410.79
956.9834	1424.75	1411.19
957.3001	1424.72	1411.55
957.8532	1425.17	1411.54
958.3611	1424.39	1411.34
959.0287	1424.63	1412.73
959.5712	1424.61	1412.46
959.9812	1424.41	1411.26
960.5909	1421.78	1411.18
961.0238	1426.30	1412.37
961.5295	1424.01	1410.42
962.0211	1422.42	1410.92
962.5203	1424.01	1411.66
963.0833	1420.90	1410.39
963.6084	1423.60	1411.04
964.1018	1424.81	1411.53
964.5566	1422.84	1411.46
964.9819	1423.72	1409.99
965.3187	1421.46	1409.62
965.6559	1423.52	1409.16
965.9900	1421.03	1409.08
966.3268	1422.50	1410.24
966.6675	1421.26	1408.68
967.0081	1422.37	1409.75
967.3572	1420.49	1408.18
967.7041	1421.42	1408.88
968.0529	1422.67	1408.57
968.3962	1422.00	1409.27
968.7432	1421.82	1408.44
969.0823	1419.23	1408.19
969.4142	1421.42	1408.32
969.7538	1419.05	1406.65
970.1046	1421.66	1407.46
970.4446	1421.95	1407.68
970.7836	1419.80	1406.80
971.1104	1420.73	1408.16
971.4591	1420.35	1408.16
971.8033	1421.34	1408.11
972.1444	1421.29	1408.00
972.4852	1420.67	1407.76
972.8118	1418.87	1406.56
973.1456	1421.27	1406.63
973.5820	1420.07	1406.31
974.0265	1421.10	1407.98
974.4773	1419.29	1406.81
974.8976	1420.20	1406.94
975.4536	1422.60	1408.78
975.9399	1420.75	1407.63
976.4058	1421.64	1407.93
976.9338	1421.55	1409.07
977.2688	1422.00	1406.02
977.6715	1419.97	1407.10
978.1387	1421.59	1407.48
978.6397	1419.83	1406.78
979.0871	1420.31	1406.94
979.5301	1418.03	1406.22
979.9854	1419.27	1405.67
980.4262	1418.98	1406.19
980.7758	1420.53	1406.94
981.2230	1417.67	1405.79
981.6555	1418.10	1405.39
982.1050	1419.79	1405.19
982.5035	1417.99	1406.54
982.9766	1418.67	1404.99
983.4305	1416.69	1405.55
983.7781	1419.58	1405.92
984.2231	1418.67	1405.54
984.6571	1417.44	1405.04
985.1102	1418.89	1405.56
985.5419	1416.61	1405.06
985.9855	1419.24	1406.31
986.4199	1419.75	1406.72
986.7668	1419.00	1406.07
987.2094	1419.22	1406.52
987.6322	1418.48	1405.18
988.0980	1419.76	1406.67
988.5541	1417.53	1405.31
988.9843	1419.29	1405.65
989.4320	1419.97	1405.04
989.7789	1417.62	1404.42
990.2295	1418.33	1405.29
990.6708	1417.13	1404.30
991.0773	1417.57	1404.63
991.5476	1416.43	1403.88
991.9900	1418.16	1404.60
992.4163	1415.81	1402.87
992.7622	1415.80	1403.61
993.2154	1416.59	1403.43
993.6349	1415.90	1403.54
994.1001	1417.96	1404.35
994.5394	1415.49	1402.33
994.9903	1415.50	1401.47
995.4264	1415.82	1402.68
995.7778	1413.98	1402.29
996.2283	1417.63	1403.28
996.6659	1413.67	1400.87
997.1064	1414.23	1402.82
997.5472	1414.58	1401.18
997.9671	1414.91	1402.11
998.5193	1413.62	1401.82
999.1193	1413.32	1402.47
999.7894	1414.77	1402.75
1000.3643	1414.60	1402.97
1000.7657	1413.24	1401.81
1001.3443	1415.45	1401.99
1001.9170	1412.64	1400.67
1002.4578	1412.92	1401.28
1002.9620	1414.17	1400.40
1003.4240	1412.64	1400.86
1003.7616	1413.13	1400.04
1004.1089	1410.54	1399.65
1004.4350	1411.18	1399.21
1004.7795	1413.31	1401.04
1005.1085	1411.64	1399.34
1005.4411	1410.75	1399.08
1005.7733	1411.80	1397.67
1006.0933	1412.22	1399.02
1006.4273	1410.46	1397.93
1006.7679	1410.47	1398.72
1007.1039	1410.81	1398.46
1007.4293	1408.07	1396.39
1007.7640	1410.38	1398.03
1008.1002	1408.08	1397.10
1008.4317	1409.82	1396.96
1008.7601	1410.02	1397.16
1009.1628	1409.89	1398.27
1009.5776	1411.23	1398.18
1010.0517	1411.14	1398.84
1010.4606	1409.72	1397.76
1011.0084	1408.68	1398.32
1011.4536	1410.48	1398.38
1011.9773	1409.36	1397.62
1012.4877	1410.89	1399.28
1012.9729	1410.14	1397.78
1013.5036	1411.68	1398.56
1014.0928	1411.64	1398.41
1014.6091	1410.41	1396.87
1015.0860	1410.63	1398.21
1015.5432	1411.89	1398.91
1015.9859	1409.07	1396.18
1016.5105	1409.60	1396.84
1017.0169	1410.88	1397.75
1017.5384	1407.64	1396.78
1017.9725	1410.10	1397.10
1018.3937	1407.94	1396.99
1018.9150	1408.74	1396.48
1019.2519	1408.69	1396.44
1019.6988	1407.04	1396.61
1020.2739	1408.67	1395.79
1020.7387	1409.02	1396.73
1021.1428	1408.14	1395.48
1021.6025	1408.84	1395.39
1022.0456	1407.93	1395.07
1022.4795	1407.53	1395.71
1022.9378	1408.20	1394.84
1023.3966	1406.58	1395.00
1023.9600	1405.52	1395.07
1024.4077	1406.52	1394.54
1024.9738	1405.42	1394.48
1025.5348	1406.90	1394.91
1026.1499	1407.39	1394.95
1026.8178	1406.77	1395.41
1027.2440	1407.36	1394.26
1027.9092	1407.58	1395.23
1028.5095	1406.45	1394.23
1029.0425	1405.05	1394.03
1029.7458	1406.82	1394.77
1030.4273	1406.61	1394.31
1030.9040	1406.59	1393.98
1031.4355	1404.90	1393.86
1032.0734	1406.41	1393.78
1032.5844	1404.71	1392.63
1033.0620	1404.10	1391.52
1033.4695	1403.45	1390.93
1034.0352	1405.00	1393.20
1034.4790	1405.08	1391.79
1034.9758	1403.39	1391.42
1035.4751	1404.89	1392.01
1036.0767	1403.88	1392.49
1036.7486	1404.05	1392.88
1037.3079	1403.51	1392.25
1037.7127	1404.46	1391.36
1038.2599	1401.38	1391.35
1038.8976	1403.57	1392.56
1039.4499	1403.41	1391.94
1039.9616	1403.09	1390.99
1040.6261	1401.18	1391.06
1041.1205	1404.51	1391.45
1041.7283	1403.78	1391.45
1042.1959	1403.06	1391.20
1042.6764	1401.41	1390.48
1043.1215	1401.64	1390.11
1043.5377	1402.25	1389.64
1043.9688	1402.72	1389.69
1044.4483	1401.77	1389.90
1044.7901	1402.50	1389.72
1045.2342	1401.20	1389.70
1045.6630	1400.20	1388.86
1046.1213	1400.04	1389.10
1046.5510	1402.94	1389.41
1047.0066	1400.94	1388.96
1047.4999	1401.98	1389.65
1047.9437	1399.32	1387.59
1048.2884	1401.87	1389.77
1048.7395	1401.83	1389.10
1049.1806	1399.49	1388.32
1049.6174	1401.56	1387.97
1050.0403	1399.67	1387.64
1050.4794	1400.24	1387.64
1050.9314	1400.14	1388.57
1051.2615	1402.63	1388.67
1051.7358	1400.61	1388.32
1052.1854	1400.40	1388.05
1052.6782	1399.73	1389.02
1053.1596	1399.98	1388.99
1053.6219	1401.43	1387.64
1054.1150	1400.88	1388.12
1054.5616	1401.32	1388.22
1055.0626	1398.62	1387.11
1055.5495	1398.66	1387.34
1056.0025	1399.55	1387.39
1056.4551	1399.52	1387.51
1057.1104	1397.30	1387.25
1057.7723	1400.08	1388.84
1058.1962	1399.82	1387.26
1058.6402	1397.74	1386.80
1059.0963	1398.50	1386.82
1059.5411	1400.74	1386.87
1059.9762	1398.45	1386.27
1060.4279	1398.64	1386.55
1060.7628	1399.79	1387.68
1061.2167	1399.31	1387.13
1061.7071	1400.41	1386.96
1062.1608	1400.30	1387.77
1062.7020	1398.15	1386.26
1063.1437	1399.16	1387.33
1063.7985	1397.28	1385.85
1064.2152	1400.57	1386.90
1064.6356	1397.86	1384.78
1065.1106	1399.75	1385.50
1065.5916	1396.71	1385.85
1066.0205	1398.69	1386.16
1066.3600	1397.86	1385.36
1066.7734	1398.65	1385.38
1067.2013	1397.76	1385.67
1067.6515	1395.45	1384.75
1068.0901	1397.11	1385.53
1068.5670	1395.52	1384.81
1068.9837	1397.76	1384.05
1069.4224	1397.56	1384.83
1069.7420	1397.19	1384.45
1070.4604	1399.69	1386.87
1071.0793	1398.14	1385.46
1071.7251	1396.64	1384.27
1072.4031	1398.38	1385.68
1072.9963	1396.80	1383.94
1073.4297	1396.63	1384.14
1073.7536	1397.19	1383.86
1074.1840	1396.31	1383.30
1074.6419	1397.24	1384.55
1075.0523	1396.49	1383.02
1075.5021	1393.38	1382.31
1075.9264	1395.15	1383.70
1076.2621	1395.36	1383.24
1076.7035	1397.50	1383.47
1077.1429	1394.49	1382.86
1077.5725	1395.29	1382.75
1078.0039	1395.68	1382.09
1078.4408	1397.01	1382.65
1078.7721	1395.21	1381.84
1079.2133	1395.62	1382.48
1079.6308	1395.93	1382.86
1080.0753	1392.30	1381.48
1080.4745	1392.42	1381.13
1080.9173	1393.30	1380.59
1081.2544	1393.55	1381.20
1081.6926	1395.43	1381.82
1082.1093	1392.41	1380.67
1082.5230	1393.12	1382.12
1082.9146	1393.92	1381.00
1083.4484	1394.08	1380.78
1083.7817	1393.21	1379.17
1084.1983	1392.88	1380.65
1084.6714	1395.68	1381.41
1085.1094	1395.05	1381.16
1085.6270	1392.88	1380.48
1086.1770	1393.79	1381.26
1086.6660	1394.85	1381.69
1087.1175	1392.76	1380.80
1087.6180	1396.30	1381.27
1088.1186	1393.45	1381.94
1088.5922	1393.95	1380.74
1089.0618	1396.37	1381.84
1089.5545	1391.86	1380.39
1090.1179	1393.31	1380.38
1090.6196	1392.27	1380.87
1091.1163	1392.55	1379.82
1091.6749	1394.50	1381.32
1092.1791	1393.23	1380.45
1092.6706	1391.18	1380.27
1093.1760	1389.65	1379.00
1093.6749	1391.00	1379.39
1094.1499	1389.76	1378.85
1094.5969	1388.31	1379.02
1095.0574	1392.77	1379.22
1095.5577	1391.05	1379.04
1095.9813	1390.59	1378.14
1096.4488	1389.73	1378.18
1096.9450	1389.41	1378.07
1097.4371	1391.17	1378.70
1097.7845	1390.07	1378.05
1098.2418	1392.08	1379.63
1098.7425	1389.58	1377.47
1099.2342	1392.01	1378.84
1099.7337	1390.99	1378.04
1100.2282	1388.83	1377.36
1100.6800	1389.00	1377.89
1101.1841	1389.17	1376.92
1101.6800	1391.47	1378.16
1102.1768	1388.85	1376.76
1102.6760	1388.02	1376.92
1103.1625	1387.80	1376.29
1103.6205	1388.95	1376.62
1104.1153	1388.26	1376.07
1104.5455	1389.29	1374.65
1105.0188	1388.39	1375.96
1105.5122	1388.45	1376.26
1105.9410	1387.77	1375.53
1106.2775	1387.02	1375.57
1106.7190	1387.80	1375.56
1107.1700	1387.49	1375.23
1107.6253	1386.13	1375.76
1108.0347	1387.56	1375.41
1108.6162	1385.16	1374.73
1109.2635	1386.33	1375.54
1109.7734	1388.31	1374.70
1110.2208	1385.73	1373.92
1110.6609	1386.80	1375.26
1111.1389	1385.90	1373.61
1111.6199	1388.50	1374.92
1112.1269	1383.87	1372.23
1112.6089	1385.16	1373.07
1113.0498	1386.81	1374.27
1113.5197	1384.82	1372.56
1114.0161	1386.07	1374.45
1114.5016	1384.97	1373.71
1114.9565	1386.43	1373.30
1115.4864	1383.98	1372.38
1116.1400	1385.07	1373.39
1116.7112	1383.14	1373.43
1117.3817	1385.54	1373.44
1118.0555	1386.41	1372.83
1118.6770	1384.55	1373.09
1119.3090	1383.05	1373.05
1119.9239	1384.70	1373.01
1120.2716	1387.39	1374.17
1120.7429	1384.74	1372.38
1121.2325	1383.20	1371.78
1121.7827	1382.31	1370.93
1122.3098	1382.93	1371.13
1122.9252	1384.68	1372.03
1123.2636	1382.97	1370.74
1123.7352	1382.68	1371.78
1124.1826	1381.69	1371.12
1124.7451	1381.93	1371.00
1125.2369	1383.23	1371.07
1125.7303	1382.39	1370.69
1126.2275	1383.28	1371.07
1126.9129	1381.59	1369.48
1127.4238	1384.67	1371.70
1127.9774	1381.71	1369.95
1128.6149	1382.48	1370.55
1129.2109	1381.62	1370.16
1129.8171	1382.08	1370.55
1130.4385	1382.66	1369.45
1130.9871	1381.03	1369.59
1131.4255	1379.69	1369.21
1131.7696	1380.40	1367.51
1132.2312	1381.24	1368.81
1132.6496	1380.17	1368.45
1133.0901	1376.95	1367.40
1133.6662	1377.98	1367.13
1134.3206	1380.46	1368.50
1134.9070	1378.89	1368.20
1135.5994	1379.81	1368.53
1136.1025	1380.69	1369.81
1136.5592	1379.18	1367.70
1137.2910	1377.95	1367.57
1137.8975	1379.71	1367.68
1138.4323	1378.13	1367.46
1139.0629	1379.03	1367.70
1139.5607	1378.44	1367.24
1140.0677	1380.42	1366.93
1140.5704	1377.66	1366.62
1141.0572	1376.73	1365.51
1141.4878	1377.25	1366.99
1142.2112	1377.71	1366.51
1142.7344	1380.57	1368.23
1143.2433	1378.76	1367.04
1143.9772	1376.27	1366.51
1144.6911	1379.72	1367.50
1145.2050	1377.35	1366.26
1145.6815	1376.99	1366.85
1146.2776	1375.90	1364.18
1146.8465	1375.98	1365.66
1147.5109	1376.44	1365.48
1148.0477	1377.68	1366.07
1148.4899	1377.25	1365.37
1148.9333	1375.89	1364.62
1149.4956	1375.85	1365.02
1150.0015	1377.01	1365.86
1150.4377	1378.37	1364.99
1150.7827	1375.94	1363.56
1151.2312	1375.88	1363.56
1151.6517	1374.76	1362.94
1152.2230	1375.07	1364.01
1152.8986	1374.88	1364.79
1153.5949	1375.52	1365.10
1154.3070	1374.61	1364.00
1154.7886	1376.42	1363.74
1155.2178	1374.76	1363.55
1155.8711	1373.16	1363.00
1156.5054	1374.17	1362.81
1157.0697	1372.18	1360.40
1157.6470	1373.71	1362.03
1158.3569	1374.05	1362.35
1158.7825	1374.46	1362.89
1159.4607	1372.17	1360.84
1159.9507	1371.96	1361.23
1160.4926	1370.77	1360.59
1160.9848	1371.34	1359.78
1161.6403	1372.85	1361.55
1162.1699	1369.53	1360.81
1162.7308	1370.66	1360.26
1163.4485	1372.23	1360.20
1163.9987	1372.14	1360.99
1164.4476	1372.95	1360.20
1164.9934	1372.13	1360.70
1165.4490	1370.72	1358.94
1165.7801	1371.54	1360.13
1166.4057	1370.64	1359.02
1167.0148	1371.88	1360.02
1167.6295	1369.24	1359.04
1168.1036	1370.96	1359.34
1168.6340	1370.81	1359.68
1169.2620	1370.71	1358.52
1169.7255	1371.61	1359.47
1170.1684	1369.68	1358.99
1170.6987	1370.49	1358.33
1171.1719	1370.64	1358.01
1171.7066	1369.74	1358.46
1172.1966	1370.11	1358.92
1172.7576	1370.09	1358.79
1173.4534	1369.46	1357.85
1174.0049	1371.05	1359.13
1174.6410	1369.17	1358.71
1175.1202	1369.87	1358.95
1175.6328	1371.92	1358.93
1176.1274	1371.60	1359.49
1176.6390	1370.82	1358.46
1177.1437	1370.26	1358.03
1177.6404	1369.13	1357.54
1178.1270	1369.40	1357.76
1178.6316	1367.61	1356.49
1179.1279	1369.79	1357.69
1179.5629	1366.54	1356.13
1179.9995	1370.00	1356.97
1180.4484	1369.02	1355.97
1180.7811	1369.09	1355.67
1181.2254	1370.82	1355.97
1181.6772	1368.13	1355.65
1182.1285	1367.99	1356.25
1182.6375	1365.87	1356.15
1183.1444	1368.44	1355.78
1183.6368	1366.28	1356.01
1184.1358	1367.51	1355.79
1184.6469	1367.45	1356.01
1185.1319	1366.86	1355.62
1185.6401	1369.29	1355.57
1186.1402	1365.25	1354.83
1186.6340	1366.58	1354.58
1187.1370	1365.08	1354.70
1187.6370	1366.48	1355.45
1188.1350	1367.14	1354.83
1188.6411	1367.86	1355.60
1189.1379	1367.33	1355.53
1189.6384	1367.76	1357.07
1190.1309	1366.29	1354.43
1190.6372	1364.54	1353.20
1191.1274	1364.91	1354.29
1191.6073	1365.41	1353.66
1192.0629	1366.58	1354.74
1192.5072	1365.00	1353.66
1192.9407	1364.21	1352.32
1193.2776	1365.35	1353.49
1193.7374	1365.77	1353.74
1194.1862	1362.63	1352.27
1194.6952	1364.12	1353.38
1195.1704	1363.57	1352.39
1195.6219	1363.97	1351.76
1196.0671	1364.10	1352.15
1196.5074	1363.80	1352.94
1197.0188	1365.04	1351.73
1197.5269	1360.77	1351.88
1198.0175	1365.59	1354.33
1198.5186	1364.52	1351.87
1198.9991	1363.41	1351.84
1199.4647	1364.16	1351.53
1199.9617	1363.39	1351.77
1200.4811	1364.19	1351.39
1200.9612	1363.65	1351.56
1201.2792	1364.64	1352.01
1201.7311	1363.32	1350.65
1202.1320	1360.34	1349.33
1202.5974	1361.92	1350.33
1203.0357	1362.26	1350.71
1203.4853	1360.96	1350.90
1203.9144	1364.07	1350.56
1204.2597	1363.19	1350.60
1204.7119	1362.43	1349.86
1205.1615	1361.03	1349.95
1205.6007	1361.96	1350.14
1206.0352	1363.52	1349.74
1206.4951	1359.94	1349.63
1206.9363	1360.72	1348.62
1207.2817	1362.56	1351.16
1207.7236	1361.18	1348.66
1208.1623	1361.38	1348.99
1208.6028	1361.80	1349.25
1209.0482	1360.56	1349.07
1209.4867	1361.11	1348.56
1209.9367	1362.65	1349.41
1210.2834	1359.85	1348.80
1210.7844	1360.74	1348.86
1211.2216	1360.78	1349.55
1211.6649	1359.12	1347.55
1212.1447	1360.98	1349.41
1212.5876	1360.07	1348.95
1213.0413	1361.27	1348.59
1213.4899	1361.02	1348.94
1213.9420	1360.47	1348.55
1214.2909	1358.69	1347.75
1214.7270	1358.54	1348.11
1215.1633	1358.91	1347.58
1215.6155	1359.68	1348.58
1216.0444	1357.06	1347.00
1216.4729	1359.60	1347.75
1216.9269	1356.99	1346.50
1217.2739	1360.38	1348.02
1217.7207	1360.01	1346.96
1218.1501	1358.74	1346.58
1218.6103	1358.85	1346.53
1219.0399	1359.21	1346.68
1219.4947	1359.58	1346.40
1219.9147	1357.10	1345.74
1220.2536	1358.93	1346.08
1220.6949	1359.26	1346.84
1221.1607	1357.20	1345.78
1221.5844	1358.48	1346.39
1222.0422	1358.09	1345.62
1222.4884	1358.78	1345.83
1222.9328	1356.39	1344.59
1223.2793	1354.68	1344.41
1223.7106	1357.77	1344.75
1224.1642	1355.75	1344.46
1224.6132	1354.84	1343.68
1225.0439	1355.19	1344.18
1225.4716	1355.82	1344.40
1225.9180	1354.61	1344.15
1226.2651	1354.63	1343.59
1226.7129	1355.19	1344.18
1227.1624	1354.47	1343.25
1227.6068	1354.82	1343.36
1228.0502	1354.77	1344.10
1228.4829	1356.27	1343.21
1228.9367	1354.87	1342.75
1229.2699	1353.85	1342.78
1229.6938	1355.99	1342.90
1230.1573	1353.51	1343.26
1230.6049	1355.03	1342.61
1231.0219	1352.98	1342.05
1231.4642	1354.85	1343.02
1231.9037	1353.53	1342.76
1232.2398	1354.00	1343.04
1232.6923	1354.63	1342.57
1233.1613	1356.08	1342.74
1233.5962	1355.59	1342.39
1234.0489	1353.00	1341.48
1234.4833	1353.41	1341.36
1234.9433	1353.52	1341.51
1235.2822	1352.85	1342.02
1235.7198	1352.41	1341.67
1236.1630	1352.65	1340.74
1236.6040	1353.88	1341.89
1237.0477	1353.27	1341.34
1237.4897	1356.02	1342.50
1237.9090	1352.81	1340.12
1238.2460	1354.42	1341.97
1238.6916	1353.49	1340.52
1239.1560	1351.45	1340.55
1239.6002	1351.60	1340.93
1240.0387	1353.83	1340.09
1240.4962	1352.30	1339.55
1240.9254	1353.65	1340.81
1241.2740	1351.24	1340.13
1241.7256	1352.30	1340.60
1242.1573	1351.15	1339.06
1242.6128	1352.48	1340.49
1243.0397	1353.23	1339.76
1243.4785	1352.03	1339.44
1243.9203	1353.32	1340.09
1244.2694	1352.93	1340.10
1244.7251	1351.78	1339.88
1245.1649	1351.85	1340.88
1245.5974	1351.39	1339.22
1246.0429	1351.11	1338.35
1246.4906	1350.65	1339.82
1246.9317	1351.56	1339.15
1247.2662	1353.58	1340.36
1247.6956	1348.71	1338.17
1248.1428	1351.29	1339.49
1248.6148	1351.24	1338.45
1249.0484	1350.60	1338.52
1249.4568	1351.00	1338.26
1249.9412	1350.80	1338.62
1250.2754	1350.46	1338.55
1250.6951	1349.08	1337.93
1251.1592	1349.23	1337.94
1251.5999	1350.71	1337.59
1252.0292	1348.17	1337.70
1252.4954	1350.36	1337.95
1252.9376	1351.38	1339.06
1253.2804	1351.07	1337.72
1253.7122	1352.30	1338.57
1254.1686	1349.15	1336.56
1254.6044	1346.47	1336.73
1255.0552	1348.02	1336.85
1255.5049	1347.51	1335.91
1255.9175	1350.39	1338.27
1256.2638	1350.11	1336.46
1256.7262	1350.34	1337.96
1257.1598	1348.85	1336.01
1257.5916	1347.15	1336.01
1258.0224	1346.87	1335.85
1258.4840	1349.62	1336.85
1258.9205	1349.65	1336.60
1259.2658	1349.62	1336.03
1259.7295	1349.33	1337.33
1260.1763	1349.91	1337.31
1260.7116	1348.17	1336.47
1261.1459	1348.64	1336.00
1261.5999	1348.47	1335.95
1262.0467	1347.04	1335.66
1262.4920	1347.88	1335.02
1262.9031	1346.56	1335.07
1263.2393	1347.98	1336.42
1263.6953	1349.16	1335.62
1264.1554	1347.60	1334.45
1264.6033	1345.90	1334.48
1265.0516	1347.40	1335.71
1265.4932	1349.02	1335.46
1265.9091	1347.76	1334.27
1266.2520	1347.71	1335.72
1266.7108	1347.76	1334.65
1267.1542	1346.67	1335.32
1267.6078	1346.00	1333.80
1268.0521	1346.30	1333.68
1268.4748	1347.33	1334.65
1268.9367	1347.49	1333.63
1269.2712	1347.04	1334.26
1269.6976	1345.75	1333.42
1270.1323	1343.65	1332.68
1270.5820	1344.75	1332.67
1271.0284	1345.15	1332.72
1271.4933	1343.16	1330.77
1271.9457	1344.56	1332.65
1272.2734	1346.80	1332.23
1272.7458	1345.07	1333.08
1273.2192	1346.72	1333.32
1273.6602	1343.34	1332.75
1274.1094	1345.95	1332.89
1274.5561	1345.16	1332.40
1275.0512	1343.21	1332.28
1275.4757	1344.10	1331.71
1275.9155	1343.66	1330.99
1276.2591	1343.59	1332.08
1276.7239	1345.10	1331.65
1277.1678	1343.28	1330.88
1277.6080	1343.47	1331.93
1278.0191	1341.04	1330.10
1278.4910	1342.98	1331.06
1278.9383	1344.04	1331.49
1279.2852	1343.03	1331.54
1279.7404	1343.03	1330.14
1280.2269	1342.79	1331.16
1280.6673	1341.85	1330.17
1281.1059	1342.18	1329.99
1281.5558	1343.01	1330.20
1282.0487	1343.12	1331.08
1282.4988	1342.16	1329.39
1282.9050	1342.04	1330.36
1283.2531	1341.67	1329.60
1283.7288	1341.46	1329.68
1284.1679	1341.55	1328.36
1284.6088	1341.08	1328.97
1285.0543	1342.18	1329.27
1285.4781	1342.16	1329.33
1285.9080	1342.84	1329.06
1286.2448	1343.46	1329.21
1286.7077	1342.70	1328.68
1287.1667	1339.82	1328.48
1287.6013	1339.44	1327.73
1288.0519	1342.03	1328.96
1288.4999	1339.80	1326.59
1288.9847	1342.56	1328.96
1289.4441	1341.35	1327.29
1289.9326	1340.28	1327.69
1290.2770	1339.79	1327.14
1290.7218	1340.91	1327.49
1291.1677	1337.78	1326.74
1291.6057	1338.08	1327.33
1292.0506	1339.27	1326.96
1292.4933	1338.06	1326.33
1292.9440	1339.58	1326.13
1293.4365	1339.26	1326.76
1293.7840	1339.16	1326.08
1294.2305	1339.33	1326.13
1294.6573	1337.93	1325.56
1295.1094	1338.41	1326.71
1295.5502	1337.35	1325.68
1295.9936	1338.68	1325.62
1296.4350	1339.34	1326.26
1296.7814	1338.47	1325.49
1297.2315	1338.20	1325.55
1297.6724	1338.13	1324.87
1298.1600	1335.96	1325.66
1298.6127	1337.95	1326.29
1299.1059	1338.50	1325.37
1299.5849	1337.26	1323.83
1300.0532	1337.61	1325.45
1300.4886	1337.84	1325.45
1300.9398	1338.28	1325.79
1301.2797	1338.34	1324.50
1301.7238	1337.90	1324.62
1302.1688	1339.26	1325.94
1302.6072	1335.17	1323.93
1303.0514	1338.04	1324.64
1303.5027	1336.34	1323.46
1304.0511	1336.16	1324.28
1304.4972	1337.45	1324.07
1304.9935	1336.04	1323.68
1305.4152	1335.76	1323.62
1305.7608	1338.95	1324.71
1306.2256	1336.80	1324.44
1306.6764	1336.62	1324.37
1307.1657	1335.55	1323.86
1307.6001	1337.09	1323.10
1308.0475	1337.95	1323.95
1308.4762	1333.15	1322.09
1308.9375	1336.17	1322.45
1309.2820	1336.35	1322.84
1309.7201	1335.17	1321.75
1310.1510	1336.18	1323.30
1310.5742	1337.14	1323.09
1311.0316	1336.21	1322.99
1311.4751	1336.33	1323.34
1311.9206	1336.15	1322.47
1312.2658	1337.37	1323.43
1312.7259	1337.63	1324.74
1313.1398	1335.45	1322.36
1313.5823	1334.04	1322.51
1314.0519	1336.17	1322.77
1314.5045	1336.67	1322.60
1314.9211	1333.29	1321.24
1315.2620	1336.95	1322.26
1315.7125	1335.43	1321.93
1316.1428	1336.03	1322.28
1316.6105	1334.03	1321.33
1317.0261	1335.82	1321.69
1317.4698	1334.70	1321.18
1317.9170	1336.04	1322.11
1318.2553	1334.44	1321.72
1318.7277	1334.52	1320.66
1319.1798	1335.70	1321.23
1319.6591	1335.30	1321.58
1320.0848	1332.25	1320.01
1320.5331	1334.58	1320.88
1320.9715	1334.40	1320.17
1321.4458	1333.37	1320.30
1321.7778	1335.00	1322.14
1322.1916	1331.34	1319.75
1322.6357	1332.27	1319.55
1323.1048	1332.32	1319.50
1323.5554	1331.09	1319.03
1324.0486	1332.72	1319.79
1324.4799	1332.98	1319.24
1324.9250	1330.16	1318.52
1325.2606	1331.48	1317.93
1325.6969	1333.16	1319.23
1326.1652	1331.80	1318.05
1326.5846	1330.07	1317.99
1327.0257	1331.99	1318.60
1327.4861	1331.36	1317.46
1327.9575	1332.17	1317.39
1328.4258	1330.45	1318.04
1328.7695	1330.16	1317.08
1329.2289	1328.55	1316.84
1329.6655	1329.27	1317.64
1330.0907	1330.67	1317.45
1330.5351	1328.17	1316.42
1330.9992	1328.71	1316.58
1331.4501	1329.58	1316.83
1331.7945	1329.75	1316.61
1332.2314	1331.12	1317.05
1332.6965	1330.66	1317.00
1333.1731	1328.31	1316.54
1333.6153	1329.34	1316.33
1334.0693	1329.70	1316.71
1334.5571	1327.36	1315.79
1334.9850	1331.26	1316.58
1335.4503	1331.18	1317.65
1335.9418	1330.75	1316.24
1336.2842	1327.90	1316.07
1336.7360	1331.23	1316.55
1337.1748	1329.32	1316.98
1337.6271	1328.71	1316.33
1338.1151	1329.49	1315.75
1338.5690	1328.92	1314.82
1339.0568	1329.04	1315.96
1339.5070	1329.79	1315.37
1340.0031	1330.28	1315.44
1340.4495	1327.68	1314.96
1340.9528	1328.74	1314.70
1341.2846	1329.99	1315.72
1341.7100	1326.13	1313.32
1342.1527	1327.76	1313.97
1342.6218	1327.70	1314.82
1343.1238	1329.98	1314.85
1343.6136	1328.86	1314.90
1344.0694	1331.48	1315.60
1344.5639	1329.16	1315.02
1345.0511	1325.94	1314.25
1345.5786	1328.77	1314.49
1346.0505	1328.89	1314.14
1346.4906	1328.97	1314.17
1346.9511	1329.87	1314.31
1347.2945	1329.48	1314.66
1347.7407	1328.34	1315.24
1348.1806	1329.41	1313.44
1348.6035	1326.54	1313.46
1349.0666	1325.82	1312.72
1349.5593	1325.59	1313.47
1350.0106	1326.86	1314.53
1350.5036	1326.31	1313.80
1350.9958	1327.95	1313.36
1351.4564	1328.08	1313.99
1351.9504	1328.96	1313.55
1352.2911	1327.44	1312.72
1352.7352	1326.66	1312.10
1353.1768	1326.22	1311.99
1353.6280	1324.55	1311.98
1354.1216	1324.41	1312.24
1354.6174	1325.45	1312.52
1355.0692	1327.48	1312.79
1355.5543	1326.65	1312.31
1356.0051	1326.84	1312.02
1356.4652	1328.99	1312.50
1356.9625	1325.89	1311.54
1357.4488	1326.90	1312.70
1357.9481	1325.18	1312.48
1358.2877	1327.83	1313.80
1358.7290	1326.10	1311.91
1359.1728	1326.12	1311.80
1359.6183	1326.54	1311.96
1360.1156	1325.57	1311.96
1360.5636	1325.48	1310.77
1361.0649	1326.99	1312.69
1361.5568	1324.86	1312.48
1361.9733	1325.18	1311.69
1362.4512	1325.82	1311.61
1362.9600	1324.37	1310.68
1363.4572	1326.33	1311.97
1363.9569	1325.59	1310.69
1364.4419	1324.26	1310.69
1364.7883	1324.91	1310.59
1365.2470	1323.86	1310.87
1365.7406	1325.96	1310.79
1366.2197	1325.64	1309.34
1366.6616	1325.42	1310.54
1367.1388	1323.48	1310.96
1367.6211	1325.35	1310.25
1368.1257	1324.63	1310.29
1368.6121	1325.96	1309.55
1369.0523	1324.21	1309.53
1369.4931	1324.04	1309.42
1369.9329	1323.56	1308.56
1370.2795	1325.28	1310.95
1370.7264	1325.27	1309.62
1371.1516	1324.56	1308.45
1371.5927	1321.70	1308.37
1372.1009	1322.46	1309.44
1372.5666	1322.57	1308.13
1373.0643	1322.43	1309.70
1373.5496	1321.41	1307.59
1374.0077	1321.84	1308.21
1374.4970	1323.31	1309.18
1374.9542	1322.35	1307.20
1375.4495	1323.24	1307.49
1375.7830	1323.95	1307.97
1376.2705	1322.18	1307.56
1376.7353	1322.44	1307.84
1377.1881	1321.51	1307.28
1377.6716	1321.30	1307.22
1378.1180	1323.44	1308.33
1378.6150	1319.77	1306.79
1379.0554	1321.18	1307.10
1379.5106	1323.08	1307.83
1380.0092	1320.81	1307.03
1380.4992	1321.69	1306.92
1380.9922	1321.82	1306.94
1381.4478	1321.41	1305.94
1381.9410	1321.39	1307.22
1382.2749	1320.23	1305.25
1382.7234	1319.64	1304.46
1383.1748	1319.85	1307.20
1383.5910	1320.74	1305.17
1384.0420	1321.06	1305.26
1384.5083	1321.37	1305.42
1385.0076	1320.26	1305.50
1385.5083	1319.13	1305.09
1386.0138	1320.23	1304.81
1386.5032	1321.26	1305.88
1386.9333	1321.39	1305.13
1387.2734	1320.89	1305.53
1387.7384	1320.27	1305.78
1388.2074	1320.80	1305.47
1388.6544	1319.33	1304.48
1389.0938	1320.72	1304.56
1389.5410	1318.19	1304.37
1389.9937	1317.98	1304.21
1390.4525	1318.08	1303.34
1390.9454	1318.28	1304.08
1391.2873	1319.75	1304.37
1391.7278	1319.10	1303.18
1392.1579	1317.03	1303.18
1392.6020	1318.52	1302.84
1393.1588	1316.72	1303.13
1393.6315	1317.74	1304.23
1394.1351	1318.71	1304.55
1394.6057	1317.84	1303.13
1395.0551	1317.52	1303.40
1395.5531	1317.57	1302.85
1395.9988	1319.40	1303.03
1396.4380	1317.72	1302.78
1396.7849	1315.71	1301.51
1397.2419	1317.74	1302.91
1397.7099	1318.86	1302.52
1398.1686	1317.16	1302.22
1398.6122	1317.48	1302.26
1399.1197	1317.97	1303.43
1399.6136	1317.52	1301.71
1400.0338	1317.54	1302.30
1400.4889	1316.72	1300.49
1400.9334	1317.02	1301.98
1401.2675	1316.02	1300.97
1401.7112	1316.20	1301.31
1402.1499	1315.93	1302.24
1402.6197	1317.27	1301.31
1403.1122	1315.26	1301.55
1403.5580	1314.53	1300.76
1404.0646	1315.80	1301.25
1404.5560	1316.53	1302.01
1405.0577	1316.46	1300.97
1405.5695	1314.52	1300.82
1406.0599	1316.34	1301.11
1406.5580	1315.60	1300.55
1407.0625	1314.96	1300.46
1407.5542	1315.08	1300.71
1408.0053	1316.09	1300.11
1408.5061	1316.77	1301.55
1408.9379	1314.49	1299.83
1409.2724	1315.48	1300.21
1409.7112	1315.73	1300.74
1410.1557	1315.97	1300.44
1410.6000	1314.26	1299.06
1411.0443	1313.65	1299.87
1411.5064	1315.32	1299.10
1411.9971	1315.12	1299.48
1412.4320	1313.93	1298.07
1412.7672	1314.23	1299.19
1413.2139	1313.66	1299.38
1413.6593	1313.32	1298.62
1414.1238	1314.61	1298.10
1414.6208	1313.77	1300.16
1415.1125	1313.61	1299.61
1415.5643	1313.82	1299.05
1416.0597	1314.18	1298.89
1416.5667	1315.07	1298.75
1417.0695	1316.48	1299.76
1417.5693	1313.77	1299.85
1418.0573	1313.23	1298.38
1418.5546	1313.50	1297.93
1419.0690	1315.74	1298.82
1419.5689	1311.21	1296.72
1420.0583	1314.68	1297.35
1420.5690	1314.67	1298.12
1421.0655	1313.20	1297.66
1421.5601	1313.31	1297.47
1422.0702	1313.93	1297.02
1422.5720	1312.78	1297.37
1423.0625	1316.26	1298.99
1423.5539	1313.74	1296.93
1423.9906	1312.23	1296.17
1424.4348	1312.25	1296.34
1424.7688	1310.77	1296.16
1425.2252	1311.42	1296.46
1425.6817	1310.09	1295.48
1426.1772	1310.88	1295.60
1426.6898	1311.67	1295.61
1427.1818	1311.95	1296.33
1427.6737	1311.38	1295.72
1428.1829	1311.78	1296.44
1428.6737	1309.13	1294.89
1429.1707	1309.75	1295.79
1429.6105	1311.82	1296.38
1430.1115	1311.78	1296.44
1430.5450	1308.50	1294.42
1430.9957	1308.09	1294.17
1431.4585	1311.70	1296.22
1432.0130	1311.56	1296.15
1432.5068	1311.05	1294.99
1433.0092	1310.70	1294.98
1433.5114	1311.64	1296.27
1433.9394	1309.48	1293.80
1434.2857	1311.14	1294.23
1434.7509	1310.82	1295.39
1435.2466	1312.56	1296.36
1435.7442	1313.45	1295.71
1436.2518	1311.75	1296.36
1436.7357	1311.86	1294.11
1437.1823	1308.53	1295.08
1437.6960	1310.94	1293.49
1438.1918	1308.66	1293.86
1438.6736	1310.65	1294.51
1439.1344	1309.69	1292.81
1439.6385	1308.64	1293.75
1440.1363	1309.97	1294.28
1440.6440	1310.58	1294.45
1441.1365	1308.45	1293.54
1441.6250	1310.04	1293.98
1442.0542	1309.31	1293.24
1442.5033	1310.00	1293.63
1443.0155	1310.51	1293.84
1443.5264	1308.94	1293.29
1444.0170	1309.45	1293.83
1444.5150	1309.55	1292.79
1445.0204	1308.98	1293.45
1445.4908	1309.60	1292.27
1445.9529	1308.51	1292.84
1446.2955	1309.11	1291.87
1446.7473	1308.17	1292.53
1447.2227	1308.14	1292.45
1447.6700	1306.85	1292.35
1448.1164	1308.40	1291.56
1448.5532	1307.87	1292.58
1448.9958	1306.98	1290.77
1449.4573	1307.03	1290.04
1449.9557	1306.62	1290.76
1450.4639	1308.09	1291.57
1450.9530	1305.09	1291.15
1451.4599	1310.43	1291.72
1451.9714	1307.44	1292.24
1452.4566	1307.03	1291.19
1452.9672	1308.29	1292.09
1453.2806	1307.08	1291.08
1453.7425	1306.64	1291.01
1454.2157	1308.82	1291.18
1454.6707	1306.29	1290.08
1455.1091	1307.53	1290.27
1455.5552	1306.99	1289.37
1455.9980	1304.87	1288.82
1456.4469	1306.05	1289.35
1456.7822	1307.12	1290.52
1457.2360	1303.48	1289.07
1457.6875	1302.88	1289.13
1458.1675	1303.36	1289.45
1458.6220	1302.99	1288.49
1459.1272	1305.51	1289.86
1459.6322	1305.06	1288.82
1460.1354	1302.23	1288.82
1460.6425	1305.86	1288.25
1461.1308	1304.00	1288.10
1461.6360	1304.70	1287.30
1462.1364	1303.86	1288.49
1462.6323	1303.38	1288.23
1463.1386	1303.05	1287.21
1463.6427	1302.34	1286.93
1464.1301	1301.44	1286.25
1464.6149	1302.09	1285.98
1465.0477	1302.55	1287.33
1465.4951	1301.53	1286.48
1465.9335	1302.63	1286.67
1466.2825	1303.29	1286.52
1466.7635	1303.61	1286.21
1467.2510	1302.04	1287.31
1467.7540	1303.09	1285.95
1468.2545	1302.79	1286.55
1468.7532	1300.30	1285.94
1469.2481	1301.23	1285.84
1469.7167	1300.35	1285.02
1470.2563	1301.64	1285.45
1470.7476	1301.12	1285.39
1471.2229	1301.04	1284.35
1471.6950	1300.26	1284.69
1472.1872	1300.97	1286.62
1472.6695	1299.33	1285.05
1473.1412	1298.13	1284.52
1473.6341	1300.74	1284.94
1474.1298	1301.19	1285.33
1474.6323	1300.56	1284.47
1475.1430	1301.67	1285.69
1475.6100	1299.29	1282.55
1476.0465	1301.65	1283.78
1476.5000	1299.80	1282.95
1476.9463	1301.07	1283.96
1477.2785	1298.93	1284.28
1477.7844	1299.58	1284.95
1478.2469	1301.19	1285.00
1478.7388	1299.75	1282.60
1479.1969	1300.17	1284.00
1479.7008	1299.28	1283.49
1480.1864	1299.72	1284.59
1480.6726	1299.60	1283.68
1481.1201	1299.10	1283.46
1481.5881	1298.33	1282.74
1482.0786	1298.98	1283.63
1482.5771	1299.61	1281.73
1483.0742	1300.54	1283.10
1483.5520	1298.00	1281.56
1484.0280	1299.63	1281.75
1484.5081	1298.49	1283.08
1485.0249	1296.91	1281.83
1485.5064	1296.27	1282.06
1486.0006	1298.45	1281.67
1486.4691	1297.90	1281.53
1486.9543	1297.78	1281.27
1487.4644	1296.40	1281.31
1487.9628	1298.28	1282.40
1488.4738	1298.77	1282.17
1488.9590	1296.45	1280.46
1489.2921	1298.38	1281.64
1489.7264	1297.44	1280.33
1490.1729	1297.72	1281.56
1490.6833	1297.19	1280.80
1491.1891	1296.05	1279.59
1491.6918	1296.01	1280.07
1492.1797	1295.14	1280.19
1492.6545	1296.20	1279.91
1493.1109	1295.44	1280.36
1493.5554	1294.54	1278.49
1494.0001	1296.39	1279.10
1494.4404	1294.68	1278.79
1494.9560	1296.33	1279.58
1495.4525	1295.69	1278.65
1495.9622	1298.05	1280.67
1496.4540	1296.09	1278.14
1496.9596	1294.25	1278.58
1497.4428	1295.79	1279.51
1497.9448	1294.37	1279.72
1498.2786	1293.92	1278.11
1498.7476	1293.26	1277.59
1499.2451	1293.89	1277.49
1499.7279	1296.47	1278.27
1500.2023	1293.45	1277.67
1500.6832	1295.72	1278.83
1501.1749	1291.87	1277.38
1501.6176	1291.44	1275.21
1502.1337	1293.54	1276.59
1502.6037	1294.34	1276.72
1503.0484	1293.69	1275.66
1503.4699	1292.97	1276.63
1503.9329	1294.80	1277.47
1504.2782	1294.01	1276.97
1504.7124	1292.10	1275.87
1505.1319	1293.20	1276.22
1505.5739	1293.29	1277.90
1506.0440	1290.40	1275.27
1506.4895	1293.80	1276.90
1506.9389	1291.87	1275.93
1507.2847	1293.14	1275.44
1507.7279	1292.74	1276.08
1508.2224	1293.37	1277.08
1508.6651	1292.23	1275.74
1509.1071	1291.60	1275.03
1509.5582	1292.98	1276.88
1509.9687	1292.18	1275.21
1510.4183	1292.07	1276.67
1510.7539	1292.19	1275.66
1511.2018	1293.85	1275.19
1511.6473	1291.52	1276.82
1512.1075	1293.02	1276.04
1512.5600	1293.12	1275.80
1513.0456	1291.78	1275.63
1513.5389	1293.83	1276.96
1513.9933	1291.47	1274.07
1514.4432	1291.77	1275.22
1514.7888	1291.60	1274.42
1515.2333	1291.27	1275.93
1515.6679	1291.42	1274.68
1516.1184	1292.68	1275.13
1516.5587	1293.04	1275.86
1516.9769	1293.93	1275.99
1517.4244	1291.67	1274.18
1517.7597	1292.70	1275.35
1518.1991	1291.54	1274.67
1518.6660	1290.60	1274.89
1519.0920	1293.61	1275.02
1519.5474	1292.34	1274.78
1519.9846	1290.88	1274.62
1520.4420	1291.50	1274.08
1520.7858	1290.81	1273.82
1521.2218	1290.07	1273.16
1521.6407	1290.67	1274.24
1522.0906	1289.87	1273.49
1522.5346	1289.71	1274.20
1522.9802	1290.41	1273.14
1523.4253	1290.67	1273.71
1523.7608	1292.04	1274.73
1524.2033	1290.87	1274.24
1524.6624	1289.37	1273.33
1525.1157	1291.48	1274.59
1525.5592	1290.75	1274.10
1525.9910	1289.12	1272.47
1526.4532	1289.41	1273.34
1526.7921	1291.45	1273.41
1527.2223	1292.19	1274.72
1527.6810	1288.36	1272.30
1528.1680	1287.09	1272.37
1528.6102	1288.94	1273.49
1529.0335	1287.39	1271.88
1529.4649	1290.14	1272.99
1529.9446	1288.93	1272.57
1530.2906	1289.04	1272.18
1530.7368	1287.92	1271.95
1531.1731	1287.80	1272.47
1531.6150	1288.48	1272.16
1532.0586	1285.89	1270.60
1532.5043	1288.50	1271.33
1532.9536	1289.63	1272.00
1533.4412	1287.66	1270.71
1533.7820	1287.76	1270.81
1534.2277	1287.96	1271.01
1534.6714	1285.91	1271.48
1535.1197	1287.42	1270.54
1535.6054	1288.68	1270.18
1536.0461	1288.69	1270.52
1536.4799	1287.50	1270.72
1536.9171	1286.57	1270.36
1537.2539	1286.53	1270.06
1537.7127	1288.02	1270.61
1538.1746	1287.18	1270.04
1538.6096	1287.45	1269.57
1539.0578	1289.03	1271.12
1539.5009	1288.07	1270.43
1539.9409	1287.79	1270.47
1540.2840	1287.71	1269.83
1540.7368	1287.27	1269.67
1541.1694	1286.94	1270.24
1541.6235	1285.86	1268.99
1542.0240	1286.01	1269.40
1542.4806	1285.38	1268.46
1543.0011	1285.91	1268.68
1543.4492	1286.88	1268.90
1543.9514	1286.68	1269.08
1544.4443	1286.82	1269.01
1544.7897	1285.33	1269.75
1545.2363	1286.58	1268.52
1545.6757	1285.17	1269.60
1546.1127	1285.64	1268.34
1546.5505	1281.87	1267.27
1547.0473	1282.48	1266.65
1547.4926	1286.14	1269.22
1547.9485	1284.05	1266.45
1548.2919	1284.42	1268.06
1548.7307	1286.15	1267.97
1549.1658	1284.16	1267.51
1549.6687	1283.69	1266.75
1550.1115	1286.89	1267.71
1550.5616	1283.44	1266.92
1551.0539	1283.43	1266.15
1551.4984	1282.98	1266.40
1551.9550	1284.18	1266.95
1552.2867	1283.88	1267.04
1552.7081	1285.58	1266.69
1553.2167	1283.05	1265.71
1553.6525	1282.56	1265.57
1554.1089	1283.13	1266.21
1554.5288	1281.12	1265.01
1554.9745	1282.92	1266.24
1555.4374	1284.19	1266.16
1555.7828	1280.18	1264.31
1556.2331	1282.79	1265.15
1556.6772	1281.50	1264.48
1557.1197	1283.13	1265.12
1557.5629	1282.60	1264.76
1557.9801	1283.35	1264.10
1558.4284	1282.30	1264.72
1558.7775	1281.74	1263.50
1559.2298	1283.25	1265.53
1559.6516	1282.52	1264.43
1560.1252	1279.75	1264.31
1560.6063	1281.57	1264.85
1561.0225	1281.98	1264.27
1561.4920	1281.81	1264.07
1561.9421	1281.85	1264.34
1562.2762	1281.74	1264.67
1562.7076	1281.47	1263.94
1563.1450	1281.60	1264.37
1563.5889	1280.16	1263.46
1564.0319	1281.43	1263.50
1564.4928	1280.19	1264.08
1564.9345	1282.20	1264.30
1565.2798	1281.81	1264.70
1565.7221	1282.41	1264.33
1566.1450	1281.86	1263.65
1566.5869	1279.37	1263.20
1567.0511	1280.19	1262.15
1567.4806	1281.16	1263.41
1567.9458	1280.30	1264.12
1568.2919	1280.17	1262.64
1568.7364	1279.25	1262.99
1569.1780	1279.20	1263.55
1569.6706	1280.59	1263.03
1570.1185	1279.03	1262.11
1570.6119	1279.21	1262.47
1571.0590	1279.37	1262.78
1571.5119	1279.71	1262.56
1572.0061	1279.56	1262.17
1572.4974	1279.78	1262.71
1572.9307	1281.63	1262.65
1573.2688	1279.94	1261.79
1573.7015	1277.36	1261.85
1574.1414	1278.11	1261.63
1574.5916	1279.91	1262.04
1575.0572	1278.42	1260.83
1575.4946	1277.69	1261.57
1575.9456	1276.18	1260.40
1576.2912	1278.83	1261.64
1576.7176	1279.15	1261.14
1577.1706	1277.23	1259.68
1577.6164	1277.11	1261.01
1578.0363	1279.79	1259.73
1578.4741	1279.75	1260.73
1578.9109	1279.06	1261.01
1579.2459	1279.91	1261.81
1579.7108	1276.00	1259.24
1580.1587	1276.24	1259.94
1580.6075	1275.98	1259.45
1581.0608	1276.81	1258.89
1581.4852	1276.59	1259.77
1581.9268	1276.57	1259.36
1582.2644	1276.52	1258.31
1582.7224	1279.55	1260.08
1583.1425	1278.55	1259.39
1583.5945	1276.15	1259.86
1584.0623	1276.68	1259.33
1584.4848	1276.53	1259.43
1584.9174	1277.18	1259.10
1585.2627	1275.78	1258.43
1585.7154	1274.63	1257.97
1586.1746	1276.67	1259.48
1586.6033	1277.50	1259.46
1587.0409	1275.36	1258.32
1587.4796	1275.15	1257.91
1587.9310	1274.92	1257.54
1588.2694	1274.49	1257.66
1588.7268	1276.62	1258.81
1589.1830	1277.31	1258.96
1589.6656	1277.70	1259.36
1590.1125	1277.14	1257.95
1590.5450	1273.86	1257.35
1591.0046	1276.76	1258.14
1591.4193	1275.94	1258.33
1591.7666	1275.93	1257.69
1592.2370	1276.27	1259.08
1592.6766	1274.44	1257.70
1593.1584	1277.16	1258.15
1593.6125	1274.95	1258.21
1594.0394	1276.81	1258.12
1594.5064	1275.64	1257.41
1594.9955	1275.46	1257.08
1595.4369	1276.93	1258.23
1595.7818	1274.88	1256.81
1596.2378	1276.17	1258.16
1596.6740	1274.62	1257.04
1597.1089	1275.94	1258.01
1597.5691	1274.35	1257.00
1598.0527	1276.08	1257.26
1598.4974	1273.71	1256.76
1599.0049	1276.39	1257.53
1599.4949	1275.64	1257.81
1599.9368	1274.31	1256.89
1600.2818	1273.74	1256.24
1600.7277	1274.72	1256.49
1601.1500	1276.14	1257.25
1601.5921	1274.05	1256.89
1602.0542	1274.76	1256.57
1602.4949	1275.73	1256.38
1602.9358	1274.02	1255.73
1603.2787	1272.92	1255.80
1603.7317	1271.64	1254.60
1604.1696	1271.73	1254.63
1604.6243	1271.99	1255.47
1605.0869	1273.29	1256.30
1605.5335	1275.35	1256.33
1605.9795	1274.01	1256.04
1606.4457	1273.63	1255.50
1606.7834	1273.38	1254.48
1607.2894	1273.59	1255.98
1607.7311	1273.86	1254.57
1608.1832	1273.59	1254.73
1608.6694	1272.96	1255.07
1609.0835	1272.40	1253.69
1609.5575	1273.24	1254.99
1609.9771	1273.61	1254.53
1610.4223	1272.11	1253.75
1610.7671	1273.09	1253.64
1611.2275	1271.03	1253.96
1611.6805	1271.08	1253.66
1612.1661	1271.16	1253.48
1612.6190	1270.91	1253.36
1613.1139	1271.34	1253.04
1613.5509	1272.50	1253.23
1614.0003	1272.28	1252.69
1614.4978	1271.21	1252.53
1614.9488	1270.18	1252.77
1615.4463	1269.39	1252.38
1615.7793	1271.07	1251.78
1616.2042	1271.06	1253.22
1616.6540	1270.30	1251.96
1617.1131	1270.29	1252.79
1617.5393	1269.35	1251.18
1617.9709	1271.07	1251.68
1618.4294	1270.33	1251.75
1618.7652	1271.28	1252.74
1619.2071	1271.29	1251.21
1619.6489	1270.30	1252.66
1620.1077	1268.77	1251.48
1620.5532	1269.33	1250.78
1620.9733	1269.75	1251.10
1621.4448	1268.55	1251.74
1621.7850	1270.32	1251.99
1622.2263	1270.05	1250.39
1622.6716	1271.44	1252.47
1623.1025	1269.68	1251.00
1623.5579	1267.81	1250.76
1624.0586	1270.52	1251.23
1624.5047	1270.63	1252.75
1624.9273	1269.82	1250.82
1625.2631	1268.43	1250.69
1625.7701	1269.59	1250.23
1626.2278	1271.39	1251.16
1626.6705	1269.78	1250.94
1627.1217	1268.43	1250.02
1627.6113	1269.67	1250.27
1628.0589	1270.58	1251.22
1628.4907	1270.51	1250.21
1628.9526	1269.33	1250.06
1629.4425	1270.02	1251.84
1629.7834	1270.16	1250.73
1630.2290	1270.46	1249.91
1630.6457	1268.18	1249.30
1631.0910	1267.27	1249.97
1631.5262	1270.91	1251.58
1631.9934	1267.79	1249.94
1632.5154	1268.61	1249.90
1632.9994	1267.00	1249.18
1633.5046	1268.73	1250.37
1634.0759	1268.22	1249.48
1634.5668	1269.03	1248.94
1635.0649	1269.37	1250.42
1635.4804	1267.68	1248.54
1635.9257	1269.37	1250.10
1636.2661	1270.18	1250.19
1636.7066	1268.41	1249.32
1637.1483	1266.23	1247.16
1637.5973	1266.39	1248.89
1638.0601	1267.61	1249.01
1638.5568	1267.97	1248.77
1638.9739	1267.81	1248.72
1639.4494	1265.67	1247.19
1639.9379	1268.82	1248.47
1640.2845	1268.68	1248.52
1640.7392	1267.00	1248.35
1641.2270	1268.58	1249.35
1641.6549	1265.65	1247.25
1642.1088	1266.01	1247.10
1642.5666	1267.03	1247.61
1643.0588	1267.76	1247.36
1643.5558	1266.73	1248.18
1644.0615	1267.66	1248.52
1644.5506	1267.30	1247.78
1644.9937	1268.33	1247.43
1645.4441	1266.36	1247.17
1645.7770	1265.23	1247.35
1646.2058	1265.84	1247.97
1646.6504	1266.73	1247.34
1647.1187	1265.39	1246.80
1647.5471	1266.42	1247.13
1647.9863	1264.90	1246.60
1648.4471	1265.94	1246.34
1648.9407	1268.78	1247.73
1649.2842	1266.39	1246.32
1649.7372	1266.49	1247.12
1650.2372	1265.64	1246.78
1650.7291	1268.26	1247.38
1651.1762	1265.19	1245.16
1651.6693	1265.91	1246.42
1652.0966	1268.52	1247.10
1652.5321	1265.16	1245.34
1653.0031	1265.63	1246.20
1653.4962	1265.90	1246.19
1653.9971	1265.56	1246.43
1654.5069	1265.54	1245.91
1655.0035	1266.33	1246.89
1655.4920	1265.35	1244.86
1655.9522	1266.84	1245.19
1656.4454	1265.89	1245.12
1656.9451	1265.91	1245.16
1657.4477	1266.19	1245.78
1657.9446	1266.22	1245.48
1658.4311	1267.12	1246.66
1658.7679	1264.04	1243.79
1659.2348	1264.49	1244.15
1659.7225	1266.67	1245.99
1660.1645	1263.79	1243.82
1660.6771	1264.08	1245.05
1661.1700	1264.56	1244.75
1661.6196	1262.50	1242.87
1662.1162	1264.81	1244.93
1662.6084	1263.83	1243.16
1663.0596	1264.71	1243.82
1663.4871	1262.42	1241.74
1663.9491	1263.07	1242.98
1664.4446	1263.55	1243.45
1664.7815	1263.95	1243.59
1665.2234	1263.02	1243.60
1665.6550	1262.78	1242.00
1666.1202	1262.60	1242.09
1666.6102	1262.43	1244.32
1667.0330	1261.84	1242.49
1667.5098	1263.91	1243.28
1668.0139	1260.76	1241.45
1668.5602	1264.59	1244.48
1669.0659	1261.24	1242.11
1669.5385	1261.99	1242.12
1669.9845	1262.15	1241.87
1670.4536	1260.46	1241.38
1670.9555	1264.20	1243.35
1671.4607	1261.28	1241.10
1671.9530	1259.82	1240.47
1672.2941	1262.36	1241.81
1672.7357	1261.02	1241.65
1673.1873	1260.43	1240.82
1673.6879	1260.86	1240.76
1674.1799	1261.41	1240.79
1674.6277	1261.52	1241.15
1675.0993	1261.45	1241.36
1675.5448	1260.02	1240.54
1675.9996	1259.07	1239.27
1676.4486	1261.00	1239.89
1676.7846	1261.19	1241.34
1677.2323	1260.09	1240.14
1677.6884	1258.88	1240.76
1678.1782	1260.18	1241.08
1678.6110	1259.82	1239.58
1679.0673	1260.95	1239.69
1679.5634	1259.72	1239.63
1680.0621	1260.68	1240.70
1680.5524	1259.91	1239.66
1681.0089	1258.73	1238.27
1681.5079	1258.74	1239.00
1682.0073	1258.24	1239.32
1682.5112	1261.91	1240.39
1683.1021	1263.30	1240.31
1683.5908	1260.91	1240.59
1684.0777	1261.07	1240.53
1684.5505	1261.20	1240.20
1684.9943	1258.77	1239.86
1685.4420	1261.59	1239.86
1685.7770	1259.11	1239.76
1686.2227	1259.55	1239.42
1686.6904	1260.25	1239.13
1687.1921	1259.46	1240.60
1687.6907	1260.21	1239.94
1688.1903	1261.03	1240.00
1688.6868	1258.12	1238.98
1689.1498	1258.30	1237.73
1689.5999	1258.54	1238.92
1690.0418	1258.55	1237.75
1690.5278	1255.86	1237.49
1691.0189	1258.43	1238.00
1691.5114	1260.77	1238.80
1692.0135	1257.58	1238.03
1692.5091	1258.03	1237.67
1693.0115	1258.01	1237.86
1693.5072	1258.16	1238.38
1694.0021	1259.02	1237.85
1694.4547	1259.50	1238.39
1694.7880	1259.64	1237.39
1695.2299	1260.11	1237.68
1695.6958	1257.52	1236.69
1696.1843	1257.08	1237.14
1696.6822	1258.08	1237.16
1697.1795	1258.43	1237.11
1697.6909	1257.49	1237.81
1698.1815	1257.73	1236.31
1698.6839	1257.81	1237.40
1699.1734	1257.63	1236.15
1699.6068	1256.44	1234.93
1700.0774	1256.30	1236.41
1700.5734	1256.60	1236.07
1701.0688	1255.92	1235.89
1701.4897	1257.39	1236.29
1701.9393	1258.47	1237.31
1702.2850	1253.55	1234.93
1702.7448	1256.58	1235.52
1703.2206	1257.07	1235.46
1703.6846	1256.63	1235.79
1704.1828	1255.78	1234.96
1704.6728	1255.17	1235.75
1705.1255	1257.21	1234.69
1705.6056	1253.55	1235.25
1706.0751	1254.42	1233.09
1706.5595	1254.78	1234.15
1707.1221	1255.15	1234.60
1707.6191	1254.83	1234.48
1708.1194	1252.63	1233.82
1708.6273	1253.58	1233.79
1709.0983	1253.75	1233.00
1709.5718	1254.27	1233.71
1710.0411	1252.68	1232.13
1710.4982	1252.68	1231.53
1710.9318	1251.16	1231.93
1711.2687	1253.65	1232.93
1711.7282	1252.23	1231.89
1712.1660	1252.14	1230.85
1712.6286	1253.20	1231.34
1713.1290	1250.18	1231.14
1713.6292	1252.51	1232.06
1714.1239	1252.71	1231.26
1714.6277	1252.61	1231.93
1715.1308	1253.61	1232.13
1715.6255	1250.84	1231.87
1716.1278	1252.07	1231.98
1716.6204	1252.46	1231.90
1717.1203	1253.66	1231.94
1717.6270	1251.20	1232.13
1718.1415	1251.56	1231.59
1718.6215	1253.39	1231.43
1719.0496	1253.87	1231.18
1719.5268	1252.39	1230.44
1720.0099	1253.08	1232.20
1720.5190	1253.00	1230.41
1721.0105	1250.53	1230.91
1721.5073	1254.25	1231.77
1722.0216	1252.84	1230.83
1722.5132	1251.49	1230.33
1723.0131	1252.74	1230.78
1723.5153	1252.56	1230.83
1724.0100	1249.64	1228.49
1724.5115	1250.48	1228.84
1725.0085	1252.54	1230.88
1725.5136	1250.55	1230.94
1726.0130	1251.73	1230.29
1726.5129	1250.36	1229.16
1726.9973	1253.40	1229.94
1727.4533	1250.31	1228.42
1727.9631	1253.15	1229.95
1728.4401	1251.63	1229.91
1728.7723	1250.46	1229.76
1729.2272	1249.83	1228.96
1729.6927	1247.97	1227.93
1730.1540	1248.61	1228.06
1730.6029	1252.20	1229.30
1731.0743	1248.28	1228.34
1731.5670	1248.53	1228.28
1732.0434	1248.14	1227.39
1732.4870	1249.21	1228.23
1732.9401	1249.57	1228.16
1733.2842	1247.76	1228.78
1733.7519	1249.14	1228.84
1734.2473	1248.66	1227.78
1734.7352	1249.06	1227.50
1735.1637	1248.84	1227.86
1735.6150	1247.54	1227.15
1736.0730	1249.25	1227.83
1736.5668	1248.32	1226.50
1737.0739	1248.49	1227.39
1737.5714	1248.67	1227.49
1738.0692	1246.76	1226.87
1738.5519	1250.06	1227.37
1739.0098	1247.30	1226.85
1739.5047	1249.40	1226.78
1740.0163	1246.29	1226.95
1740.5248	1249.03	1227.61
1741.0739	1247.63	1226.41
1741.5719	1247.99	1227.82
1742.0688	1245.20	1225.87
1742.5701	1251.27	1227.51
1743.0492	1247.40	1226.38
1743.5637	1246.40	1225.66
1744.0730	1246.89	1226.46
1744.5745	1247.80	1226.72
1745.0782	1247.62	1226.56
1745.5486	1248.91	1226.28
1745.9991	1247.33	1225.31
1746.4425	1249.23	1226.52
1746.7763	1248.04	1226.12
1747.2268	1250.09	1226.09
1747.6616	1247.36	1224.34
1748.1153	1247.64	1226.16
1748.5596	1247.77	1224.54
1749.0092	1248.20	1226.28
1749.5218	1245.79	1225.55
1749.9972	1247.41	1225.43
1750.4481	1247.18	1225.79
1750.7799	1247.82	1225.78
1751.2214	1246.04	1225.49
1751.6864	1246.58	1225.51
1752.2003	1246.53	1225.39
1752.6999	1247.45	1226.05
1753.1617	1247.54	1225.84
1753.6498	1247.55	1225.99
1754.1374	1246.32	1225.29
1754.6872	1248.66	1225.66
1755.1908	1248.13	1224.86
1755.6896	1248.54	1224.74
1756.1865	1247.70	1224.86
1756.6559	1248.49	1225.53
1757.1490	1246.27	1225.00
1757.6264	1247.31	1224.41
1758.1077	1246.27	1224.78
1758.5482	1247.06	1226.49
1759.0145	1247.13	1224.66
1759.4924	1244.93	1223.13
1759.9664	1246.70	1223.36
1760.4573	1247.44	1224.70
1760.9616	1247.43	1224.59
1761.4398	1247.80	1223.40
1761.7734	1246.96	1223.29
1762.2244	1242.90	1222.58
1762.6618	1247.41	1224.01
1763.1444	1245.91	1223.22
1763.6132	1246.33	1223.45
1764.0498	1245.03	1223.48
1764.4977	1243.94	1222.91
1764.9392	1245.64	1223.04
1765.2736	1242.29	1221.02
1765.7269	1243.25	1221.78
1766.1633	1243.01	1221.30
1766.6087	1244.89	1221.62
1767.0435	1242.24	1220.56
1767.4971	1243.08	1221.09
1767.9451	1244.12	1221.33
1768.2802	1242.27	1222.18
1768.7275	1244.11	1221.42
1769.1732	1241.76	1220.50
1769.6077	1245.30	1222.43
1770.0574	1243.28	1221.12
1770.5698	1244.30	1220.77
1771.0501	1244.10	1221.04
1771.4933	1243.42	1221.31
1771.9473	1243.11	1220.48
1772.2822	1243.17	1221.19
1772.7270	1243.07	1219.67
1773.1639	1241.88	1220.06
1773.6114	1241.20	1220.94
1774.0430	1242.37	1220.37
1774.5181	1242.08	1219.56
1774.9973	1243.17	1220.53
1775.4407	1244.17	1220.38
1775.7742	1242.53	1219.99
1776.2167	1241.86	1219.59
1776.6578	1241.86	1219.67
1777.1057	1240.30	1218.87
1777.5532	1241.48	1219.00
1778.0028	1239.98	1219.34
1778.4433	1241.06	1218.47
1778.7775	1240.31	1219.11
1779.2257	1244.59	1220.30
1779.6689	1242.33	1220.10
1780.1147	1240.94	1219.47
1780.5909	1243.05	1218.37
1781.0734	1239.76	1218.97
1781.5788	1241.57	1218.67
1782.0763	1240.25	1219.33
1782.5919	1241.13	1218.14
1783.0539	1241.86	1218.74
1783.5146	1240.25	1217.89
1784.0253	1242.36	1218.73
1784.5022	1241.39	1218.62
1784.9448	1240.92	1219.05
1785.2828	1242.43	1219.54
1785.7448	1242.07	1219.07
1786.2457	1241.20	1217.52
1786.9526	1241.41	1218.77
1787.4600	1241.82	1219.51
1787.9548	1240.68	1218.75
1788.4588	1242.06	1218.71
1788.9611	1241.10	1218.69
1789.4567	1241.32	1218.79
1789.9673	1239.99	1217.89
1790.4636	1242.48	1218.68
1790.9557	1240.37	1216.77
1791.4729	1240.05	1217.54
1791.9363	1241.61	1218.43
1792.2710	1242.84	1217.28
1792.7226	1240.89	1217.37
1793.1692	1240.08	1217.57
1793.6138	1237.70	1215.32
1794.0549	1240.15	1217.14
1794.5217	1239.75	1216.33
1794.9945	1240.82	1217.57
1795.4480	1240.31	1216.95
1795.9616	1238.92	1216.32
1796.4648	1239.66	1217.02
1796.9581	1239.01	1216.17
1797.4416	1238.75	1216.26
1797.7874	1237.72	1215.78
1798.2541	1239.95	1216.09
1798.7358	1240.44	1216.62
1799.2457	1238.49	1216.63
1799.7316	1236.54	1216.27
1800.1632	1237.15	1214.86
1800.6164	1238.12	1215.26
1801.1343	1237.43	1216.17
1801.6147	1237.20	1215.41
1802.0564	1235.81	1214.20
1802.5417	1235.94	1213.73
1802.9828	1237.88	1214.39
1803.4223	1236.53	1214.42
1803.7691	1238.29	1214.31
1804.2359	1238.32	1214.33
1804.6799	1236.97	1213.94
1805.1673	1234.25	1213.49
1805.6167	1234.66	1213.19
1806.1135	1235.20	1212.12
1806.5514	1234.43	1212.52
1806.9997	1235.96	1212.98
1807.4356	1234.07	1211.99
1807.7744	1236.94	1212.48
1808.2315	1234.11	1211.37
1808.6715	1233.35	1210.81
1809.1150	1232.50	1211.50
1809.5509	1234.67	1212.02
1809.9788	1234.41	1213.05
1810.4463	1233.73	1211.44
1810.7828	1231.92	1211.18
1811.2766	1234.11	1211.10
1811.7024	1235.34	1211.63
1812.1694	1231.58	1211.28
1812.6027	1234.05	1210.25
1813.0561	1234.25	1210.80
1813.5017	1232.66	1209.64
1813.9901	1233.22	1210.50
1814.4257	1235.09	1212.55
1814.7574	1232.99	1210.45
1815.2316	1233.74	1210.29
1815.6370	1232.94	1210.68
1816.0883	1233.16	1210.50
1816.5367	1231.64	1210.28
1816.9809	1231.68	1210.27
1817.4197	1235.16	1210.47
1817.7671	1232.46	1210.82
1818.2376	1232.52	1210.89
1818.7258	1232.74	1210.60
1819.1744	1233.22	1210.56
1819.6087	1231.26	1209.94
1820.0492	1231.49	1208.70
1820.4998	1232.91	1210.80
1820.9235	1231.20	1209.26
1821.2605	1232.30	1209.94
1821.7024	1232.54	1209.32
1822.1453	1232.32	1210.50
1822.6157	1231.34	1208.71
1823.1038	1233.18	1209.71
1823.5331	1231.68	1209.35
1823.9919	1232.53	1209.12
1824.5750	1232.18	1209.50
1825.0480	1231.44	1210.18
1825.4947	1231.69	1208.86
1825.9291	1231.85	1209.46
1826.2635	1231.65	1209.11
1826.7016	1231.30	1208.30
1827.1659	1231.78	1210.06
1827.6128	1233.89	1209.21
1828.0386	1231.29	1207.84
